1.973371567794358e-16
 6.569539363905478e-16
 7.11749927116527e-16
 4.791452777347816e-15
 3.801278461787591e-15
 3.801278461787591e-15
 4.791452777347816e-15
 7.11749927116527e-16
 6.569539363905478e-16
 1.973371567794358e-16
 1.8447462795615627e-15
 2.472017375683682e-15
 1.5863573543423333e-14
 5.2330296874763226e-15
 1.6249373333975144e-14
 1.6249373333975144e-14
 5.2330296874763226e-15
 1.5863573543423333e-14
 2.472017375683682e-15
 1.8447462795615627e-15
 7.496721850881651e-15
 2.385185487161802e-14
 1.3048733134865629e-14
 5.9161266922729e-14
 4.0720919203870304e-14
 4.0720919203870304e-14
 5.9161266922729e-14
 1.3048733134865629e-14
 2.385185487161802e-14
 7.496721850881651e-15
 1.3522218623150152e-14
 1.917935855434965e-14
 1.6408246560507128e-13
 1.0077441675191909e-13
 1.414940078081281e-13
 1.414940078081281e-13
 1.0077441675191909e-13
 1.6408246560507128e-13
 1.917935855434965e-14
 1.3522218623150152e-14
 5.6328409276350244e-14
 1.6935961639173713e-13
 1.258469240275617e-13
 4.249848899445102e-13
 4.553570519781613e-13
 4.553570519781613e-13
 4.249848899445102e-13
 1.258469240275617e-13
 1.6935961639173713e-13
 5.6328409276350244e-14
 2.0407173130163048e-13
 3.089720319870981e-13
 4.795306946664413e-13
 8.996236915137512e-13
 1.8367462498863896e-12
 1.8367462498863896e-12
 8.996236915137512e-13
 4.795306946664413e-13
 3.089720319870981e-13
 2.0407173130163048e-13
 1.7133730957456794e-13
 2.248127899118213e-12
 1.424820548004413e-12
 2.5141882933205073e-12
 1.7355398085783236e-05
 1.7355398085783236e-05
 2.5141882933205073e-12
 1.424820548004413e-12
 2.248127899118213e-12
 1.7133730957456794e-13
 1.0888710723008788e-12
 7.848977544300251e-13
 7.492176519008353e-05
 0.00018433657533023506
 0.0001100427471101284
 0.0001100427471101284
 0.00018433657533023506
 7.492176519008353e-05
 7.848977544300251e-13
 1.0888710723008788e-12
 4.334926514970583e-13
 4.8736805183580145e-05
 0.00027183760539628565
 0.0009175887098535895
 0.0002778162597678602
 0.0002778162597678602
 0.0009175887098535895
 0.00027183760539628565
 4.8736805183580145e-05
 4.334926514970583e-13
 4.39413997810334e-06
 0.00027729591238312423
 0.0007877788739278913
 0.0021921261213719845
 0.010913516394793987
 0.010913516394793987
 0.0021921261213719845
 0.0007877788739278913
 0.00027729591238312423
 4.39413997810334e-06
 4.39413997810334e-06
 0.00027729591238312423
 0.0007877788739278913
 0.0021921261213719845
 0.010913516394793987
 0.010913516394793987
 0.0021921261213719845
 0.0007877788739278913
 0.00027729591238312423
 4.39413997810334e-06
 4.334926514970583e-13
 4.8736805183580145e-05
 0.00027183760539628565
 0.0009175887098535895
 0.0002778162597678602
 0.0002778162597678602
 0.0009175887098535895
 0.00027183760539628565
 4.8736805183580145e-05
 4.334926514970583e-13
 1.0888710723008788e-12
 7.848977544300251e-13
 7.492176519008353e-05
 0.00018433657533023506
 0.0001100427471101284
 0.0001100427471101284
 0.00018433657533023506
 7.492176519008353e-05
 7.848977544300251e-13
 1.0888710723008788e-12
 1.7133730957456794e-13
 2.248127899118213e-12
 1.424820548004413e-12
 2.5141882933205073e-12
 1.7355398085783236e-05
 1.7355398085783236e-05
 2.5141882933205073e-12
 1.424820548004413e-12
 2.248127899118213e-12
 1.7133730957456794e-13
 2.0407173130163048e-13
 3.089720319870981e-13
 4.795306946664413e-13
 8.996236915137512e-13
 1.8367462498863896e-12
 1.8367462498863896e-12
 8.996236915137512e-13
 4.795306946664413e-13
 3.089720319870981e-13
 2.0407173130163048e-13
 5.6328409276350244e-14
 1.6935961639173713e-13
 1.258469240275617e-13
 4.249848899445102e-13
 4.553570519781613e-13
 4.553570519781613e-13
 4.249848899445102e-13
 1.258469240275617e-13
 1.6935961639173713e-13
 5.6328409276350244e-14
 1.3522218623150152e-14
 1.917935855434965e-14
 1.6408246560507128e-13
 1.0077441675191909e-13
 1.414940078081281e-13
 1.414940078081281e-13
 1.0077441675191909e-13
 1.6408246560507128e-13
 1.917935855434965e-14
 1.3522218623150152e-14
 7.496721850881651e-15
 2.385185487161802e-14
 1.3048733134865629e-14
 5.9161266922729e-14
 4.0720919203870304e-14
 4.0720919203870304e-14
 5.9161266922729e-14
 1.3048733134865629e-14
 2.385185487161802e-14
 7.496721850881651e-15
 1.8447462795615627e-15
 2.472017375683682e-15
 1.5863573543423333e-14
 5.2330296874763226e-15
 1.6249373333975144e-14
 1.6249373333975144e-14
 5.2330296874763226e-15
 1.5863573543423333e-14
 2.472017375683682e-15
 1.8447462795615627e-15
 1.973371567794358e-16
 6.569539363905478e-16
 7.11749927116527e-16
 4.791452777347816e-15
 3.801278461787591e-15
 3.801278461787591e-15
 4.791452777347816e-15
 7.11749927116527e-16
 6.569539363905478e-16
 1.973371567794358e-16
 4.627744919686965e-16
 1.795736953233429e-15
 1.3983787628416228e-15
 6.709963344637493e-15
 6.636373969212987e-15
 6.636373969212987e-15
 6.709963344637493e-15
 1.3983787628416228e-15
 1.795736953233429e-15
 4.627744919686965e-16
 8.185155502059109e-15
 6.186531711585173e-15
 2.1224678847689242e-14
 1.2646183267781864e-14
 2.9940998546576156e-14
 2.9940998546576156e-14
 1.2646183267781864e-14
 2.1224678847689242e-14
 6.186531711585173e-15
 8.185155502059109e-15
 1.7180955415958474e-14
 3.88248528921005e-14
 2.305698221325564e-14
 6.056561366795873e-14
 4.632769794415785e-14
 4.632769794415785e-14
 6.056561366795873e-14
 2.305698221325564e-14
 3.88248528921005e-14
 1.7180955415958474e-14
 8.186918347028935e-14
 5.575470708491133e-14
 1.3820777747079738e-13
 1.5176941192511506e-13
 1.9272601635249298e-13
 1.9272601635249298e-13
 1.5176941192511506e-13
 1.3820777747079738e-13
 5.575470708491133e-14
 8.186918347028935e-14
 9.473620347401346e-14
 1.4653202425312511e-13
 1.872428942581092e-13
 4.2631005604983063e-13
 9.216041558374188e-13
 9.216041558374188e-13
 4.2631005604983063e-13
 1.872428942581092e-13
 1.4653202425312511e-13
 9.473620347401346e-14
 3.001088960674636e-13
 3.559346827691767e-13
 2.3007843460293165e-13
 8.832200379046973e-13
 1.0203346414300318e-12
 1.0203346414300318e-12
 8.832200379046973e-13
 2.3007843460293165e-13
 3.559346827691767e-13
 3.001088960674636e-13
 1.835801069537471e-13
 8.62474859326251e-13
 1.9545747399069002e-12
 4.218003442184315e-13
 5.660641545546241e-05
 5.660641545546241e-05
 4.218003442184315e-13
 1.9545747399069002e-12
 8.62474859326251e-13
 1.835801069537471e-13
 3.086933107136064e-13
 1.1899845258483976e-12
 1.4552256288880017e-06
 0.00016186825814656913
 8.24274102342315e-05
 8.24274102342315e-05
 0.00016186825814656913
 1.4552256288880017e-06
 1.1899845258483976e-12
 3.086933107136064e-13
 2.351791504595635e-12
 7.769801413815003e-06
 7.541789818787947e-05
 0.00010282540461048484
 0.0014760094927623868
 0.0014760094927623868
 0.00010282540461048484
 7.541789818787947e-05
 7.769801413815003e-06
 2.351791504595635e-12
 2.3250407675534657e-12
 8.538545807823539e-05
 0.00022674624051433057
 0.0010903484653681517
 0.0025717143435031176
 0.0025717143435031176
 0.0010903484653681517
 0.00022674624051433057
 8.538545807823539e-05
 2.3250407675534657e-12
 2.3250407675534657e-12
 8.538545807823539e-05
 0.00022674624051433057
 0.0010903484653681517
 0.0025717143435031176
 0.0025717143435031176
 0.0010903484653681517
 0.00022674624051433057
 8.538545807823539e-05
 2.3250407675534657e-12
 2.351791504595635e-12
 7.769801413815003e-06
 7.541789818787947e-05
 0.00010282540461048484
 0.0014760094927623868
 0.0014760094927623868
 0.00010282540461048484
 7.541789818787947e-05
 7.769801413815003e-06
 2.351791504595635e-12
 3.086933107136064e-13
 1.1899845258483976e-12
 1.4552256288880017e-06
 0.00016186825814656913
 8.24274102342315e-05
 8.24274102342315e-05
 0.00016186825814656913
 1.4552256288880017e-06
 1.1899845258483976e-12
 3.086933107136064e-13
 1.835801069537471e-13
 8.62474859326251e-13
 1.9545747399069002e-12
 4.218003442184315e-13
 5.660641545546241e-05
 5.660641545546241e-05
 4.218003442184315e-13
 1.9545747399069002e-12
 8.62474859326251e-13
 1.835801069537471e-13
 3.001088960674636e-13
 3.559346827691767e-13
 2.3007843460293165e-13
 8.832200379046973e-13
 1.0203346414300318e-12
 1.0203346414300318e-12
 8.832200379046973e-13
 2.3007843460293165e-13
 3.559346827691767e-13
 3.001088960674636e-13
 9.473620347401346e-14
 1.4653202425312511e-13
 1.872428942581092e-13
 4.2631005604983063e-13
 9.216041558374188e-13
 9.216041558374188e-13
 4.2631005604983063e-13
 1.872428942581092e-13
 1.4653202425312511e-13
 9.473620347401346e-14
 8.186918347028935e-14
 5.575470708491133e-14
 1.3820777747079738e-13
 1.5176941192511506e-13
 1.9272601635249298e-13
 1.9272601635249298e-13
 1.5176941192511506e-13
 1.3820777747079738e-13
 5.575470708491133e-14
 8.186918347028935e-14
 1.7180955415958474e-14
 3.88248528921005e-14
 2.305698221325564e-14
 6.056561366795873e-14
 4.632769794415785e-14
 4.632769794415785e-14
 6.056561366795873e-14
 2.305698221325564e-14
 3.88248528921005e-14
 1.7180955415958474e-14
 8.185155502059109e-15
 6.186531711585173e-15
 2.1224678847689242e-14
 1.2646183267781864e-14
 2.9940998546576156e-14
 2.9940998546576156e-14
 1.2646183267781864e-14
 2.1224678847689242e-14
 6.186531711585173e-15
 8.185155502059109e-15
 4.627744919686965e-16
 1.795736953233429e-15
 1.3983787628416228e-15
 6.709963344637493e-15
 6.636373969212987e-15
 6.636373969212987e-15
 6.709963344637493e-15
 1.3983787628416228e-15
 1.795736953233429e-15
 4.627744919686965e-16
 4.2067802386925365e-15
 4.9990398004126375e-15
 8.754710620188268e-15
 9.30898187581717e-15
 1.3560362210830908e-14
 1.3560362210830908e-14
 9.30898187581717e-15
 8.754710620188268e-15
 4.9990398004126375e-15
 4.2067802386925365e-15
 2.3413539038336442e-14
 2.6462207127148432e-14
 2.2843140275391818e-14
 3.6883199267109465e-14
 5.057879367610131e-14
 5.057879367610131e-14
 3.6883199267109465e-14
 2.2843140275391818e-14
 2.6462207127148432e-14
 2.3413539038336442e-14
 6.08613772443492e-14
 6.118505902668117e-14
 1.022829214446068e-13
 1.0043250004429863e-13
 1.166760373212672e-13
 1.166760373212672e-13
 1.0043250004429863e-13
 1.022829214446068e-13
 6.118505902668117e-14
 6.08613772443492e-14
 1.0807726377260254e-13
 1.4129927154542254e-13
 1.5341273715795134e-13
 2.3012172137466813e-13
 2.970400889232977e-13
 2.970400889232977e-13
 2.3012172137466813e-13
 1.5341273715795134e-13
 1.4129927154542254e-13
 1.0807726377260254e-13
 2.142988342118332e-13
 2.0957889557918913e-13
 3.12849464216558e-13
 5.208808102723228e-13
 5.380204745261685e-13
 5.380204745261685e-13
 5.208808102723228e-13
 3.12849464216558e-13
 2.0957889557918913e-13
 2.142988342118332e-13
 2.9584350919563407e-13
 3.9357265276679376e-13
 4.659422804184632e-13
 6.531189976864693e-13
 2.0958415124922025e-12
 2.0958415124922025e-12
 6.531189976864693e-13
 4.659422804184632e-13
 3.9357265276679376e-13
 2.9584350919563407e-13
 2.4773320330892523e-13
 5.059150255844191e-13
 6.244117094038326e-13
 5.950508640516217e-13
 6.74640032229945e-05
 6.74640032229945e-05
 5.950508640516217e-13
 6.244117094038326e-13
 5.059150255844191e-13
 2.4773320330892523e-13
 7.601143022298307e-13
 3.2511173657726045e-13
 1.2794226398812891e-12
 0.00010292325168848038
 0.0003908490762114525
 0.0003908490762114525
 0.00010292325168848038
 1.2794226398812891e-12
 3.2511173657726045e-13
 7.601143022298307e-13
 3.913143680617237e-13
 3.834473970981689e-13
 3.2591578928986564e-05
 0.0002983083832077682
 0.0004279609420336783
 0.0004279609420336783
 0.0002983083832077682
 3.2591578928986564e-05
 3.834473970981689e-13
 3.913143680617237e-13
 5.910308592364799e-13
 2.83951321762288e-05
 0.00010389863746240735
 0.0003891547676175833
 0.0012017139233648777
 0.0012017139233648777
 0.0003891547676175833
 0.00010389863746240735
 2.83951321762288e-05
 5.910308592364799e-13
 5.910308592364799e-13
 2.83951321762288e-05
 0.00010389863746240735
 0.0003891547676175833
 0.0012017139233648777
 0.0012017139233648777
 0.0003891547676175833
 0.00010389863746240735
 2.83951321762288e-05
 5.910308592364799e-13
 3.913143680617237e-13
 3.834473970981689e-13
 3.2591578928986564e-05
 0.0002983083832077682
 0.0004279609420336783
 0.0004279609420336783
 0.0002983083832077682
 3.2591578928986564e-05
 3.834473970981689e-13
 3.913143680617237e-13
 7.601143022298307e-13
 3.2511173657726045e-13
 1.2794226398812891e-12
 0.00010292325168848038
 0.0003908490762114525
 0.0003908490762114525
 0.00010292325168848038
 1.2794226398812891e-12
 3.2511173657726045e-13
 7.601143022298307e-13
 2.4773320330892523e-13
 5.059150255844191e-13
 6.244117094038326e-13
 5.950508640516217e-13
 6.74640032229945e-05
 6.74640032229945e-05
 5.950508640516217e-13
 6.244117094038326e-13
 5.059150255844191e-13
 2.4773320330892523e-13
 2.9584350919563407e-13
 3.9357265276679376e-13
 4.659422804184632e-13
 6.531189976864693e-13
 2.0958415124922025e-12
 2.0958415124922025e-12
 6.531189976864693e-13
 4.659422804184632e-13
 3.9357265276679376e-13
 2.9584350919563407e-13
 2.142988342118332e-13
 2.0957889557918913e-13
 3.12849464216558e-13
 5.208808102723228e-13
 5.380204745261685e-13
 5.380204745261685e-13
 5.208808102723228e-13
 3.12849464216558e-13
 2.0957889557918913e-13
 2.142988342118332e-13
 1.0807726377260254e-13
 1.4129927154542254e-13
 1.5341273715795134e-13
 2.3012172137466813e-13
 2.970400889232977e-13
 2.970400889232977e-13
 2.3012172137466813e-13
 1.5341273715795134e-13
 1.4129927154542254e-13
 1.0807726377260254e-13
 6.08613772443492e-14
 6.118505902668117e-14
 1.022829214446068e-13
 1.0043250004429863e-13
 1.166760373212672e-13
 1.166760373212672e-13
 1.0043250004429863e-13
 1.022829214446068e-13
 6.118505902668117e-14
 6.08613772443492e-14
 2.3413539038336442e-14
 2.6462207127148432e-14
 2.2843140275391818e-14
 3.6883199267109465e-14
 5.057879367610131e-14
 5.057879367610131e-14
 3.6883199267109465e-14
 2.2843140275391818e-14
 2.6462207127148432e-14
 2.3413539038336442e-14
 4.2067802386925365e-15
 4.9990398004126375e-15
 8.754710620188268e-15
 9.30898187581717e-15
 1.3560362210830908e-14
 1.3560362210830908e-14
 9.30898187581717e-15
 8.754710620188268e-15
 4.9990398004126375e-15
 4.2067802386925365e-15
 1.699575166204132e-14
 1.642775169640332e-14
 2.2206667860363676e-14
 2.3998430535008587e-14
 3.7884676813834325e-14
 3.7884676813834325e-14
 2.3998430535008587e-14
 2.2206667860363676e-14
 1.642775169640332e-14
 1.699575166204132e-14
 5.0034568231226845e-14
 5.518433203888923e-14
 6.525281617125733e-14
 6.798743832454532e-14
 4.4448826401217306e-14
 4.4448826401217306e-14
 6.798743832454532e-14
 6.525281617125733e-14
 5.518433203888923e-14
 5.0034568231226845e-14
 1.1239638641460589e-13
 1.075369787249987e-13
 1.1708665178904176e-13
 1.4846439778514603e-13
 2.702428396079287e-13
 2.702428396079287e-13
 1.4846439778514603e-13
 1.1708665178904176e-13
 1.075369787249987e-13
 1.1239638641460589e-13
 1.577530152948453e-13
 1.90004723109663e-13
 2.531719137718186e-13
 3.262848975379984e-13
 2.341962615590859e-13
 2.341962615590859e-13
 3.262848975379984e-13
 2.531719137718186e-13
 1.90004723109663e-13
 1.577530152948453e-13
 2.788167103879441e-13
 2.843184943122218e-13
 4.159579581816675e-13
 4.676813407031299e-13
 7.898163460057228e-13
 7.898163460057228e-13
 4.676813407031299e-13
 4.159579581816675e-13
 2.843184943122218e-13
 2.788167103879441e-13
 2.7125849309805883e-13
 3.953369478570251e-13
 4.366413914463907e-13
 8.855637577409592e-13
 7.327530509443347e-13
 7.327530509443347e-13
 8.855637577409592e-13
 4.366413914463907e-13
 3.953369478570251e-13
 2.7125849309805883e-13
 5.326846819544984e-13
 2.3926674985914886e-13
 9.08090876799994e-13
 1.7065496151630333e-12
 0.00021198144531808794
 0.00021198144531808794
 1.7065496151630333e-12
 9.08090876799994e-13
 2.3926674985914886e-13
 5.326846819544984e-13
 2.559850389386581e-13
 6.488050114522581e-13
 4.128168618576511e-13
 0.00025857239961624146
 0.0002474331413395703
 0.0002474331413395703
 0.00025857239961624146
 4.128168618576511e-13
 6.488050114522581e-13
 2.559850389386581e-13
 2.36330893006384e-13
 8.157159301323824e-13
 2.5216248104698025e-05
 0.00012218853225931525
 0.00044145193533040583
 0.00044145193533040583
 0.00012218853225931525
 2.5216248104698025e-05
 8.157159301323824e-13
 2.36330893006384e-13
 1.7058399235259786e-13
 4.60955221475573e-13
 6.904302426846698e-05
 0.00023772944405209273
 0.0005548527697101235
 0.0005548527697101235
 0.00023772944405209273
 6.904302426846698e-05
 4.60955221475573e-13
 1.7058399235259786e-13
 1.7058399235259786e-13
 4.60955221475573e-13
 6.904302426846698e-05
 0.00023772944405209273
 0.0005548527697101235
 0.0005548527697101235
 0.00023772944405209273
 6.904302426846698e-05
 4.60955221475573e-13
 1.7058399235259786e-13
 2.36330893006384e-13
 8.157159301323824e-13
 2.5216248104698025e-05
 0.00012218853225931525
 0.00044145193533040583
 0.00044145193533040583
 0.00012218853225931525
 2.5216248104698025e-05
 8.157159301323824e-13
 2.36330893006384e-13
 2.559850389386581e-13
 6.488050114522581e-13
 4.128168618576511e-13
 0.00025857239961624146
 0.0002474331413395703
 0.0002474331413395703
 0.00025857239961624146
 4.128168618576511e-13
 6.488050114522581e-13
 2.559850389386581e-13
 5.326846819544984e-13
 2.3926674985914886e-13
 9.08090876799994e-13
 1.7065496151630333e-12
 0.00021198144531808794
 0.00021198144531808794
 1.7065496151630333e-12
 9.08090876799994e-13
 2.3926674985914886e-13
 5.326846819544984e-13
 2.7125849309805883e-13
 3.953369478570251e-13
 4.366413914463907e-13
 8.855637577409592e-13
 7.327530509443347e-13
 7.327530509443347e-13
 8.855637577409592e-13
 4.366413914463907e-13
 3.953369478570251e-13
 2.7125849309805883e-13
 2.788167103879441e-13
 2.843184943122218e-13
 4.159579581816675e-13
 4.676813407031299e-13
 7.898163460057228e-13
 7.898163460057228e-13
 4.676813407031299e-13
 4.159579581816675e-13
 2.843184943122218e-13
 2.788167103879441e-13
 1.577530152948453e-13
 1.90004723109663e-13
 2.531719137718186e-13
 3.262848975379984e-13
 2.341962615590859e-13
 2.341962615590859e-13
 3.262848975379984e-13
 2.531719137718186e-13
 1.90004723109663e-13
 1.577530152948453e-13
 1.1239638641460589e-13
 1.075369787249987e-13
 1.1708665178904176e-13
 1.4846439778514603e-13
 2.702428396079287e-13
 2.702428396079287e-13
 1.4846439778514603e-13
 1.1708665178904176e-13
 1.075369787249987e-13
 1.1239638641460589e-13
 5.0034568231226845e-14
 5.518433203888923e-14
 6.525281617125733e-14
 6.798743832454532e-14
 4.4448826401217306e-14
 4.4448826401217306e-14
 6.798743832454532e-14
 6.525281617125733e-14
 5.518433203888923e-14
 5.0034568231226845e-14
 1.699575166204132e-14
 1.642775169640332e-14
 2.2206667860363676e-14
 2.3998430535008587e-14
 3.7884676813834325e-14
 3.7884676813834325e-14
 2.3998430535008587e-14
 2.2206667860363676e-14
 1.642775169640332e-14
 1.699575166204132e-14
 3.990898730195022e-14
 4.230439986491717e-14
 4.0291605636752145e-14
 5.1676128247401046e-14
 4.449166255142585e-14
 4.449166255142585e-14
 5.1676128247401046e-14
 4.0291605636752145e-14
 4.230439986491717e-14
 3.990898730195022e-14
 9.349930497806053e-14
 8.16186988871273e-14
 1.0288815020234252e-13
 1.0549915975544e-13
 1.7327811277847993e-13
 1.7327811277847993e-13
 1.0549915975544e-13
 1.0288815020234252e-13
 8.16186988871273e-14
 9.349930497806053e-14
 1.3307875580594736e-13
 1.5269026548778847e-13
 1.649182364022589e-13
 2.1587236392981574e-13
 1.2197373373910164e-13
 1.2197373373910164e-13
 2.1587236392981574e-13
 1.649182364022589e-13
 1.5269026548778847e-13
 1.3307875580594736e-13
 2.384467677560981e-13
 2.2935288650910435e-13
 2.6163411172806794e-13
 2.461093666101394e-13
 6.283805398764331e-13
 6.283805398764331e-13
 2.461093666101394e-13
 2.6163411172806794e-13
 2.2935288650910435e-13
 2.384467677560981e-13
 2.4071535238180675e-13
 2.69184929338126e-13
 4.2435857345451966e-13
 8.484412174561418e-13
 4.1131076951479717e-13
 4.1131076951479717e-13
 8.484412174561418e-13
 4.2435857345451966e-13
 2.69184929338126e-13
 2.4071535238180675e-13
 3.4121693643328344e-13
 4.572496895005607e-13
 3.406292988557963e-13
 5.200079733133633e-13
 6.229555066239456e-12
 6.229555066239456e-12
 5.200079733133633e-13
 3.406292988557963e-13
 4.572496895005607e-13
 3.4121693643328344e-13
 2.717359215247128e-13
 6.116548782221509e-13
 1.177452775037724e-13
 7.35494977561757e-05
 0.0004406901716720313
 0.0004406901716720313
 7.35494977561757e-05
 1.177452775037724e-13
 6.116548782221509e-13
 2.717359215247128e-13
 3.07642637493305e-13
 2.938214992490029e-13
 1.3879689498424996e-12
 0.0002528236072976142
 0.0003183951193932444
 0.0003183951193932444
 0.0002528236072976142
 1.3879689498424996e-12
 2.938214992490029e-13
 3.07642637493305e-13
 1.5339160876811503e-13
 3.8071824338958837e-13
 1.2207496298544118e-12
 0.00015457587142009288
 0.0002190876693930477
 0.0002190876693930477
 0.00015457587142009288
 1.2207496298544118e-12
 3.8071824338958837e-13
 1.5339160876811503e-13
 1.9281141082610337e-13
 3.3587612942656553e-13
 6.281914550175516e-13
 0.0002075711527140811
 0.00035211004433222115
 0.00035211004433222115
 0.0002075711527140811
 6.281914550175516e-13
 3.3587612942656553e-13
 1.9281141082610337e-13
 1.9281141082610337e-13
 3.3587612942656553e-13
 6.281914550175516e-13
 0.0002075711527140811
 0.00035211004433222115
 0.00035211004433222115
 0.0002075711527140811
 6.281914550175516e-13
 3.3587612942656553e-13
 1.9281141082610337e-13
 1.5339160876811503e-13
 3.8071824338958837e-13
 1.2207496298544118e-12
 0.00015457587142009288
 0.0002190876693930477
 0.0002190876693930477
 0.00015457587142009288
 1.2207496298544118e-12
 3.8071824338958837e-13
 1.5339160876811503e-13
 3.07642637493305e-13
 2.938214992490029e-13
 1.3879689498424996e-12
 0.0002528236072976142
 0.0003183951193932444
 0.0003183951193932444
 0.0002528236072976142
 1.3879689498424996e-12
 2.938214992490029e-13
 3.07642637493305e-13
 2.717359215247128e-13
 6.116548782221509e-13
 1.177452775037724e-13
 7.35494977561757e-05
 0.0004406901716720313
 0.0004406901716720313
 7.35494977561757e-05
 1.177452775037724e-13
 6.116548782221509e-13
 2.717359215247128e-13
 3.4121693643328344e-13
 4.572496895005607e-13
 3.406292988557963e-13
 5.200079733133633e-13
 6.229555066239456e-12
 6.229555066239456e-12
 5.200079733133633e-13
 3.406292988557963e-13
 4.572496895005607e-13
 3.4121693643328344e-13
 2.4071535238180675e-13
 2.69184929338126e-13
 4.2435857345451966e-13
 8.484412174561418e-13
 4.1131076951479717e-13
 4.1131076951479717e-13
 8.484412174561418e-13
 4.2435857345451966e-13
 2.69184929338126e-13
 2.4071535238180675e-13
 2.384467677560981e-13
 2.2935288650910435e-13
 2.6163411172806794e-13
 2.461093666101394e-13
 6.283805398764331e-13
 6.283805398764331e-13
 2.461093666101394e-13
 2.6163411172806794e-13
 2.2935288650910435e-13
 2.384467677560981e-13
 1.3307875580594736e-13
 1.5269026548778847e-13
 1.649182364022589e-13
 2.1587236392981574e-13
 1.2197373373910164e-13
 1.2197373373910164e-13
 2.1587236392981574e-13
 1.649182364022589e-13
 1.5269026548778847e-13
 1.3307875580594736e-13
 9.349930497806053e-14
 8.16186988871273e-14
 1.0288815020234252e-13
 1.0549915975544e-13
 1.7327811277847993e-13
 1.7327811277847993e-13
 1.0549915975544e-13
 1.0288815020234252e-13
 8.16186988871273e-14
 9.349930497806053e-14
 3.990898730195022e-14
 4.230439986491717e-14
 4.0291605636752145e-14
 5.1676128247401046e-14
 4.449166255142585e-14
 4.449166255142585e-14
 5.1676128247401046e-14
 4.0291605636752145e-14
 4.230439986491717e-14
 3.990898730195022e-14
 7.811794559744317e-14
 7.75235927427502e-14
 9.143099959866424e-14
 8.307907177962023e-14
 9.40313433128899e-14
 9.40313433128899e-14
 8.307907177962023e-14
 9.143099959866424e-14
 7.75235927427502e-14
 7.811794559744317e-14
 1.1184956227264925e-13
 1.2410012524988884e-13
 1.0753215402533114e-13
 1.3615725300702985e-13
 1.2041641284359778e-13
 1.2041641284359778e-13
 1.3615725300702985e-13
 1.0753215402533114e-13
 1.2410012524988884e-13
 1.1184956227264925e-13
 1.944698335741915e-13
 1.64729029570633e-13
 2.2849980913473844e-13
 2.1261832084448068e-13
 2.95191009223178e-13
 2.95191009223178e-13
 2.1261832084448068e-13
 2.2849980913473844e-13
 1.64729029570633e-13
 1.944698335741915e-13
 2.0727647029317176e-13
 2.527450091664024e-13
 2.363011587618036e-13
 4.1948297049496097e-13
 3.9745870440352493e-13
 3.9745870440352493e-13
 4.1948297049496097e-13
 2.363011587618036e-13
 2.527450091664024e-13
 2.0727647029317176e-13
 3.2504251026854725e-13
 2.768361982794648e-13
 4.1088952986573224e-13
 2.878350498485699e-13
 2.8577463203997844e-13
 2.8577463203997844e-13
 2.878350498485699e-13
 4.1088952986573224e-13
 2.768361982794648e-13
 3.2504251026854725e-13
 3.4582083832841726e-13
 3.1259031279227967e-13
 4.833610183115067e-13
 8.541298636248473e-13
 2.460299219819717e-05
 2.460299219819717e-05
 8.541298636248473e-13
 4.833610183115067e-13
 3.1259031279227967e-13
 3.4582083832841726e-13
 3.2542593836684675e-13
 2.8775278600873255e-13
 5.856001447646086e-13
 0.0002262826747028157
 0.00043003528844565153
 0.00043003528844565153
 0.0002262826747028157
 5.856001447646086e-13
 2.8775278600873255e-13
 3.2542593836684675e-13
 2.2866685758446414e-13
 4.8285296117348e-13
 2.961124455445191e-13
 0.00022493266442324966
 0.0002251302939839661
 0.0002251302939839661
 0.00022493266442324966
 2.961124455445191e-13
 4.8285296117348e-13
 2.2866685758446414e-13
 1.3425446464179064e-13
 1.807430073663685e-13
 2.51442855252193e-13
 0.0001469370472477749
 0.00018391839694231749
 0.00018391839694231749
 0.0001469370472477749
 2.51442855252193e-13
 1.807430073663685e-13
 1.3425446464179064e-13
 1.7493400120398989e-13
 9.449321343836872e-14
 2.852928125945259e-13
 0.00012561859330162406
 0.00019675353541970253
 0.00019675353541970253
 0.00012561859330162406
 2.852928125945259e-13
 9.449321343836872e-14
 1.7493400120398989e-13
 1.7493400120398989e-13
 9.449321343836872e-14
 2.852928125945259e-13
 0.00012561859330162406
 0.00019675353541970253
 0.00019675353541970253
 0.00012561859330162406
 2.852928125945259e-13
 9.449321343836872e-14
 1.7493400120398989e-13
 1.3425446464179064e-13
 1.807430073663685e-13
 2.51442855252193e-13
 0.0001469370472477749
 0.00018391839694231749
 0.00018391839694231749
 0.0001469370472477749
 2.51442855252193e-13
 1.807430073663685e-13
 1.3425446464179064e-13
 2.2866685758446414e-13
 4.8285296117348e-13
 2.961124455445191e-13
 0.00022493266442324966
 0.0002251302939839661
 0.0002251302939839661
 0.00022493266442324966
 2.961124455445191e-13
 4.8285296117348e-13
 2.2866685758446414e-13
 3.2542593836684675e-13
 2.8775278600873255e-13
 5.856001447646086e-13
 0.0002262826747028157
 0.00043003528844565153
 0.00043003528844565153
 0.0002262826747028157
 5.856001447646086e-13
 2.8775278600873255e-13
 3.2542593836684675e-13
 3.4582083832841726e-13
 3.1259031279227967e-13
 4.833610183115067e-13
 8.541298636248473e-13
 2.460299219819717e-05
 2.460299219819717e-05
 8.541298636248473e-13
 4.833610183115067e-13
 3.1259031279227967e-13
 3.4582083832841726e-13
 3.2504251026854725e-13
 2.768361982794648e-13
 4.1088952986573224e-13
 2.878350498485699e-13
 2.8577463203997844e-13
 2.8577463203997844e-13
 2.878350498485699e-13
 4.1088952986573224e-13
 2.768361982794648e-13
 3.2504251026854725e-13
 2.0727647029317176e-13
 2.527450091664024e-13
 2.363011587618036e-13
 4.1948297049496097e-13
 3.9745870440352493e-13
 3.9745870440352493e-13
 4.1948297049496097e-13
 2.363011587618036e-13
 2.527450091664024e-13
 2.0727647029317176e-13
 1.944698335741915e-13
 1.64729029570633e-13
 2.2849980913473844e-13
 2.1261832084448068e-13
 2.95191009223178e-13
 2.95191009223178e-13
 2.1261832084448068e-13
 2.2849980913473844e-13
 1.64729029570633e-13
 1.944698335741915e-13
 1.1184956227264925e-13
 1.2410012524988884e-13
 1.0753215402533114e-13
 1.3615725300702985e-13
 1.2041641284359778e-13
 1.2041641284359778e-13
 1.3615725300702985e-13
 1.0753215402533114e-13
 1.2410012524988884e-13
 1.1184956227264925e-13
 7.811794559744317e-14
 7.75235927427502e-14
 9.143099959866424e-14
 8.307907177962023e-14
 9.40313433128899e-14
 9.40313433128899e-14
 8.307907177962023e-14
 9.143099959866424e-14
 7.75235927427502e-14
 7.811794559744317e-14
 1.1532330537571134e-13
 1.1864707621326437e-13
 1.2459224461598e-13
 1.5086388627065517e-13
 1.525990027699195e-13
 1.525990027699195e-13
 1.5086388627065517e-13
 1.2459224461598e-13
 1.1864707621326437e-13
 1.1532330537571134e-13
 1.4951264510308648e-13
 1.4425572823946464e-13
 1.6478954160438486e-13
 1.4920066592795378e-13
 1.564667856000443e-13
 1.564667856000443e-13
 1.4920066592795378e-13
 1.6478954160438486e-13
 1.4425572823946464e-13
 1.4951264510308648e-13
 1.8651248080703287e-13
 1.9845793574040788e-13
 1.87708410013393e-13
 2.3556257313685214e-13
 2.4175442463886254e-13
 2.4175442463886254e-13
 2.3556257313685214e-13
 1.87708410013393e-13
 1.9845793574040788e-13
 1.8651248080703287e-13
 2.584276922231593e-13
 2.460285935482892e-13
 2.824726401135652e-13
 2.9802522212227234e-13
 3.09439377333548e-13
 3.09439377333548e-13
 2.9802522212227234e-13
 2.824726401135652e-13
 2.460285935482892e-13
 2.584276922231593e-13
 2.5129131089353385e-13
 2.939668094451703e-13
 3.6936193036421483e-13
 3.5583642694729523e-13
 3.5195078188637874e-13
 3.5195078188637874e-13
 3.5583642694729523e-13
 3.6936193036421483e-13
 2.939668094451703e-13
 2.5129131089353385e-13
 3.661336641855306e-13
 2.167874305633935e-13
 1.0238576479693062e-12
 2.0278691920116998e-12
 0.0001897735201055184
 0.0001897735201055184
 2.0278691920116998e-12
 1.0238576479693062e-12
 2.167874305633935e-13
 3.661336641855306e-13
 2.7351628991215127e-13
 3.4217770218843147e-13
 3.007388988448406e-13
 0.0003252910100854933
 0.0004079712962266058
 0.0004079712962266058
 0.0003252910100854933
 3.007388988448406e-13
 3.4217770218843147e-13
 2.7351628991215127e-13
 2.415218090627558e-13
 2.0406580884726327e-13
 2.6027685323844196e-13
 0.0001833436544984579
 0.00020495666831266135
 0.00020495666831266135
 0.0001833436544984579
 2.6027685323844196e-13
 2.0406580884726327e-13
 2.415218090627558e-13
 1.5953212329725824e-13
 1.7714094893619275e-13
 2.163708394311431e-13
 0.00011615908442763612
 0.0001717919367365539
 0.0001717919367365539
 0.00011615908442763612
 2.163708394311431e-13
 1.7714094893619275e-13
 1.5953212329725824e-13
 8.562755674868319e-14
 1.6168616196344382e-13
 1.4320348292601315e-13
 0.0001067173361661844
 0.00012650787539314479
 0.00012650787539314479
 0.0001067173361661844
 1.4320348292601315e-13
 1.6168616196344382e-13
 8.562755674868319e-14
 8.562755674868319e-14
 1.6168616196344382e-13
 1.4320348292601315e-13
 0.0001067173361661844
 0.00012650787539314479
 0.00012650787539314479
 0.0001067173361661844
 1.4320348292601315e-13
 1.6168616196344382e-13
 8.562755674868319e-14
 1.5953212329725824e-13
 1.7714094893619275e-13
 2.163708394311431e-13
 0.00011615908442763612
 0.0001717919367365539
 0.0001717919367365539
 0.00011615908442763612
 2.163708394311431e-13
 1.7714094893619275e-13
 1.5953212329725824e-13
 2.415218090627558e-13
 2.0406580884726327e-13
 2.6027685323844196e-13
 0.0001833436544984579
 0.00020495666831266135
 0.00020495666831266135
 0.0001833436544984579
 2.6027685323844196e-13
 2.0406580884726327e-13
 2.415218090627558e-13
 2.7351628991215127e-13
 3.4217770218843147e-13
 3.007388988448406e-13
 0.0003252910100854933
 0.0004079712962266058
 0.0004079712962266058
 0.0003252910100854933
 3.007388988448406e-13
 3.4217770218843147e-13
 2.7351628991215127e-13
 3.661336641855306e-13
 2.167874305633935e-13
 1.0238576479693062e-12
 2.0278691920116998e-12
 0.0001897735201055184
 0.0001897735201055184
 2.0278691920116998e-12
 1.0238576479693062e-12
 2.167874305633935e-13
 3.661336641855306e-13
 2.5129131089353385e-13
 2.939668094451703e-13
 3.6936193036421483e-13
 3.5583642694729523e-13
 3.5195078188637874e-13
 3.5195078188637874e-13
 3.5583642694729523e-13
 3.6936193036421483e-13
 2.939668094451703e-13
 2.5129131089353385e-13
 2.584276922231593e-13
 2.460285935482892e-13
 2.824726401135652e-13
 2.9802522212227234e-13
 3.09439377333548e-13
 3.09439377333548e-13
 2.9802522212227234e-13
 2.824726401135652e-13
 2.460285935482892e-13
 2.584276922231593e-13
 1.8651248080703287e-13
 1.9845793574040788e-13
 1.87708410013393e-13
 2.3556257313685214e-13
 2.4175442463886254e-13
 2.4175442463886254e-13
 2.3556257313685214e-13
 1.87708410013393e-13
 1.9845793574040788e-13
 1.8651248080703287e-13
 1.4951264510308648e-13
 1.4425572823946464e-13
 1.6478954160438486e-13
 1.4920066592795378e-13
 1.564667856000443e-13
 1.564667856000443e-13
 1.4920066592795378e-13
 1.6478954160438486e-13
 1.4425572823946464e-13
 1.4951264510308648e-13
 1.1532330537571134e-13
 1.1864707621326437e-13
 1.2459224461598e-13
 1.5086388627065517e-13
 1.525990027699195e-13
 1.525990027699195e-13
 1.5086388627065517e-13
 1.2459224461598e-13
 1.1864707621326437e-13
 1.1532330537571134e-13
 1.542077690585078e-13
 1.64599467411021e-13
 1.7110426031759218e-13
 1.6677414657606526e-13
 1.8548174335417805e-13
 1.8548174335417805e-13
 1.6677414657606526e-13
 1.7110426031759218e-13
 1.64599467411021e-13
 1.542077690585078e-13
 1.64727118664304e-13
 1.6922940371082162e-13
 1.7412231324755861e-13
 2.1551412997949937e-13
 1.970581629730933e-13
 1.970581629730933e-13
 2.1551412997949937e-13
 1.7412231324755861e-13
 1.6922940371082162e-13
 1.64727118664304e-13
 2.0116812946349705e-13
 2.1246375427226571e-13
 2.1828829163076519e-13
 1.7106170538232213e-13
 2.0211458374996827e-13
 2.0211458374996827e-13
 1.7106170538232213e-13
 2.1828829163076519e-13
 2.1246375427226571e-13
 2.0116812946349705e-13
 2.546525544686734e-13
 2.2779437299121075e-13
 2.6990909507418337e-13
 4.041900006964555e-13
 2.399742730918586e-13
 2.399742730918586e-13
 4.041900006964555e-13
 2.6990909507418337e-13
 2.2779437299121075e-13
 2.546525544686734e-13
 2.7753773129517156e-13
 3.3881946727432055e-13
 2.2962136207206607e-13
 2.1700588374862217e-13
 8.533897330118001e-13
 8.533897330118001e-13
 2.1700588374862217e-13
 2.2962136207206607e-13
 3.3881946727432055e-13
 2.7753773129517156e-13
 2.3940891586901603e-13
 4.0550432478005105e-13
 1.5316437354528922e-13
 5.886085637030192e-05
 0.00029958283994346857
 0.00029958283994346857
 5.886085637030192e-05
 1.5316437354528922e-13
 4.0550432478005105e-13
 2.3940891586901603e-13
 2.626036866258674e-13
 1.9899992840643338e-13
 3.561599528755649e-13
 0.0003150206175632775
 0.00025933419237844646
 0.00025933419237844646
 0.0003150206175632775
 3.561599528755649e-13
 1.9899992840643338e-13
 2.626036866258674e-13
 2.1549458723534032e-13
 2.1803178294928227e-13
 1.7685482798287383e-13
 0.00016116270853672177
 0.0002544049930293113
 0.0002544049930293113
 0.00016116270853672177
 1.7685482798287383e-13
 2.1803178294928227e-13
 2.1549458723534032e-13
 1.3376130173110845e-13
 1.1499567303171337e-13
 1.4248755712646666e-13
 0.0001532400056021288
 0.0001312350359512493
 0.0001312350359512493
 0.0001532400056021288
 1.4248755712646666e-13
 1.1499567303171337e-13
 1.3376130173110845e-13
 1.2964000532800224e-13
 1.2890349323970568e-13
 1.7178455652324537e-13
 0.00012191694258945063
 0.00011314029688946903
 0.00011314029688946903
 0.00012191694258945063
 1.7178455652324537e-13
 1.2890349323970568e-13
 1.2964000532800224e-13
 1.2964000532800224e-13
 1.2890349323970568e-13
 1.7178455652324537e-13
 0.00012191694258945063
 0.00011314029688946903
 0.00011314029688946903
 0.00012191694258945063
 1.7178455652324537e-13
 1.2890349323970568e-13
 1.2964000532800224e-13
 1.3376130173110845e-13
 1.1499567303171337e-13
 1.4248755712646666e-13
 0.0001532400056021288
 0.0001312350359512493
 0.0001312350359512493
 0.0001532400056021288
 1.4248755712646666e-13
 1.1499567303171337e-13
 1.3376130173110845e-13
 2.1549458723534032e-13
 2.1803178294928227e-13
 1.7685482798287383e-13
 0.00016116270853672177
 0.0002544049930293113
 0.0002544049930293113
 0.00016116270853672177
 1.7685482798287383e-13
 2.1803178294928227e-13
 2.1549458723534032e-13
 2.626036866258674e-13
 1.9899992840643338e-13
 3.561599528755649e-13
 0.0003150206175632775
 0.00025933419237844646
 0.00025933419237844646
 0.0003150206175632775
 3.561599528755649e-13
 1.9899992840643338e-13
 2.626036866258674e-13
 2.3940891586901603e-13
 4.0550432478005105e-13
 1.5316437354528922e-13
 5.886085637030192e-05
 0.00029958283994346857
 0.00029958283994346857
 5.886085637030192e-05
 1.5316437354528922e-13
 4.0550432478005105e-13
 2.3940891586901603e-13
 2.7753773129517156e-13
 3.3881946727432055e-13
 2.2962136207206607e-13
 2.1700588374862217e-13
 8.533897330118001e-13
 8.533897330118001e-13
 2.1700588374862217e-13
 2.2962136207206607e-13
 3.3881946727432055e-13
 2.7753773129517156e-13
 2.546525544686734e-13
 2.2779437299121075e-13
 2.6990909507418337e-13
 4.041900006964555e-13
 2.399742730918586e-13
 2.399742730918586e-13
 4.041900006964555e-13
 2.6990909507418337e-13
 2.2779437299121075e-13
 2.546525544686734e-13
 2.0116812946349705e-13
 2.1246375427226571e-13
 2.1828829163076519e-13
 1.7106170538232213e-13
 2.0211458374996827e-13
 2.0211458374996827e-13
 1.7106170538232213e-13
 2.1828829163076519e-13
 2.1246375427226571e-13
 2.0116812946349705e-13
 1.64727118664304e-13
 1.6922940371082162e-13
 1.7412231324755861e-13
 2.1551412997949937e-13
 1.970581629730933e-13
 1.970581629730933e-13
 2.1551412997949937e-13
 1.7412231324755861e-13
 1.6922940371082162e-13
 1.64727118664304e-13
 1.542077690585078e-13
 1.64599467411021e-13
 1.7110426031759218e-13
 1.6677414657606526e-13
 1.8548174335417805e-13
 1.8548174335417805e-13
 1.6677414657606526e-13
 1.7110426031759218e-13
 1.64599467411021e-13
 1.542077690585078e-13
 1.848138070532912e-13
 1.935047445628807e-13
 2.1657007513286447e-13
 2.3556062157294166e-13
 2.2331570999952616e-13
 2.2331570999952616e-13
 2.3556062157294166e-13
 2.1657007513286447e-13
 1.935047445628807e-13
 1.848138070532912e-13
 1.839865201381033e-13
 1.9419315873230036e-13
 1.985069823361857e-13
 2.1986897708308611e-13
 2.783860110749242e-13
 2.783860110749242e-13
 2.1986897708308611e-13
 1.985069823361857e-13
 1.9419315873230036e-13
 1.839865201381033e-13
 2.0121023716537095e-13
 1.9994680282124644e-13
 2.4211643974425545e-13
 2.803307716167658e-13
 1.9206190186426414e-13
 1.9206190186426414e-13
 2.803307716167658e-13
 2.4211643974425545e-13
 1.9994680282124644e-13
 2.0121023716537095e-13
 2.1768472983386966e-13
 2.3779995984504754e-13
 2.487418365899885e-13
 3.2561819451708274e-13
 4.636800925855722e-13
 4.636800925855722e-13
 3.2561819451708274e-13
 2.487418365899885e-13
 2.3779995984504754e-13
 2.1768472983386966e-13
 2.390607514463766e-13
 3.377101929265963e-13
 1.2904181033186052e-13
 9.210595610861794e-13
 1.919143446590943e-12
 1.919143446590943e-12
 9.210595610861794e-13
 1.2904181033186052e-13
 3.377101929265963e-13
 2.390607514463766e-13
 2.785983249653512e-13
 2.64858285043551e-13
 1.8833426571746026e-13
 0.00018674803141038865
 0.00035437638871371746
 0.00035437638871371746
 0.00018674803141038865
 1.8833426571746026e-13
 2.64858285043551e-13
 2.785983249653512e-13
 2.3553844963851434e-13
 2.5153758741701393e-13
 2.197385475617361e-13
 0.0002402462559984997
 0.00024379254318773746
 0.00024379254318773746
 0.0002402462559984997
 2.197385475617361e-13
 2.5153758741701393e-13
 2.3553844963851434e-13
 1.8631800204234328e-13
 1.6722383297963078e-13
 1.9525838736676737e-13
 0.0001778223377186805
 0.00016807204519864172
 0.00016807204519864172
 0.0001778223377186805
 1.9525838736676737e-13
 1.6722383297963078e-13
 1.8631800204234328e-13
 1.491293660825857e-13
 1.3993747295919928e-13
 1.546627409476642e-13
 0.00012437000987119973
 0.00017052401381079108
 0.00017052401381079108
 0.00012437000987119973
 1.546627409476642e-13
 1.3993747295919928e-13
 1.491293660825857e-13
 1.1863258856173453e-13
 1.5693403607880407e-13
 2.1170139751468253e-13
 6.747096631443128e-05
 0.0001612742489669472
 0.0001612742489669472
 6.747096631443128e-05
 2.1170139751468253e-13
 1.5693403607880407e-13
 1.1863258856173453e-13
 1.1863258856173453e-13
 1.5693403607880407e-13
 2.1170139751468253e-13
 6.747096631443128e-05
 0.0001612742489669472
 0.0001612742489669472
 6.747096631443128e-05
 2.1170139751468253e-13
 1.5693403607880407e-13
 1.1863258856173453e-13
 1.491293660825857e-13
 1.3993747295919928e-13
 1.546627409476642e-13
 0.00012437000987119973
 0.00017052401381079108
 0.00017052401381079108
 0.00012437000987119973
 1.546627409476642e-13
 1.3993747295919928e-13
 1.491293660825857e-13
 1.8631800204234328e-13
 1.6722383297963078e-13
 1.9525838736676737e-13
 0.0001778223377186805
 0.00016807204519864172
 0.00016807204519864172
 0.0001778223377186805
 1.9525838736676737e-13
 1.6722383297963078e-13
 1.8631800204234328e-13
 2.3553844963851434e-13
 2.5153758741701393e-13
 2.197385475617361e-13
 0.0002402462559984997
 0.00024379254318773746
 0.00024379254318773746
 0.0002402462559984997
 2.197385475617361e-13
 2.5153758741701393e-13
 2.3553844963851434e-13
 2.785983249653512e-13
 2.64858285043551e-13
 1.8833426571746026e-13
 0.00018674803141038865
 0.00035437638871371746
 0.00035437638871371746
 0.00018674803141038865
 1.8833426571746026e-13
 2.64858285043551e-13
 2.785983249653512e-13
 2.390607514463766e-13
 3.377101929265963e-13
 1.2904181033186052e-13
 9.210595610861794e-13
 1.919143446590943e-12
 1.919143446590943e-12
 9.210595610861794e-13
 1.2904181033186052e-13
 3.377101929265963e-13
 2.390607514463766e-13
 2.1768472983386966e-13
 2.3779995984504754e-13
 2.487418365899885e-13
 3.2561819451708274e-13
 4.636800925855722e-13
 4.636800925855722e-13
 3.2561819451708274e-13
 2.487418365899885e-13
 2.3779995984504754e-13
 2.1768472983386966e-13
 2.0121023716537095e-13
 1.9994680282124644e-13
 2.4211643974425545e-13
 2.803307716167658e-13
 1.9206190186426414e-13
 1.9206190186426414e-13
 2.803307716167658e-13
 2.4211643974425545e-13
 1.9994680282124644e-13
 2.0121023716537095e-13
 1.839865201381033e-13
 1.9419315873230036e-13
 1.985069823361857e-13
 2.1986897708308611e-13
 2.783860110749242e-13
 2.783860110749242e-13
 2.1986897708308611e-13
 1.985069823361857e-13
 1.9419315873230036e-13
 1.839865201381033e-13
 1.848138070532912e-13
 1.935047445628807e-13
 2.1657007513286447e-13
 2.3556062157294166e-13
 2.2331570999952616e-13
 2.2331570999952616e-13
 2.3556062157294166e-13
 2.1657007513286447e-13
 1.935047445628807e-13
 1.848138070532912e-13
 2.080658643424313e-13
 2.2841052508583426e-13
 2.4242175107602737e-13
 2.672497097754023e-13
 2.827519305931975e-13
 2.827519305931975e-13
 2.672497097754023e-13
 2.4242175107602737e-13
 2.2841052508583426e-13
 2.080658643424313e-13
 2.0182473585168142e-13
 2.0959727280601276e-13
 2.3353308219523083e-13
 2.5379031558595e-13
 2.3578185302623733e-13
 2.3578185302623733e-13
 2.5379031558595e-13
 2.3353308219523083e-13
 2.0959727280601276e-13
 2.0182473585168142e-13
 1.990562256042397e-13
 2.2218156676447054e-13
 2.199020181442926e-13
 3.315703018137023e-13
 4.880876518925659e-13
 4.880876518925659e-13
 3.315703018137023e-13
 2.199020181442926e-13
 2.2218156676447054e-13
 1.990562256042397e-13
 2.2526484800763913e-13
 2.0513659401786427e-13
 3.5075515083561604e-13
 3.396239723913591e-13
 1.8132334013171852e-13
 1.8132334013171852e-13
 3.396239723913591e-13
 3.5075515083561604e-13
 2.0513659401786427e-13
 2.2526484800763913e-13
 2.309751511147401e-13
 1.7980631089944965e-13
 5.734310595806313e-13
 4.624259417225496e-13
 7.238291436806321e-05
 7.238291436806321e-05
 4.624259417225496e-13
 5.734310595806313e-13
 1.7980631089944965e-13
 2.309751511147401e-13
 2.1228536235731038e-13
 2.600748121635993e-13
 2.509632042110854e-13
 0.00021387106971815228
 0.0003714767226483673
 0.0003714767226483673
 0.00021387106971815228
 2.509632042110854e-13
 2.600748121635993e-13
 2.1228536235731038e-13
 2.2420242474629343e-13
 2.014949622083928e-13
 2.0546097375534478e-13
 0.00023740845790598541
 0.0002299760963069275
 0.0002299760963069275
 0.00023740845790598541
 2.0546097375534478e-13
 2.014949622083928e-13
 2.2420242474629343e-13
 1.9269160648604372e-13
 1.961207753272895e-13
 2.0142898850619706e-13
 0.000194967957213521
 0.00020451094314921647
 0.00020451094314921647
 0.000194967957213521
 2.0142898850619706e-13
 1.961207753272895e-13
 1.9269160648604372e-13
 1.5280338843196017e-13
 1.5737598398936348e-13
 1.7396927811091228e-13
 0.00016905540542211384
 0.00019052631978411227
 0.00019052631978411227
 0.00016905540542211384
 1.7396927811091228e-13
 1.5737598398936348e-13
 1.5280338843196017e-13
 1.6677651826831758e-13
 1.361429550908802e-13
 2.3583923442621613e-13
 1.2184729137124095e-12
 6.939801824046299e-05
 6.939801824046299e-05
 1.2184729137124095e-12
 2.3583923442621613e-13
 1.361429550908802e-13
 1.6677651826831758e-13
 1.6677651826831758e-13
 1.361429550908802e-13
 2.3583923442621613e-13
 1.2184729137124095e-12
 6.939801824046299e-05
 6.939801824046299e-05
 1.2184729137124095e-12
 2.3583923442621613e-13
 1.361429550908802e-13
 1.6677651826831758e-13
 1.5280338843196017e-13
 1.5737598398936348e-13
 1.7396927811091228e-13
 0.00016905540542211384
 0.00019052631978411227
 0.00019052631978411227
 0.00016905540542211384
 1.7396927811091228e-13
 1.5737598398936348e-13
 1.5280338843196017e-13
 1.9269160648604372e-13
 1.961207753272895e-13
 2.0142898850619706e-13
 0.000194967957213521
 0.00020451094314921647
 0.00020451094314921647
 0.000194967957213521
 2.0142898850619706e-13
 1.961207753272895e-13
 1.9269160648604372e-13
 2.2420242474629343e-13
 2.014949622083928e-13
 2.0546097375534478e-13
 0.00023740845790598541
 0.0002299760963069275
 0.0002299760963069275
 0.00023740845790598541
 2.0546097375534478e-13
 2.014949622083928e-13
 2.2420242474629343e-13
 2.1228536235731038e-13
 2.600748121635993e-13
 2.509632042110854e-13
 0.00021387106971815228
 0.0003714767226483673
 0.0003714767226483673
 0.00021387106971815228
 2.509632042110854e-13
 2.600748121635993e-13
 2.1228536235731038e-13
 2.309751511147401e-13
 1.7980631089944965e-13
 5.734310595806313e-13
 4.624259417225496e-13
 7.238291436806321e-05
 7.238291436806321e-05
 4.624259417225496e-13
 5.734310595806313e-13
 1.7980631089944965e-13
 2.309751511147401e-13
 2.2526484800763913e-13
 2.0513659401786427e-13
 3.5075515083561604e-13
 3.396239723913591e-13
 1.8132334013171852e-13
 1.8132334013171852e-13
 3.396239723913591e-13
 3.5075515083561604e-13
 2.0513659401786427e-13
 2.2526484800763913e-13
 1.990562256042397e-13
 2.2218156676447054e-13
 2.199020181442926e-13
 3.315703018137023e-13
 4.880876518925659e-13
 4.880876518925659e-13
 3.315703018137023e-13
 2.199020181442926e-13
 2.2218156676447054e-13
 1.990562256042397e-13
 2.0182473585168142e-13
 2.0959727280601276e-13
 2.3353308219523083e-13
 2.5379031558595e-13
 2.3578185302623733e-13
 2.3578185302623733e-13
 2.5379031558595e-13
 2.3353308219523083e-13
 2.0959727280601276e-13
 2.0182473585168142e-13
 2.080658643424313e-13
 2.2841052508583426e-13
 2.4242175107602737e-13
 2.672497097754023e-13
 2.827519305931975e-13
 2.827519305931975e-13
 2.672497097754023e-13
 2.4242175107602737e-13
 2.2841052508583426e-13
 2.080658643424313e-13
 2.2861768901594193e-13
 2.5425554673816353e-13
 2.6639381347538793e-13
 2.567833641033135e-13
 2.7149414444024855e-13
 2.7149414444024855e-13
 2.567833641033135e-13
 2.6639381347538793e-13
 2.5425554673816353e-13
 2.2861768901594193e-13
 2.1729234351512e-13
 2.276844077858664e-13
 2.788660957969008e-13
 3.3532573419370326e-13
 2.8811415059282197e-13
 2.8811415059282197e-13
 3.3532573419370326e-13
 2.788660957969008e-13
 2.276844077858664e-13
 2.1729234351512e-13
 2.195854717675083e-13
 2.5621966028878396e-13
 2.0677138115859223e-13
 2.4371889055518903e-13
 4.658048577931007e-13
 4.658048577931007e-13
 2.4371889055518903e-13
 2.0677138115859223e-13
 2.5621966028878396e-13
 2.195854717675083e-13
 2.289430038777962e-13
 2.4369417074565636e-13
 3.778406895086489e-13
 4.424688425982287e-13
 2.4825866189182033e-13
 2.4825866189182033e-13
 4.424688425982287e-13
 3.778406895086489e-13
 2.4369417074565636e-13
 2.289430038777962e-13
 2.6588009138101e-13
 1.8606492215023085e-13
 6.595186636398909e-13
 2.571715626911719e-12
 0.0002405878622084856
 0.0002405878622084856
 2.571715626911719e-12
 6.595186636398909e-13
 1.8606492215023085e-13
 2.6588009138101e-13
 2.2545608771833842e-13
 2.1002195479697533e-13
 3.35154294725179e-13
 0.00033710795105434954
 0.00033563977922312915
 0.00033563977922312915
 0.00033710795105434954
 3.35154294725179e-13
 2.1002195479697533e-13
 2.2545608771833842e-13
 2.0660557954136488e-13
 2.1918651247308796e-13
 1.8164648658922783e-13
 0.00019507620891090482
 0.00025839233421720564
 0.00025839233421720564
 0.00019507620891090482
 1.8164648658922783e-13
 2.1918651247308796e-13
 2.0660557954136488e-13
 1.9030310910005815e-13
 1.823207112627151e-13
 2.33421165425976e-13
 0.00025833561085164547
 0.00022743199951946735
 0.00022743199951946735
 0.00025833561085164547
 2.33421165425976e-13
 1.823207112627151e-13
 1.9030310910005815e-13
 1.535207507993852e-13
 2.3421000382162216e-13
 1.7747240309284873e-13
 4.016242019133642e-05
 0.0002633068652357906
 0.0002633068652357906
 4.016242019133642e-05
 1.7747240309284873e-13
 2.3421000382162216e-13
 1.535207507993852e-13
 1.5807590425433865e-13
 2.0915745264221686e-13
 2.2831779869503244e-13
 4.426088130986966e-13
 2.0334764688073603e-12
 2.0334764688073603e-12
 4.426088130986966e-13
 2.2831779869503244e-13
 2.0915745264221686e-13
 1.5807590425433865e-13
 1.5807590425433865e-13
 2.0915745264221686e-13
 2.2831779869503244e-13
 4.426088130986966e-13
 2.0334764688073603e-12
 2.0334764688073603e-12
 4.426088130986966e-13
 2.2831779869503244e-13
 2.0915745264221686e-13
 1.5807590425433865e-13
 1.535207507993852e-13
 2.3421000382162216e-13
 1.7747240309284873e-13
 4.016242019133642e-05
 0.0002633068652357906
 0.0002633068652357906
 4.016242019133642e-05
 1.7747240309284873e-13
 2.3421000382162216e-13
 1.535207507993852e-13
 1.9030310910005815e-13
 1.823207112627151e-13
 2.33421165425976e-13
 0.00025833561085164547
 0.00022743199951946735
 0.00022743199951946735
 0.00025833561085164547
 2.33421165425976e-13
 1.823207112627151e-13
 1.9030310910005815e-13
 2.0660557954136488e-13
 2.1918651247308796e-13
 1.8164648658922783e-13
 0.00019507620891090482
 0.00025839233421720564
 0.00025839233421720564
 0.00019507620891090482
 1.8164648658922783e-13
 2.1918651247308796e-13
 2.0660557954136488e-13
 2.2545608771833842e-13
 2.1002195479697533e-13
 3.35154294725179e-13
 0.00033710795105434954
 0.00033563977922312915
 0.00033563977922312915
 0.00033710795105434954
 3.35154294725179e-13
 2.1002195479697533e-13
 2.2545608771833842e-13
 2.6588009138101e-13
 1.8606492215023085e-13
 6.595186636398909e-13
 2.571715626911719e-12
 0.0002405878622084856
 0.0002405878622084856
 2.571715626911719e-12
 6.595186636398909e-13
 1.8606492215023085e-13
 2.6588009138101e-13
 2.289430038777962e-13
 2.4369417074565636e-13
 3.778406895086489e-13
 4.424688425982287e-13
 2.4825866189182033e-13
 2.4825866189182033e-13
 4.424688425982287e-13
 3.778406895086489e-13
 2.4369417074565636e-13
 2.289430038777962e-13
 2.195854717675083e-13
 2.5621966028878396e-13
 2.0677138115859223e-13
 2.4371889055518903e-13
 4.658048577931007e-13
 4.658048577931007e-13
 2.4371889055518903e-13
 2.0677138115859223e-13
 2.5621966028878396e-13
 2.195854717675083e-13
 2.1729234351512e-13
 2.276844077858664e-13
 2.788660957969008e-13
 3.3532573419370326e-13
 2.8811415059282197e-13
 2.8811415059282197e-13
 3.3532573419370326e-13
 2.788660957969008e-13
 2.276844077858664e-13
 2.1729234351512e-13
 2.2861768901594193e-13
 2.5425554673816353e-13
 2.6639381347538793e-13
 2.567833641033135e-13
 2.7149414444024855e-13
 2.7149414444024855e-13
 2.567833641033135e-13
 2.6639381347538793e-13
 2.5425554673816353e-13
 2.2861768901594193e-13
 2.374001331888892e-13
 2.568850351620383e-13
 2.957676150435601e-13
 3.834028092838254e-13
 3.927207680148176e-13
 3.927207680148176e-13
 3.834028092838254e-13
 2.957676150435601e-13
 2.568850351620383e-13
 2.374001331888892e-13
 2.2704822505610622e-13
 2.6273221879341557e-13
 2.8196084247804343e-13
 2.477855973789106e-13
 2.6097800678338834e-13
 2.6097800678338834e-13
 2.477855973789106e-13
 2.8196084247804343e-13
 2.6273221879341557e-13
 2.2704822505610622e-13
 2.223449560318641e-13
 2.439662512808416e-13
 3.4093981435799614e-13
 5.267292678412527e-13
 4.209459386964043e-13
 4.209459386964043e-13
 5.267292678412527e-13
 3.4093981435799614e-13
 2.439662512808416e-13
 2.223449560318641e-13
 1.8904402511715074e-13
 4.0082501662382086e-13
 1.860998876702935e-13
 1.2058279721949283e-13
 2.2638186897988577e-12
 2.2638186897988577e-12
 1.2058279721949283e-13
 1.860998876702935e-13
 4.0082501662382086e-13
 1.8904402511715074e-13
 1.987725034482274e-13
 3.4350075409951553e-13
 3.249138154706732e-13
 4.1044102545129135e-05
 0.00031098347972147167
 0.00031098347972147167
 4.1044102545129135e-05
 3.249138154706732e-13
 3.4350075409951553e-13
 1.987725034482274e-13
 2.2627612403149783e-13
 2.4177033530574377e-13
 3.138279566772262e-13
 0.000326741166645661
 0.00026712921680882573
 0.00026712921680882573
 0.000326741166645661
 3.138279566772262e-13
 2.4177033530574377e-13
 2.2627612403149783e-13
 2.1590591998705416e-13
 2.0829932017522174e-13
 2.0666638973071416e-13
 0.00021613025455735624
 0.00022023572819307446
 0.00022023572819307446
 0.00021613025455735624
 2.0666638973071416e-13
 2.0829932017522174e-13
 2.1590591998705416e-13
 1.974808934001454e-13
 2.0513117300700184e-13
 3.101565228605385e-13
 0.0002329543058294803
 0.0003132943238597363
 0.0003132943238597363
 0.0002329543058294803
 3.101565228605385e-13
 2.0513117300700184e-13
 1.974808934001454e-13
 2.1059585011192622e-13
 1.3520442903279528e-13
 5.836493397956555e-13
 1.2913608984227443e-12
 5.992261867504567e-05
 5.992261867504567e-05
 1.2913608984227443e-12
 5.836493397956555e-13
 1.3520442903279528e-13
 2.1059585011192622e-13
 1.7768815932517334e-13
 2.4001479514805524e-13
 3.129827397686108e-13
 7.670343310159367e-13
 4.783972155052163e-13
 4.783972155052163e-13
 7.670343310159367e-13
 3.129827397686108e-13
 2.4001479514805524e-13
 1.7768815932517334e-13
 1.7768815932517334e-13
 2.4001479514805524e-13
 3.129827397686108e-13
 7.670343310159367e-13
 4.783972155052163e-13
 4.783972155052163e-13
 7.670343310159367e-13
 3.129827397686108e-13
 2.4001479514805524e-13
 1.7768815932517334e-13
 2.1059585011192622e-13
 1.3520442903279528e-13
 5.836493397956555e-13
 1.2913608984227443e-12
 5.992261867504567e-05
 5.992261867504567e-05
 1.2913608984227443e-12
 5.836493397956555e-13
 1.3520442903279528e-13
 2.1059585011192622e-13
 1.974808934001454e-13
 2.0513117300700184e-13
 3.101565228605385e-13
 0.0002329543058294803
 0.0003132943238597363
 0.0003132943238597363
 0.0002329543058294803
 3.101565228605385e-13
 2.0513117300700184e-13
 1.974808934001454e-13
 2.1590591998705416e-13
 2.0829932017522174e-13
 2.0666638973071416e-13
 0.00021613025455735624
 0.00022023572819307446
 0.00022023572819307446
 0.00021613025455735624
 2.0666638973071416e-13
 2.0829932017522174e-13
 2.1590591998705416e-13
 2.2627612403149783e-13
 2.4177033530574377e-13
 3.138279566772262e-13
 0.000326741166645661
 0.00026712921680882573
 0.00026712921680882573
 0.000326741166645661
 3.138279566772262e-13
 2.4177033530574377e-13
 2.2627612403149783e-13
 1.987725034482274e-13
 3.4350075409951553e-13
 3.249138154706732e-13
 4.1044102545129135e-05
 0.00031098347972147167
 0.00031098347972147167
 4.1044102545129135e-05
 3.249138154706732e-13
 3.4350075409951553e-13
 1.987725034482274e-13
 1.8904402511715074e-13
 4.0082501662382086e-13
 1.860998876702935e-13
 1.2058279721949283e-13
 2.2638186897988577e-12
 2.2638186897988577e-12
 1.2058279721949283e-13
 1.860998876702935e-13
 4.0082501662382086e-13
 1.8904402511715074e-13
 2.223449560318641e-13
 2.439662512808416e-13
 3.4093981435799614e-13
 5.267292678412527e-13
 4.209459386964043e-13
 4.209459386964043e-13
 5.267292678412527e-13
 3.4093981435799614e-13
 2.439662512808416e-13
 2.223449560318641e-13
 2.2704822505610622e-13
 2.6273221879341557e-13
 2.8196084247804343e-13
 2.477855973789106e-13
 2.6097800678338834e-13
 2.6097800678338834e-13
 2.477855973789106e-13
 2.8196084247804343e-13
 2.6273221879341557e-13
 2.2704822505610622e-13
 2.374001331888892e-13
 2.568850351620383e-13
 2.957676150435601e-13
 3.834028092838254e-13
 3.927207680148176e-13
 3.927207680148176e-13
 3.834028092838254e-13
 2.957676150435601e-13
 2.568850351620383e-13
 2.374001331888892e-13
 2.5634003383498416e-13
 2.7652969432530317e-13
 2.976710132725213e-13
 3.083521393949795e-13
 3.4859731746182676e-13
 3.4859731746182676e-13
 3.083521393949795e-13
 2.976710132725213e-13
 2.7652969432530317e-13
 2.5634003383498416e-13
 2.274316260493514e-13
 2.454693620677212e-13
 3.1244733363078314e-13
 3.9694351863621413e-13
 5.20351990662693e-13
 5.20351990662693e-13
 3.9694351863621413e-13
 3.1244733363078314e-13
 2.454693620677212e-13
 2.274316260493514e-13
 2.341068690899645e-13
 2.273407156971885e-13
 3.9319632619272404e-13
 4.731824741061041e-13
 2.7138065557784363e-13
 2.7138065557784363e-13
 4.731824741061041e-13
 3.9319632619272404e-13
 2.273407156971885e-13
 2.341068690899645e-13
 2.4563294107049494e-13
 2.6105690959649097e-13
 2.8948460924389796e-13
 3.331254543048612e-13
 5.4618052672594786e-05
 5.4618052672594786e-05
 3.331254543048612e-13
 2.8948460924389796e-13
 2.6105690959649097e-13
 2.4563294107049494e-13
 2.333063213108555e-13
 3.2741458199161966e-13
 1.962926078191013e-13
 0.00018562344484962523
 0.0003910997183993459
 0.0003910997183993459
 0.00018562344484962523
 1.962926078191013e-13
 3.2741458199161966e-13
 2.333063213108555e-13
 2.3456017401828066e-13
 2.4222361312900564e-13
 3.377090274092609e-13
 0.0003435834660194814
 0.00024988639052025974
 0.00024988639052025974
 0.0003435834660194814
 3.377090274092609e-13
 2.4222361312900564e-13
 2.3456017401828066e-13
 2.2594206778962789e-13
 2.6104641994047217e-13
 2.4863032639654836e-13
 0.0002837557112798095
 0.00026776676531881094
 0.00026776676531881094
 0.0002837557112798095
 2.4863032639654836e-13
 2.6104641994047217e-13
 2.2594206778962789e-13
 2.0489083249041612e-13
 2.6896684207113053e-13
 2.7261363739344846e-13
 0.0001371886901324615
 0.00024318567011505365
 0.00024318567011505365
 0.0001371886901324615
 2.7261363739344846e-13
 2.6896684207113053e-13
 2.0489083249041612e-13
 2.1298158278237195e-13
 2.1177996151460626e-13
 4.617272818425999e-13
 7.110065032393809e-13
 1.10106758779982e-12
 1.10106758779982e-12
 7.110065032393809e-13
 4.617272818425999e-13
 2.1177996151460626e-13
 2.1298158278237195e-13
 2.0518474614684978e-13
 2.368596855109595e-13
 2.572344735222304e-13
 2.4798896660141456e-13
 8.720136158296699e-13
 8.720136158296699e-13
 2.4798896660141456e-13
 2.572344735222304e-13
 2.368596855109595e-13
 2.0518474614684978e-13
 2.0518474614684978e-13
 2.368596855109595e-13
 2.572344735222304e-13
 2.4798896660141456e-13
 8.720136158296699e-13
 8.720136158296699e-13
 2.4798896660141456e-13
 2.572344735222304e-13
 2.368596855109595e-13
 2.0518474614684978e-13
 2.1298158278237195e-13
 2.1177996151460626e-13
 4.617272818425999e-13
 7.110065032393809e-13
 1.10106758779982e-12
 1.10106758779982e-12
 7.110065032393809e-13
 4.617272818425999e-13
 2.1177996151460626e-13
 2.1298158278237195e-13
 2.0489083249041612e-13
 2.6896684207113053e-13
 2.7261363739344846e-13
 0.0001371886901324615
 0.00024318567011505365
 0.00024318567011505365
 0.0001371886901324615
 2.7261363739344846e-13
 2.6896684207113053e-13
 2.0489083249041612e-13
 2.2594206778962789e-13
 2.6104641994047217e-13
 2.4863032639654836e-13
 0.0002837557112798095
 0.00026776676531881094
 0.00026776676531881094
 0.0002837557112798095
 2.4863032639654836e-13
 2.6104641994047217e-13
 2.2594206778962789e-13
 2.3456017401828066e-13
 2.4222361312900564e-13
 3.377090274092609e-13
 0.0003435834660194814
 0.00024988639052025974
 0.00024988639052025974
 0.0003435834660194814
 3.377090274092609e-13
 2.4222361312900564e-13
 2.3456017401828066e-13
 2.333063213108555e-13
 3.2741458199161966e-13
 1.962926078191013e-13
 0.00018562344484962523
 0.0003910997183993459
 0.0003910997183993459
 0.00018562344484962523
 1.962926078191013e-13
 3.2741458199161966e-13
 2.333063213108555e-13
 2.4563294107049494e-13
 2.6105690959649097e-13
 2.8948460924389796e-13
 3.331254543048612e-13
 5.4618052672594786e-05
 5.4618052672594786e-05
 3.331254543048612e-13
 2.8948460924389796e-13
 2.6105690959649097e-13
 2.4563294107049494e-13
 2.341068690899645e-13
 2.273407156971885e-13
 3.9319632619272404e-13
 4.731824741061041e-13
 2.7138065557784363e-13
 2.7138065557784363e-13
 4.731824741061041e-13
 3.9319632619272404e-13
 2.273407156971885e-13
 2.341068690899645e-13
 2.274316260493514e-13
 2.454693620677212e-13
 3.1244733363078314e-13
 3.9694351863621413e-13
 5.20351990662693e-13
 5.20351990662693e-13
 3.9694351863621413e-13
 3.1244733363078314e-13
 2.454693620677212e-13
 2.274316260493514e-13
 2.5634003383498416e-13
 2.7652969432530317e-13
 2.976710132725213e-13
 3.083521393949795e-13
 3.4859731746182676e-13
 3.4859731746182676e-13
 3.083521393949795e-13
 2.976710132725213e-13
 2.7652969432530317e-13
 2.5634003383498416e-13
 2.490837126400275e-13
 2.8237742005776667e-13
 3.285710462389013e-13
 3.7527514190789646e-13
 3.356348673381332e-13
 3.356348673381332e-13
 3.7527514190789646e-13
 3.285710462389013e-13
 2.8237742005776667e-13
 2.490837126400275e-13
 2.5091322249093384e-13
 3.0312904963913923e-13
 2.331223322021847e-13
 3.5333137782776747e-13
 5.87142313934752e-13
 5.87142313934752e-13
 3.5333137782776747e-13
 2.331223322021847e-13
 3.0312904963913923e-13
 2.5091322249093384e-13
 2.522364641373981e-13
 2.3263782935635524e-13
 3.3751354575756176e-13
 3.467135703972418e-13
 1.4605092309161183e-13
 1.4605092309161183e-13
 3.467135703972418e-13
 3.3751354575756176e-13
 2.3263782935635524e-13
 2.522364641373981e-13
 2.85373666971539e-13
 1.5689238916285347e-13
 5.811622342220824e-13
 1.6650491749259366e-12
 0.00019140983931720257
 0.00019140983931720257
 1.6650491749259366e-12
 5.811622342220824e-13
 1.5689238916285347e-13
 2.85373666971539e-13
 2.433223978207111e-13
 2.1022539178211508e-13
 3.27009605375142e-13
 0.00033770815934985876
 0.0003295006463304162
 0.0003295006463304162
 0.00033770815934985876
 3.27009605375142e-13
 2.1022539178211508e-13
 2.433223978207111e-13
 2.493852292641957e-13
 2.626809089256027e-13
 2.5698177310087833e-13
 0.00021930871298536658
 0.0003081645118072629
 0.0003081645118072629
 0.00021930871298536658
 2.5698177310087833e-13
 2.626809089256027e-13
 2.493852292641957e-13
 2.544444147566105e-13
 2.470464154427643e-13
 3.707959503676528e-13
 0.00032583659049123526
 0.0002814067411236465
 0.0002814067411236465
 0.00032583659049123526
 3.707959503676528e-13
 2.470464154427643e-13
 2.544444147566105e-13
 2.305193254163729e-13
 3.125677884921463e-13
 2.953906921582955e-13
 3.941605245927349e-05
 0.00017135505913756788
 0.00017135505913756788
 3.941605245927349e-05
 2.953906921582955e-13
 3.125677884921463e-13
 2.305193254163729e-13
 2.341064354090955e-13
 2.883891584738729e-13
 3.2991792349272575e-13
 5.31988136268785e-13
 1.0410239293864865e-12
 1.0410239293864865e-12
 5.31988136268785e-13
 3.2991792349272575e-13
 2.883891584738729e-13
 2.341064354090955e-13
 2.351729921912238e-13
 2.7951111477436674e-13
 2.8026550264598216e-13
 4.404471037021407e-13
 3.489625038585742e-13
 3.489625038585742e-13
 4.404471037021407e-13
 2.8026550264598216e-13
 2.7951111477436674e-13
 2.351729921912238e-13
 2.351729921912238e-13
 2.7951111477436674e-13
 2.8026550264598216e-13
 4.404471037021407e-13
 3.489625038585742e-13
 3.489625038585742e-13
 4.404471037021407e-13
 2.8026550264598216e-13
 2.7951111477436674e-13
 2.351729921912238e-13
 2.341064354090955e-13
 2.883891584738729e-13
 3.2991792349272575e-13
 5.31988136268785e-13
 1.0410239293864865e-12
 1.0410239293864865e-12
 5.31988136268785e-13
 3.2991792349272575e-13
 2.883891584738729e-13
 2.341064354090955e-13
 2.305193254163729e-13
 3.125677884921463e-13
 2.953906921582955e-13
 3.941605245927349e-05
 0.00017135505913756788
 0.00017135505913756788
 3.941605245927349e-05
 2.953906921582955e-13
 3.125677884921463e-13
 2.305193254163729e-13
 2.544444147566105e-13
 2.470464154427643e-13
 3.707959503676528e-13
 0.00032583659049123526
 0.0002814067411236465
 0.0002814067411236465
 0.00032583659049123526
 3.707959503676528e-13
 2.470464154427643e-13
 2.544444147566105e-13
 2.493852292641957e-13
 2.626809089256027e-13
 2.5698177310087833e-13
 0.00021930871298536658
 0.0003081645118072629
 0.0003081645118072629
 0.00021930871298536658
 2.5698177310087833e-13
 2.626809089256027e-13
 2.493852292641957e-13
 2.433223978207111e-13
 2.1022539178211508e-13
 3.27009605375142e-13
 0.00033770815934985876
 0.0003295006463304162
 0.0003295006463304162
 0.00033770815934985876
 3.27009605375142e-13
 2.1022539178211508e-13
 2.433223978207111e-13
 2.85373666971539e-13
 1.5689238916285347e-13
 5.811622342220824e-13
 1.6650491749259366e-12
 0.00019140983931720257
 0.00019140983931720257
 1.6650491749259366e-12
 5.811622342220824e-13
 1.5689238916285347e-13
 2.85373666971539e-13
 2.522364641373981e-13
 2.3263782935635524e-13
 3.3751354575756176e-13
 3.467135703972418e-13
 1.4605092309161183e-13
 1.4605092309161183e-13
 3.467135703972418e-13
 3.3751354575756176e-13
 2.3263782935635524e-13
 2.522364641373981e-13
 2.5091322249093384e-13
 3.0312904963913923e-13
 2.331223322021847e-13
 3.5333137782776747e-13
 5.87142313934752e-13
 5.87142313934752e-13
 3.5333137782776747e-13
 2.331223322021847e-13
 3.0312904963913923e-13
 2.5091322249093384e-13
 2.490837126400275e-13
 2.8237742005776667e-13
 3.285710462389013e-13
 3.7527514190789646e-13
 3.356348673381332e-13
 3.356348673381332e-13
 3.7527514190789646e-13
 3.285710462389013e-13
 2.8237742005776667e-13
 2.490837126400275e-13
 2.6202851737336386e-13
 2.854652007399511e-13
 3.699482940041493e-13
 3.633386180899173e-13
 3.5403385952037514e-13
 3.5403385952037514e-13
 3.633386180899173e-13
 3.699482940041493e-13
 2.854652007399511e-13
 2.6202851737336386e-13
 2.2928929805168807e-13
 2.797377401334705e-13
 3.7560698908783996e-13
 4.02218324835682e-13
 4.558214157686369e-13
 4.558214157686369e-13
 4.02218324835682e-13
 3.7560698908783996e-13
 2.797377401334705e-13
 2.2928929805168807e-13
 1.957626091396089e-13
 3.9276223874791516e-13
 2.403392155431172e-13
 1.854372097499432e-13
 2.053346642022502e-12
 2.053346642022502e-12
 1.854372097499432e-13
 2.403392155431172e-13
 3.9276223874791516e-13
 1.957626091396089e-13
 2.0338025426107353e-13
 3.4743608272498616e-13
 3.4590795397297647e-13
 4.82902760268189e-05
 0.0002743438526522368
 0.0002743438526522368
 4.82902760268189e-05
 3.4590795397297647e-13
 3.4743608272498616e-13
 2.0338025426107353e-13
 2.45889029623636e-13
 2.6496442843623735e-13
 3.593861861751757e-13
 0.0003222671221010387
 0.0002541520807426423
 0.0002541520807426423
 0.0003222671221010387
 3.593861861751757e-13
 2.6496442843623735e-13
 2.45889029623636e-13
 2.476134802840285e-13
 2.8068218864592265e-13
 2.6374264100806344e-13
 0.00028256684890948236
 0.00025786078185774386
 0.00025786078185774386
 0.00028256684890948236
 2.6374264100806344e-13
 2.8068218864592265e-13
 2.476134802840285e-13
 2.740280062325101e-13
 2.868788377425463e-13
 3.687165048109342e-13
 0.00024343309632968158
 0.0003411039069760591
 0.0003411039069760591
 0.00024343309632968158
 3.687165048109342e-13
 2.868788377425463e-13
 2.740280062325101e-13
 3.224097150280464e-13
 2.0811659145157646e-13
 5.941134086431821e-13
 1.5311247278729234e-12
 5.4185191402211785e-05
 5.4185191402211785e-05
 1.5311247278729234e-12
 5.941134086431821e-13
 2.0811659145157646e-13
 3.224097150280464e-13
 2.7139984595629663e-13
 3.581760268153017e-13
 3.228892576489367e-13
 5.298316581477114e-13
 7.127883352997522e-13
 7.127883352997522e-13
 5.298316581477114e-13
 3.228892576489367e-13
 3.581760268153017e-13
 2.7139984595629663e-13
 2.9030418477113407e-13
 3.097250646059979e-13
 5.180428568757334e-13
 5.215939984613838e-13
 5.451308350036543e-13
 5.451308350036543e-13
 5.215939984613838e-13
 5.180428568757334e-13
 3.097250646059979e-13
 2.9030418477113407e-13
 2.9030418477113407e-13
 3.097250646059979e-13
 5.180428568757334e-13
 5.215939984613838e-13
 5.451308350036543e-13
 5.451308350036543e-13
 5.215939984613838e-13
 5.180428568757334e-13
 3.097250646059979e-13
 2.9030418477113407e-13
 2.7139984595629663e-13
 3.581760268153017e-13
 3.228892576489367e-13
 5.298316581477114e-13
 7.127883352997522e-13
 7.127883352997522e-13
 5.298316581477114e-13
 3.228892576489367e-13
 3.581760268153017e-13
 2.7139984595629663e-13
 3.224097150280464e-13
 2.0811659145157646e-13
 5.941134086431821e-13
 1.5311247278729234e-12
 5.4185191402211785e-05
 5.4185191402211785e-05
 1.5311247278729234e-12
 5.941134086431821e-13
 2.0811659145157646e-13
 3.224097150280464e-13
 2.740280062325101e-13
 2.868788377425463e-13
 3.687165048109342e-13
 0.00024343309632968158
 0.0003411039069760591
 0.0003411039069760591
 0.00024343309632968158
 3.687165048109342e-13
 2.868788377425463e-13
 2.740280062325101e-13
 2.476134802840285e-13
 2.8068218864592265e-13
 2.6374264100806344e-13
 0.00028256684890948236
 0.00025786078185774386
 0.00025786078185774386
 0.00028256684890948236
 2.6374264100806344e-13
 2.8068218864592265e-13
 2.476134802840285e-13
 2.45889029623636e-13
 2.6496442843623735e-13
 3.593861861751757e-13
 0.0003222671221010387
 0.0002541520807426423
 0.0002541520807426423
 0.0003222671221010387
 3.593861861751757e-13
 2.6496442843623735e-13
 2.45889029623636e-13
 2.0338025426107353e-13
 3.4743608272498616e-13
 3.4590795397297647e-13
 4.82902760268189e-05
 0.0002743438526522368
 0.0002743438526522368
 4.82902760268189e-05
 3.4590795397297647e-13
 3.4743608272498616e-13
 2.0338025426107353e-13
 1.957626091396089e-13
 3.9276223874791516e-13
 2.403392155431172e-13
 1.854372097499432e-13
 2.053346642022502e-12
 2.053346642022502e-12
 1.854372097499432e-13
 2.403392155431172e-13
 3.9276223874791516e-13
 1.957626091396089e-13
 2.2928929805168807e-13
 2.797377401334705e-13
 3.7560698908783996e-13
 4.02218324835682e-13
 4.558214157686369e-13
 4.558214157686369e-13
 4.02218324835682e-13
 3.7560698908783996e-13
 2.797377401334705e-13
 2.2928929805168807e-13
 2.6202851737336386e-13
 2.854652007399511e-13
 3.699482940041493e-13
 3.633386180899173e-13
 3.5403385952037514e-13
 3.5403385952037514e-13
 3.633386180899173e-13
 3.699482940041493e-13
 2.854652007399511e-13
 2.6202851737336386e-13
 2.444034829119507e-13
 3.0932141613718156e-13
 2.940932003134278e-13
 3.6615111984050763e-13
 5.113004746155891e-13
 5.113004746155891e-13
 3.6615111984050763e-13
 2.940932003134278e-13
 3.0932141613718156e-13
 2.444034829119507e-13
 2.7111337263727164e-13
 2.5152650144980027e-13
 4.1515063413898046e-13
 6.997760118761243e-13
 2.823042364111239e-13
 2.823042364111239e-13
 6.997760118761243e-13
 4.1515063413898046e-13
 2.5152650144980027e-13
 2.7111337263727164e-13
 2.5901381191760497e-13
 2.919385111259387e-13
 3.1470255546471593e-13
 3.5813458318725844e-13
 4.804846321349032e-05
 4.804846321349032e-05
 3.5813458318725844e-13
 3.1470255546471593e-13
 2.919385111259387e-13
 2.5901381191760497e-13
 2.393431590072548e-13
 3.441384547123172e-13
 2.5736430673238553e-13
 0.00018845417071133852
 0.00033757640630938113
 0.00033757640630938113
 0.00018845417071133852
 2.5736430673238553e-13
 3.441384547123172e-13
 2.393431590072548e-13
 2.528635124638551e-13
 3.079842695978552e-13
 3.489911267959278e-13
 0.0002752253203652799
 0.0002656959695741534
 0.0002656959695741534
 0.0002752253203652799
 3.489911267959278e-13
 3.079842695978552e-13
 2.528635124638551e-13
 2.8080863372428877e-13
 3.076513382157392e-13
 4.1806778850426995e-13
 0.00036956026451662183
 0.00028003990883007646
 0.00028003990883007646
 0.00036956026451662183
 4.1806778850426995e-13
 3.076513382157392e-13
 2.8080863372428877e-13
 2.638322774226737e-13
 3.921676893815784e-13
 3.488517526066548e-13
 3.874471440212801e-05
 0.00031088298419490457
 0.00031088298419490457
 3.874471440212801e-05
 3.488517526066548e-13
 3.921676893815784e-13
 2.638322774226737e-13
 2.985737742114414e-13
 4.0513434078869037e-13
 3.4506783281457176e-13
 3.545659317365224e-13
 1.5757840995597738e-12
 1.5757840995597738e-12
 3.545659317365224e-13
 3.4506783281457176e-13
 4.0513434078869037e-13
 2.985737742114414e-13
 3.3747202081435557e-13
 3.7748504409101935e-13
 4.2939114178359994e-13
 6.557502479388744e-13
 8.263975441458182e-13
 8.263975441458182e-13
 6.557502479388744e-13
 4.2939114178359994e-13
 3.7748504409101935e-13
 3.3747202081435557e-13
 3.254265346780416e-13
 4.0452664547101225e-13
 4.85224219744923e-13
 6.410909129950237e-13
 6.435948237022704e-13
 6.435948237022704e-13
 6.410909129950237e-13
 4.85224219744923e-13
 4.0452664547101225e-13
 3.254265346780416e-13
 3.254265346780416e-13
 4.0452664547101225e-13
 4.85224219744923e-13
 6.410909129950237e-13
 6.435948237022704e-13
 6.435948237022704e-13
 6.410909129950237e-13
 4.85224219744923e-13
 4.0452664547101225e-13
 3.254265346780416e-13
 3.3747202081435557e-13
 3.7748504409101935e-13
 4.2939114178359994e-13
 6.557502479388744e-13
 8.263975441458182e-13
 8.263975441458182e-13
 6.557502479388744e-13
 4.2939114178359994e-13
 3.7748504409101935e-13
 3.3747202081435557e-13
 2.985737742114414e-13
 4.0513434078869037e-13
 3.4506783281457176e-13
 3.545659317365224e-13
 1.5757840995597738e-12
 1.5757840995597738e-12
 3.545659317365224e-13
 3.4506783281457176e-13
 4.0513434078869037e-13
 2.985737742114414e-13
 2.638322774226737e-13
 3.921676893815784e-13
 3.488517526066548e-13
 3.874471440212801e-05
 0.00031088298419490457
 0.00031088298419490457
 3.874471440212801e-05
 3.488517526066548e-13
 3.921676893815784e-13
 2.638322774226737e-13
 2.8080863372428877e-13
 3.076513382157392e-13
 4.1806778850426995e-13
 0.00036956026451662183
 0.00028003990883007646
 0.00028003990883007646
 0.00036956026451662183
 4.1806778850426995e-13
 3.076513382157392e-13
 2.8080863372428877e-13
 2.528635124638551e-13
 3.079842695978552e-13
 3.489911267959278e-13
 0.0002752253203652799
 0.0002656959695741534
 0.0002656959695741534
 0.0002752253203652799
 3.489911267959278e-13
 3.079842695978552e-13
 2.528635124638551e-13
 2.393431590072548e-13
 3.441384547123172e-13
 2.5736430673238553e-13
 0.00018845417071133852
 0.00033757640630938113
 0.00033757640630938113
 0.00018845417071133852
 2.5736430673238553e-13
 3.441384547123172e-13
 2.393431590072548e-13
 2.5901381191760497e-13
 2.919385111259387e-13
 3.1470255546471593e-13
 3.5813458318725844e-13
 4.804846321349032e-05
 4.804846321349032e-05
 3.5813458318725844e-13
 3.1470255546471593e-13
 2.919385111259387e-13
 2.5901381191760497e-13
 2.7111337263727164e-13
 2.5152650144980027e-13
 4.1515063413898046e-13
 6.997760118761243e-13
 2.823042364111239e-13
 2.823042364111239e-13
 6.997760118761243e-13
 4.1515063413898046e-13
 2.5152650144980027e-13
 2.7111337263727164e-13
 2.444034829119507e-13
 3.0932141613718156e-13
 2.940932003134278e-13
 3.6615111984050763e-13
 5.113004746155891e-13
 5.113004746155891e-13
 3.6615111984050763e-13
 2.940932003134278e-13
 3.0932141613718156e-13
 2.444034829119507e-13
 2.5716375643553e-13
 3.0616733649214967e-13
 3.6528939595381615e-13
 4.4269823267287234e-13
 6.568867628661823e-13
 6.568867628661823e-13
 4.4269823267287234e-13
 3.6528939595381615e-13
 3.0616733649214967e-13
 2.5716375643553e-13
 2.326315138787005e-13
 2.7716747625326776e-13
 4.100201081436161e-13
 2.859069860201846e-13
 1.9693610891352575e-13
 1.9693610891352575e-13
 2.859069860201846e-13
 4.100201081436161e-13
 2.7716747625326776e-13
 2.326315138787005e-13
 2.8616952557625197e-13
 1.8506694115551225e-13
 7.07007152475625e-13
 2.3277913884650614e-12
 0.00018722325330600142
 0.00018722325330600142
 2.3277913884650614e-12
 7.07007152475625e-13
 1.8506694115551225e-13
 2.8616952557625197e-13
 2.6081030781235914e-13
 2.3697686066075085e-13
 3.46697171839383e-13
 0.0002694916329346597
 0.00033428790629841387
 0.00033428790629841387
 0.0002694916329346597
 3.46697171839383e-13
 2.3697686066075085e-13
 2.6081030781235914e-13
 2.721648861142567e-13
 3.0244280387406453e-13
 2.924222279251931e-13
 0.00029388413531705737
 0.0002835542836692184
 0.0002835542836692184
 0.00029388413531705737
 2.924222279251931e-13
 3.0244280387406453e-13
 2.721648861142567e-13
 2.855048012243011e-13
 3.5453858273672145e-13
 5.569721116607806e-13
 0.0003456412232480943
 0.00035800959449261427
 0.00035800959449261427
 0.0003456412232480943
 5.569721116607806e-13
 3.5453858273672145e-13
 2.855048012243011e-13
 3.5404724941720533e-13
 3.135388270628786e-13
 9.112042717585034e-13
 2.415670961875005e-12
 0.0002191797102568671
 0.0002191797102568671
 2.415670961875005e-12
 9.112042717585034e-13
 3.135388270628786e-13
 3.5404724941720533e-13
 3.2108265156892413e-13
 4.921077651279249e-13
 5.159439498900187e-13
 9.888305452232515e-13
 1.3222411446994764e-12
 1.3222411446994764e-12
 9.888305452232515e-13
 5.159439498900187e-13
 4.921077651279249e-13
 3.2108265156892413e-13
 3.78643676742646e-13
 3.9985606514227057e-13
 6.226027722891492e-13
 7.168109964102165e-13
 4.869138946206331e-13
 4.869138946206331e-13
 7.168109964102165e-13
 6.226027722891492e-13
 3.9985606514227057e-13
 3.78643676742646e-13
 3.8580729865185515e-13
 4.452559740179829e-13
 5.047233789766403e-13
 5.554653416915689e-13
 7.370956601158996e-13
 7.370956601158996e-13
 5.554653416915689e-13
 5.047233789766403e-13
 4.452559740179829e-13
 3.8580729865185515e-13
 3.8580729865185515e-13
 4.452559740179829e-13
 5.047233789766403e-13
 5.554653416915689e-13
 7.370956601158996e-13
 7.370956601158996e-13
 5.554653416915689e-13
 5.047233789766403e-13
 4.452559740179829e-13
 3.8580729865185515e-13
 3.78643676742646e-13
 3.9985606514227057e-13
 6.226027722891492e-13
 7.168109964102165e-13
 4.869138946206331e-13
 4.869138946206331e-13
 7.168109964102165e-13
 6.226027722891492e-13
 3.9985606514227057e-13
 3.78643676742646e-13
 3.2108265156892413e-13
 4.921077651279249e-13
 5.159439498900187e-13
 9.888305452232515e-13
 1.3222411446994764e-12
 1.3222411446994764e-12
 9.888305452232515e-13
 5.159439498900187e-13
 4.921077651279249e-13
 3.2108265156892413e-13
 3.5404724941720533e-13
 3.135388270628786e-13
 9.112042717585034e-13
 2.415670961875005e-12
 0.0002191797102568671
 0.0002191797102568671
 2.415670961875005e-12
 9.112042717585034e-13
 3.135388270628786e-13
 3.5404724941720533e-13
 2.855048012243011e-13
 3.5453858273672145e-13
 5.569721116607806e-13
 0.0003456412232480943
 0.00035800959449261427
 0.00035800959449261427
 0.0003456412232480943
 5.569721116607806e-13
 3.5453858273672145e-13
 2.855048012243011e-13
 2.721648861142567e-13
 3.0244280387406453e-13
 2.924222279251931e-13
 0.00029388413531705737
 0.0002835542836692184
 0.0002835542836692184
 0.00029388413531705737
 2.924222279251931e-13
 3.0244280387406453e-13
 2.721648861142567e-13
 2.6081030781235914e-13
 2.3697686066075085e-13
 3.46697171839383e-13
 0.0002694916329346597
 0.00033428790629841387
 0.00033428790629841387
 0.0002694916329346597
 3.46697171839383e-13
 2.3697686066075085e-13
 2.6081030781235914e-13
 2.8616952557625197e-13
 1.8506694115551225e-13
 7.07007152475625e-13
 2.3277913884650614e-12
 0.00018722325330600142
 0.00018722325330600142
 2.3277913884650614e-12
 7.07007152475625e-13
 1.8506694115551225e-13
 2.8616952557625197e-13
 2.326315138787005e-13
 2.7716747625326776e-13
 4.100201081436161e-13
 2.859069860201846e-13
 1.9693610891352575e-13
 1.9693610891352575e-13
 2.859069860201846e-13
 4.100201081436161e-13
 2.7716747625326776e-13
 2.326315138787005e-13
 2.5716375643553e-13
 3.0616733649214967e-13
 3.6528939595381615e-13
 4.4269823267287234e-13
 6.568867628661823e-13
 6.568867628661823e-13
 4.4269823267287234e-13
 3.6528939595381615e-13
 3.0616733649214967e-13
 2.5716375643553e-13
 2.519676633137846e-13
 2.724884391475807e-13
 3.6863646358555047e-13
 5.028809942249357e-13
 3.423211692409056e-13
 3.423211692409056e-13
 5.028809942249357e-13
 3.6863646358555047e-13
 2.724884391475807e-13
 2.519676633137846e-13
 2.3436268659256243e-13
 3.533629010059325e-13
 4.2840993881750056e-13
 4.115238965568535e-13
 2.06204454553105e-12
 2.06204454553105e-12
 4.115238965568535e-13
 4.2840993881750056e-13
 3.533629010059325e-13
 2.3436268659256243e-13
 2.2007043539926108e-13
 3.3991838749129755e-13
 4.683844458119868e-13
 3.8005815440556034e-05
 0.0003011896042153239
 0.0003011896042153239
 3.8005815440556034e-05
 4.683844458119868e-13
 3.3991838749129755e-13
 2.2007043539926108e-13
 2.7926773849169806e-13
 2.693389944668362e-13
 3.6351274095881847e-13
 0.0003795128723140806
 0.0002765344688668847
 0.0002765344688668847
 0.0003795128723140806
 3.6351274095881847e-13
 2.693389944668362e-13
 2.7926773849169806e-13
 2.879967857076504e-13
 3.4405686849883765e-13
 2.3607930389225873e-13
 0.00022921667550690472
 0.000246231269557029
 0.000246231269557029
 0.00022921667550690472
 2.3607930389225873e-13
 3.4405686849883765e-13
 2.879967857076504e-13
 3.1192550712516587e-13
 3.5765045981218935e-13
 6.600458569462619e-13
 0.0002065139269689098
 0.00034003768814727664
 0.00034003768814727664
 0.0002065139269689098
 6.600458569462619e-13
 3.5765045981218935e-13
 3.1192550712516587e-13
 3.7748282147656576e-13
 3.21027845149105e-13
 1.0620132160840678e-12
 6.752211094938898e-13
 5.6047247198875993e-05
 5.6047247198875993e-05
 6.752211094938898e-13
 1.0620132160840678e-12
 3.21027845149105e-13
 3.7748282147656576e-13
 3.8195445070665635e-13
 4.717148438353191e-13
 5.496035484359174e-13
 5.597683232737294e-13
 9.985657049502161e-13
 9.985657049502161e-13
 5.597683232737294e-13
 5.496035484359174e-13
 4.717148438353191e-13
 3.8195445070665635e-13
 4.071046885018026e-13
 4.650861943830686e-13
 5.546956123592128e-13
 6.39174097764178e-13
 6.850508658604038e-13
 6.850508658604038e-13
 6.39174097764178e-13
 5.546956123592128e-13
 4.650861943830686e-13
 4.071046885018026e-13
 4.142648680691141e-13
 4.80122289581858e-13
 5.430922638688385e-13
 6.228099633243112e-13
 6.206315301092447e-13
 6.206315301092447e-13
 6.228099633243112e-13
 5.430922638688385e-13
 4.80122289581858e-13
 4.142648680691141e-13
 4.142648680691141e-13
 4.80122289581858e-13
 5.430922638688385e-13
 6.228099633243112e-13
 6.206315301092447e-13
 6.206315301092447e-13
 6.228099633243112e-13
 5.430922638688385e-13
 4.80122289581858e-13
 4.142648680691141e-13
 4.071046885018026e-13
 4.650861943830686e-13
 5.546956123592128e-13
 6.39174097764178e-13
 6.850508658604038e-13
 6.850508658604038e-13
 6.39174097764178e-13
 5.546956123592128e-13
 4.650861943830686e-13
 4.071046885018026e-13
 3.8195445070665635e-13
 4.717148438353191e-13
 5.496035484359174e-13
 5.597683232737294e-13
 9.985657049502161e-13
 9.985657049502161e-13
 5.597683232737294e-13
 5.496035484359174e-13
 4.717148438353191e-13
 3.8195445070665635e-13
 3.7748282147656576e-13
 3.21027845149105e-13
 1.0620132160840678e-12
 6.752211094938898e-13
 5.6047247198875993e-05
 5.6047247198875993e-05
 6.752211094938898e-13
 1.0620132160840678e-12
 3.21027845149105e-13
 3.7748282147656576e-13
 3.1192550712516587e-13
 3.5765045981218935e-13
 6.600458569462619e-13
 0.0002065139269689098
 0.00034003768814727664
 0.00034003768814727664
 0.0002065139269689098
 6.600458569462619e-13
 3.5765045981218935e-13
 3.1192550712516587e-13
 2.879967857076504e-13
 3.4405686849883765e-13
 2.3607930389225873e-13
 0.00022921667550690472
 0.000246231269557029
 0.000246231269557029
 0.00022921667550690472
 2.3607930389225873e-13
 3.4405686849883765e-13
 2.879967857076504e-13
 2.7926773849169806e-13
 2.693389944668362e-13
 3.6351274095881847e-13
 0.0003795128723140806
 0.0002765344688668847
 0.0002765344688668847
 0.0003795128723140806
 3.6351274095881847e-13
 2.693389944668362e-13
 2.7926773849169806e-13
 2.2007043539926108e-13
 3.3991838749129755e-13
 4.683844458119868e-13
 3.8005815440556034e-05
 0.0003011896042153239
 0.0003011896042153239
 3.8005815440556034e-05
 4.683844458119868e-13
 3.3991838749129755e-13
 2.2007043539926108e-13
 2.3436268659256243e-13
 3.533629010059325e-13
 4.2840993881750056e-13
 4.115238965568535e-13
 2.06204454553105e-12
 2.06204454553105e-12
 4.115238965568535e-13
 4.2840993881750056e-13
 3.533629010059325e-13
 2.3436268659256243e-13
 2.519676633137846e-13
 2.724884391475807e-13
 3.6863646358555047e-13
 5.028809942249357e-13
 3.423211692409056e-13
 3.423211692409056e-13
 5.028809942249357e-13
 3.6863646358555047e-13
 2.724884391475807e-13
 2.519676633137846e-13
 3.2869930735590636e-13
 2.55780097623004e-13
 3.816153935822658e-13
 6.631948679461375e-13
 6.64115735061338e-13
 6.64115735061338e-13
 6.631948679461375e-13
 3.816153935822658e-13
 2.55780097623004e-13
 3.2869930735590636e-13
 3.262277058733998e-13
 2.3122717390973435e-13
 3.7923489218730233e-13
 1.5034724767243324e-12
 4.7186240408336744e-05
 4.7186240408336744e-05
 1.5034724767243324e-12
 3.7923489218730233e-13
 2.3122717390973435e-13
 3.262277058733998e-13
 2.9236869544292665e-13
 3.772914868981764e-13
 2.0150102018803157e-13
 0.0002197391731897369
 0.00032449510763399303
 0.00032449510763399303
 0.0002197391731897369
 2.0150102018803157e-13
 3.772914868981764e-13
 2.9236869544292665e-13
 2.9754622160246824e-13
 3.2013378493261913e-13
 3.8389950940409534e-13
 0.00028083682991564274
 0.00024878248223103583
 0.00024878248223103583
 0.00028083682991564274
 3.8389950940409534e-13
 3.2013378493261913e-13
 2.9754622160246824e-13
 3.438495419384041e-13
 3.520891802936965e-13
 3.2733662785541795e-13
 0.0002804216055665165
 0.000258672604104504
 0.000258672604104504
 0.0002804216055665165
 3.2733662785541795e-13
 3.520891802936965e-13
 3.438495419384041e-13
 3.6406384092309285e-13
 4.476115116579249e-13
 4.761182767487604e-13
 0.00014637436834163964
 0.00025592316524125636
 0.00025592316524125636
 0.00014637436834163964
 4.761182767487604e-13
 4.476115116579249e-13
 3.6406384092309285e-13
 4.025189740981122e-13
 4.058976733282288e-13
 7.450328331701228e-13
 1.8168633915058297e-12
 1.6935973023296524e-12
 1.6935973023296524e-12
 1.8168633915058297e-12
 7.450328331701228e-13
 4.058976733282288e-13
 4.025189740981122e-13
 4.153159749702845e-13
 5.219758002564245e-13
 5.209939467690217e-13
 7.31805078774822e-13
 1.0867194730895813e-12
 1.0867194730895813e-12
 7.31805078774822e-13
 5.209939467690217e-13
 5.219758002564245e-13
 4.153159749702845e-13
 4.4825501275234936e-13
 4.682783566294091e-13
 5.254663891507416e-13
 6.60285357206164e-13
 7.192488249950502e-13
 7.192488249950502e-13
 6.60285357206164e-13
 5.254663891507416e-13
 4.682783566294091e-13
 4.4825501275234936e-13
 4.5139345278104315e-13
 5.085738145720053e-13
 5.931411503450057e-13
 6.265697596180564e-13
 6.622418542365227e-13
 6.622418542365227e-13
 6.265697596180564e-13
 5.931411503450057e-13
 5.085738145720053e-13
 4.5139345278104315e-13
 4.5139345278104315e-13
 5.085738145720053e-13
 5.931411503450057e-13
 6.265697596180564e-13
 6.622418542365227e-13
 6.622418542365227e-13
 6.265697596180564e-13
 5.931411503450057e-13
 5.085738145720053e-13
 4.5139345278104315e-13
 4.4825501275234936e-13
 4.682783566294091e-13
 5.254663891507416e-13
 6.60285357206164e-13
 7.192488249950502e-13
 7.192488249950502e-13
 6.60285357206164e-13
 5.254663891507416e-13
 4.682783566294091e-13
 4.4825501275234936e-13
 4.153159749702845e-13
 5.219758002564245e-13
 5.209939467690217e-13
 7.31805078774822e-13
 1.0867194730895813e-12
 1.0867194730895813e-12
 7.31805078774822e-13
 5.209939467690217e-13
 5.219758002564245e-13
 4.153159749702845e-13
 4.025189740981122e-13
 4.058976733282288e-13
 7.450328331701228e-13
 1.8168633915058297e-12
 1.6935973023296524e-12
 1.6935973023296524e-12
 1.8168633915058297e-12
 7.450328331701228e-13
 4.058976733282288e-13
 4.025189740981122e-13
 3.6406384092309285e-13
 4.476115116579249e-13
 4.761182767487604e-13
 0.00014637436834163964
 0.00025592316524125636
 0.00025592316524125636
 0.00014637436834163964
 4.761182767487604e-13
 4.476115116579249e-13
 3.6406384092309285e-13
 3.438495419384041e-13
 3.520891802936965e-13
 3.2733662785541795e-13
 0.0002804216055665165
 0.000258672604104504
 0.000258672604104504
 0.0002804216055665165
 3.2733662785541795e-13
 3.520891802936965e-13
 3.438495419384041e-13
 2.9754622160246824e-13
 3.2013378493261913e-13
 3.8389950940409534e-13
 0.00028083682991564274
 0.00024878248223103583
 0.00024878248223103583
 0.00028083682991564274
 3.8389950940409534e-13
 3.2013378493261913e-13
 2.9754622160246824e-13
 2.9236869544292665e-13
 3.772914868981764e-13
 2.0150102018803157e-13
 0.0002197391731897369
 0.00032449510763399303
 0.00032449510763399303
 0.0002197391731897369
 2.0150102018803157e-13
 3.772914868981764e-13
 2.9236869544292665e-13
 3.262277058733998e-13
 2.3122717390973435e-13
 3.7923489218730233e-13
 1.5034724767243324e-12
 4.7186240408336744e-05
 4.7186240408336744e-05
 1.5034724767243324e-12
 3.7923489218730233e-13
 2.3122717390973435e-13
 3.262277058733998e-13
 3.2869930735590636e-13
 2.55780097623004e-13
 3.816153935822658e-13
 6.631948679461375e-13
 6.64115735061338e-13
 6.64115735061338e-13
 6.631948679461375e-13
 3.816153935822658e-13
 2.55780097623004e-13
 3.2869930735590636e-13
 2.653013442613372e-13
 3.9018246099364884e-13
 2.4904698529143454e-13
 1.7491479727300974e-13
 1.434748262037211e-12
 1.434748262037211e-12
 1.7491479727300974e-13
 2.4904698529143454e-13
 3.9018246099364884e-13
 2.653013442613372e-13
 3.358479130650266e-13
 2.894509989765509e-13
 4.275909596014593e-13
 3.710971577675082e-05
 0.00018128685769625008
 0.00018128685769625008
 3.710971577675082e-05
 4.275909596014593e-13
 2.894509989765509e-13
 3.358479130650266e-13
 3.641653222464375e-13
 2.5321343871502477e-13
 3.704433407161062e-13
 0.00025914516299963
 0.0002348488342249766
 0.0002348488342249766
 0.00025914516299963
 3.704433407161062e-13
 2.5321343871502477e-13
 3.641653222464375e-13
 3.700409661848425e-13
 3.3796679647576933e-13
 2.908833113615672e-13
 0.0001958175125764683
 0.00024449214106425643
 0.00024449214106425643
 0.0001958175125764683
 2.908833113615672e-13
 3.3796679647576933e-13
 3.700409661848425e-13
 3.9140064344959924e-13
 4.0473272519894743e-13
 4.4011631361931536e-13
 0.0003505841887090355
 0.0003023688623216003
 0.0003023688623216003
 0.0003505841887090355
 4.4011631361931536e-13
 4.0473272519894743e-13
 3.9140064344959924e-13
 3.9688358936113e-13
 5.145537316543491e-13
 4.513816891874717e-13
 4.143782643950544e-05
 0.00018604665820021182
 0.00018604665820021182
 4.143782643950544e-05
 4.513816891874717e-13
 5.145537316543491e-13
 3.9688358936113e-13
 4.5243770210347256e-13
 5.406278723307789e-13
 7.270561648391183e-13
 7.670601350276418e-13
 1.3026497198628806e-12
 1.3026497198628806e-12
 7.670601350276418e-13
 7.270561648391183e-13
 5.406278723307789e-13
 4.5243770210347256e-13
 4.696797963575639e-13
 5.133778059780714e-13
 6.432634373082502e-13
 6.784521945982225e-13
 5.589150019538747e-13
 5.589150019538747e-13
 6.784521945982225e-13
 6.432634373082502e-13
 5.133778059780714e-13
 4.696797963575639e-13
 4.827681765635916e-13
 5.412975840127232e-13
 6.290030345537656e-13
 7.415076582265034e-13
 8.636643917397935e-13
 8.636643917397935e-13
 7.415076582265034e-13
 6.290030345537656e-13
 5.412975840127232e-13
 4.827681765635916e-13
 4.840118106655411e-13
 5.399774594475049e-13
 5.825074038574851e-13
 6.548326334301913e-13
 6.703480544094365e-13
 6.703480544094365e-13
 6.548326334301913e-13
 5.825074038574851e-13
 5.399774594475049e-13
 4.840118106655411e-13
 4.840118106655411e-13
 5.399774594475049e-13
 5.825074038574851e-13
 6.548326334301913e-13
 6.703480544094365e-13
 6.703480544094365e-13
 6.548326334301913e-13
 5.825074038574851e-13
 5.399774594475049e-13
 4.840118106655411e-13
 4.827681765635916e-13
 5.412975840127232e-13
 6.290030345537656e-13
 7.415076582265034e-13
 8.636643917397935e-13
 8.636643917397935e-13
 7.415076582265034e-13
 6.290030345537656e-13
 5.412975840127232e-13
 4.827681765635916e-13
 4.696797963575639e-13
 5.133778059780714e-13
 6.432634373082502e-13
 6.784521945982225e-13
 5.589150019538747e-13
 5.589150019538747e-13
 6.784521945982225e-13
 6.432634373082502e-13
 5.133778059780714e-13
 4.696797963575639e-13
 4.5243770210347256e-13
 5.406278723307789e-13
 7.270561648391183e-13
 7.670601350276418e-13
 1.3026497198628806e-12
 1.3026497198628806e-12
 7.670601350276418e-13
 7.270561648391183e-13
 5.406278723307789e-13
 4.5243770210347256e-13
 3.9688358936113e-13
 5.145537316543491e-13
 4.513816891874717e-13
 4.143782643950544e-05
 0.00018604665820021182
 0.00018604665820021182
 4.143782643950544e-05
 4.513816891874717e-13
 5.145537316543491e-13
 3.9688358936113e-13
 3.9140064344959924e-13
 4.0473272519894743e-13
 4.4011631361931536e-13
 0.0003505841887090355
 0.0003023688623216003
 0.0003023688623216003
 0.0003505841887090355
 4.4011631361931536e-13
 4.0473272519894743e-13
 3.9140064344959924e-13
 3.700409661848425e-13
 3.3796679647576933e-13
 2.908833113615672e-13
 0.0001958175125764683
 0.00024449214106425643
 0.00024449214106425643
 0.0001958175125764683
 2.908833113615672e-13
 3.3796679647576933e-13
 3.700409661848425e-13
 3.641653222464375e-13
 2.5321343871502477e-13
 3.704433407161062e-13
 0.00025914516299963
 0.0002348488342249766
 0.0002348488342249766
 0.00025914516299963
 3.704433407161062e-13
 2.5321343871502477e-13
 3.641653222464375e-13
 3.358479130650266e-13
 2.894509989765509e-13
 4.275909596014593e-13
 3.710971577675082e-05
 0.00018128685769625008
 0.00018128685769625008
 3.710971577675082e-05
 4.275909596014593e-13
 2.894509989765509e-13
 3.358479130650266e-13
 2.653013442613372e-13
 3.9018246099364884e-13
 2.4904698529143454e-13
 1.7491479727300974e-13
 1.434748262037211e-12
 1.434748262037211e-12
 1.7491479727300974e-13
 2.4904698529143454e-13
 3.9018246099364884e-13
 2.653013442613372e-13
 3.452313847122912e-13
 3.46989120379379e-13
 3.574638415132503e-13
 2.319040955361257e-13
 1.2620864254131448e-05
 1.2620864254131448e-05
 2.319040955361257e-13
 3.574638415132503e-13
 3.46989120379379e-13
 3.452313847122912e-13
 3.374285443072389e-13
 5.260769576041768e-13
 2.0936991561044255e-13
 0.00011722588533302769
 0.000195176326087676
 0.000195176326087676
 0.00011722588533302769
 2.0936991561044255e-13
 5.260769576041768e-13
 3.374285443072389e-13
 4.1475761085145446e-13
 5.545187247747718e-13
 3.2496282140886956e-13
 0.00027463011792860925
 0.00022012439148966223
 0.00022012439148966223
 0.00027463011792860925
 3.2496282140886956e-13
 5.545187247747718e-13
 4.1475761085145446e-13
 4.4913774305613274e-13
 5.205039415971668e-13
 3.2989157737993435e-13
 0.00021975436538923532
 0.0002529564080759883
 0.0002529564080759883
 0.00021975436538923532
 3.2989157737993435e-13
 5.205039415971668e-13
 4.4913774305613274e-13
 4.4020782028267313e-13
 4.670102195583614e-13
 6.075123585615183e-13
 0.00027409830363467336
 0.00029991287738084793
 0.00029991287738084793
 0.00027409830363467336
 6.075123585615183e-13
 4.670102195583614e-13
 4.4020782028267313e-13
 5.045921905137696e-13
 4.125294669667795e-13
 1.1608287031270037e-12
 1.7413662742674085e-12
 5.93375189055223e-05
 5.93375189055223e-05
 1.7413662742674085e-12
 1.1608287031270037e-12
 4.125294669667795e-13
 5.045921905137696e-13
 4.60583556970845e-13
 5.410963560895099e-13
 6.926118207607745e-13
 1.180456557156595e-12
 1.1468812011194984e-12
 1.1468812011194984e-12
 1.180456557156595e-12
 6.926118207607745e-13
 5.410963560895099e-13
 4.60583556970845e-13
 5.189078875790509e-13
 6.074057272778544e-13
 7.516768782932226e-13
 8.349257158042633e-13
 8.571187379638467e-13
 8.571187379638467e-13
 8.349257158042633e-13
 7.516768782932226e-13
 6.074057272778544e-13
 5.189078875790509e-13
 5.167125950202023e-13
 5.7873893394636e-13
 6.123017132382558e-13
 6.472444108451825e-13
 6.79578951705978e-13
 6.79578951705978e-13
 6.472444108451825e-13
 6.123017132382558e-13
 5.7873893394636e-13
 5.167125950202023e-13
 5.277188191640803e-13
 5.769708712535793e-13
 6.553108750084746e-13
 7.115337507558606e-13
 7.450258942762189e-13
 7.450258942762189e-13
 7.115337507558606e-13
 6.553108750084746e-13
 5.769708712535793e-13
 5.277188191640803e-13
 5.277188191640803e-13
 5.769708712535793e-13
 6.553108750084746e-13
 7.115337507558606e-13
 7.450258942762189e-13
 7.450258942762189e-13
 7.115337507558606e-13
 6.553108750084746e-13
 5.769708712535793e-13
 5.277188191640803e-13
 5.167125950202023e-13
 5.7873893394636e-13
 6.123017132382558e-13
 6.472444108451825e-13
 6.79578951705978e-13
 6.79578951705978e-13
 6.472444108451825e-13
 6.123017132382558e-13
 5.7873893394636e-13
 5.167125950202023e-13
 5.189078875790509e-13
 6.074057272778544e-13
 7.516768782932226e-13
 8.349257158042633e-13
 8.571187379638467e-13
 8.571187379638467e-13
 8.349257158042633e-13
 7.516768782932226e-13
 6.074057272778544e-13
 5.189078875790509e-13
 4.60583556970845e-13
 5.410963560895099e-13
 6.926118207607745e-13
 1.180456557156595e-12
 1.1468812011194984e-12
 1.1468812011194984e-12
 1.180456557156595e-12
 6.926118207607745e-13
 5.410963560895099e-13
 4.60583556970845e-13
 5.045921905137696e-13
 4.125294669667795e-13
 1.1608287031270037e-12
 1.7413662742674085e-12
 5.93375189055223e-05
 5.93375189055223e-05
 1.7413662742674085e-12
 1.1608287031270037e-12
 4.125294669667795e-13
 5.045921905137696e-13
 4.4020782028267313e-13
 4.670102195583614e-13
 6.075123585615183e-13
 0.00027409830363467336
 0.00029991287738084793
 0.00029991287738084793
 0.00027409830363467336
 6.075123585615183e-13
 4.670102195583614e-13
 4.4020782028267313e-13
 4.4913774305613274e-13
 5.205039415971668e-13
 3.2989157737993435e-13
 0.00021975436538923532
 0.0002529564080759883
 0.0002529564080759883
 0.00021975436538923532
 3.2989157737993435e-13
 5.205039415971668e-13
 4.4913774305613274e-13
 4.1475761085145446e-13
 5.545187247747718e-13
 3.2496282140886956e-13
 0.00027463011792860925
 0.00022012439148966223
 0.00022012439148966223
 0.00027463011792860925
 3.2496282140886956e-13
 5.545187247747718e-13
 4.1475761085145446e-13
 3.374285443072389e-13
 5.260769576041768e-13
 2.0936991561044255e-13
 0.00011722588533302769
 0.000195176326087676
 0.000195176326087676
 0.00011722588533302769
 2.0936991561044255e-13
 5.260769576041768e-13
 3.374285443072389e-13
 3.452313847122912e-13
 3.46989120379379e-13
 3.574638415132503e-13
 2.319040955361257e-13
 1.2620864254131448e-05
 1.2620864254131448e-05
 2.319040955361257e-13
 3.574638415132503e-13
 3.46989120379379e-13
 3.452313847122912e-13
 3.7528007502778127e-13
 3.322440792537934e-13
 3.8926780093588575e-13
 1.0579250149522768e-12
 6.93121473887004e-05
 6.93121473887004e-05
 1.0579250149522768e-12
 3.8926780093588575e-13
 3.322440792537934e-13
 3.7528007502778127e-13
 3.872142678110896e-13
 6.264971722826085e-13
 4.4377511648069357e-13
 0.00021395235671661794
 0.00020528127788566053
 0.00020528127788566053
 0.00021395235671661794
 4.4377511648069357e-13
 6.264971722826085e-13
 3.872142678110896e-13
 4.099801010834514e-13
 7.34911317998993e-13
 6.377684296475505e-13
 0.0002392347960267216
 0.0002459461975377053
 0.0002459461975377053
 0.0002392347960267216
 6.377684296475505e-13
 7.34911317998993e-13
 4.099801010834514e-13
 4.140039548163055e-13
 7.531281371112031e-13
 5.55524918600947e-13
 0.00036041956627741456
 0.0002641694154590368
 0.0002641694154590368
 0.00036041956627741456
 5.55524918600947e-13
 7.531281371112031e-13
 4.140039548163055e-13
 4.864965309943348e-13
 6.635106960389825e-13
 5.98449946282581e-13
 0.00017230816592928022
 0.00030473509104922414
 0.00030473509104922414
 0.00017230816592928022
 5.98449946282581e-13
 6.635106960389825e-13
 4.864965309943348e-13
 5.154428316458959e-13
 4.160895261152986e-13
 7.951550117131501e-13
 1.316475140705764e-12
 1.876402679068523e-12
 1.876402679068523e-12
 1.316475140705764e-12
 7.951550117131501e-13
 4.160895261152986e-13
 5.154428316458959e-13
 5.251244859956483e-13
 6.768116882910347e-13
 6.337904376665926e-13
 6.294609473413149e-13
 1.2618881634063328e-12
 1.2618881634063328e-12
 6.294609473413149e-13
 6.337904376665926e-13
 6.768116882910347e-13
 5.251244859956483e-13
 5.379793832638313e-13
 5.37854483173561e-13
 7.024709047960542e-13
 9.271121197140797e-13
 9.507481607551327e-13
 9.507481607551327e-13
 9.271121197140797e-13
 7.024709047960542e-13
 5.37854483173561e-13
 5.379793832638313e-13
 5.604253497902556e-13
 6.424458946600875e-13
 7.145684326366475e-13
 7.464242440281821e-13
 7.781242555675305e-13
 7.781242555675305e-13
 7.464242440281821e-13
 7.145684326366475e-13
 6.424458946600875e-13
 5.604253497902556e-13
 5.575605081797885e-13
 6.077974495227734e-13
 6.542395748418417e-13
 7.056786253435698e-13
 7.310678755076405e-13
 7.310678755076405e-13
 7.056786253435698e-13
 6.542395748418417e-13
 6.077974495227734e-13
 5.575605081797885e-13
 5.575605081797885e-13
 6.077974495227734e-13
 6.542395748418417e-13
 7.056786253435698e-13
 7.310678755076405e-13
 7.310678755076405e-13
 7.056786253435698e-13
 6.542395748418417e-13
 6.077974495227734e-13
 5.575605081797885e-13
 5.604253497902556e-13
 6.424458946600875e-13
 7.145684326366475e-13
 7.464242440281821e-13
 7.781242555675305e-13
 7.781242555675305e-13
 7.464242440281821e-13
 7.145684326366475e-13
 6.424458946600875e-13
 5.604253497902556e-13
 5.379793832638313e-13
 5.37854483173561e-13
 7.024709047960542e-13
 9.271121197140797e-13
 9.507481607551327e-13
 9.507481607551327e-13
 9.271121197140797e-13
 7.024709047960542e-13
 5.37854483173561e-13
 5.379793832638313e-13
 5.251244859956483e-13
 6.768116882910347e-13
 6.337904376665926e-13
 6.294609473413149e-13
 1.2618881634063328e-12
 1.2618881634063328e-12
 6.294609473413149e-13
 6.337904376665926e-13
 6.768116882910347e-13
 5.251244859956483e-13
 5.154428316458959e-13
 4.160895261152986e-13
 7.951550117131501e-13
 1.316475140705764e-12
 1.876402679068523e-12
 1.876402679068523e-12
 1.316475140705764e-12
 7.951550117131501e-13
 4.160895261152986e-13
 5.154428316458959e-13
 4.864965309943348e-13
 6.635106960389825e-13
 5.98449946282581e-13
 0.00017230816592928022
 0.00030473509104922414
 0.00030473509104922414
 0.00017230816592928022
 5.98449946282581e-13
 6.635106960389825e-13
 4.864965309943348e-13
 4.140039548163055e-13
 7.531281371112031e-13
 5.55524918600947e-13
 0.00036041956627741456
 0.0002641694154590368
 0.0002641694154590368
 0.00036041956627741456
 5.55524918600947e-13
 7.531281371112031e-13
 4.140039548163055e-13
 4.099801010834514e-13
 7.34911317998993e-13
 6.377684296475505e-13
 0.0002392347960267216
 0.0002459461975377053
 0.0002459461975377053
 0.0002392347960267216
 6.377684296475505e-13
 7.34911317998993e-13
 4.099801010834514e-13
 3.872142678110896e-13
 6.264971722826085e-13
 4.4377511648069357e-13
 0.00021395235671661794
 0.00020528127788566053
 0.00020528127788566053
 0.00021395235671661794
 4.4377511648069357e-13
 6.264971722826085e-13
 3.872142678110896e-13
 3.7528007502778127e-13
 3.322440792537934e-13
 3.8926780093588575e-13
 1.0579250149522768e-12
 6.93121473887004e-05
 6.93121473887004e-05
 1.0579250149522768e-12
 3.8926780093588575e-13
 3.322440792537934e-13
 3.7528007502778127e-13
 2.828152208950163e-13
 4.3486701327595523e-13
 3.4714061052792955e-13
 1.8630147678777575e-05
 0.00010022048809332773
 0.00010022048809332773
 1.8630147678777575e-05
 3.4714061052792955e-13
 4.3486701327595523e-13
 2.828152208950163e-13
 3.2040917228443044e-13
 7.136682195728328e-13
 1.5837825842468511e-12
 0.0003020874282810837
 0.00015250792785082012
 0.00015250792785082012
 0.0003020874282810837
 1.5837825842468511e-12
 7.136682195728328e-13
 3.2040917228443044e-13
 3.8216592434039964e-13
 1.0806543377164801e-12
 3.744550242795741e-12
 0.0002882805420085788
 0.000212560742511414
 0.000212560742511414
 0.0002882805420085788
 3.744550242795741e-12
 1.0806543377164801e-12
 3.8216592434039964e-13
 5.066034397538388e-13
 8.163453637036189e-13
 1.2049335054026278e-12
 0.0003450089425314218
 0.0002962344733532518
 0.0002962344733532518
 0.0003450089425314218
 1.2049335054026278e-12
 8.163453637036189e-13
 5.066034397538388e-13
 5.058405408951694e-13
 5.748709884859093e-13
 4.886801683798292e-13
 5.000185774406418e-05
 0.00016249289910774678
 0.00016249289910774678
 5.000185774406418e-05
 4.886801683798292e-13
 5.748709884859093e-13
 5.058405408951694e-13
 5.730946316465091e-13
 6.310933763423177e-13
 8.569365377887606e-13
 1.138910146747385e-12
 1.395061475194248e-12
 1.395061475194248e-12
 1.138910146747385e-12
 8.569365377887606e-13
 6.310933763423177e-13
 5.730946316465091e-13
 5.35610184676516e-13
 5.596088913442654e-13
 6.149137189020992e-13
 7.893690041893553e-13
 7.226912211028003e-13
 7.226912211028003e-13
 7.893690041893553e-13
 6.149137189020992e-13
 5.596088913442654e-13
 5.35610184676516e-13
 5.896681255258829e-13
 6.55434474056138e-13
 6.898768123604626e-13
 7.375141079443703e-13
 8.825567230155706e-13
 8.825567230155706e-13
 7.375141079443703e-13
 6.898768123604626e-13
 6.55434474056138e-13
 5.896681255258829e-13
 5.740344722997281e-13
 6.107723376537477e-13
 7.011634111861453e-13
 7.879348757657001e-13
 8.124583904950411e-13
 8.124583904950411e-13
 7.879348757657001e-13
 7.011634111861453e-13
 6.107723376537477e-13
 5.740344722997281e-13
 5.905891552714093e-13
 6.390572207699841e-13
 6.966652732129375e-13
 7.245470499614437e-13
 7.499215549759686e-13
 7.499215549759686e-13
 7.245470499614437e-13
 6.966652732129375e-13
 6.390572207699841e-13
 5.905891552714093e-13
 5.905891552714093e-13
 6.390572207699841e-13
 6.966652732129375e-13
 7.245470499614437e-13
 7.499215549759686e-13
 7.499215549759686e-13
 7.245470499614437e-13
 6.966652732129375e-13
 6.390572207699841e-13
 5.905891552714093e-13
 5.740344722997281e-13
 6.107723376537477e-13
 7.011634111861453e-13
 7.879348757657001e-13
 8.124583904950411e-13
 8.124583904950411e-13
 7.879348757657001e-13
 7.011634111861453e-13
 6.107723376537477e-13
 5.740344722997281e-13
 5.896681255258829e-13
 6.55434474056138e-13
 6.898768123604626e-13
 7.375141079443703e-13
 8.825567230155706e-13
 8.825567230155706e-13
 7.375141079443703e-13
 6.898768123604626e-13
 6.55434474056138e-13
 5.896681255258829e-13
 5.35610184676516e-13
 5.596088913442654e-13
 6.149137189020992e-13
 7.893690041893553e-13
 7.226912211028003e-13
 7.226912211028003e-13
 7.893690041893553e-13
 6.149137189020992e-13
 5.596088913442654e-13
 5.35610184676516e-13
 5.730946316465091e-13
 6.310933763423177e-13
 8.569365377887606e-13
 1.138910146747385e-12
 1.395061475194248e-12
 1.395061475194248e-12
 1.138910146747385e-12
 8.569365377887606e-13
 6.310933763423177e-13
 5.730946316465091e-13
 5.058405408951694e-13
 5.748709884859093e-13
 4.886801683798292e-13
 5.000185774406418e-05
 0.00016249289910774678
 0.00016249289910774678
 5.000185774406418e-05
 4.886801683798292e-13
 5.748709884859093e-13
 5.058405408951694e-13
 5.066034397538388e-13
 8.163453637036189e-13
 1.2049335054026278e-12
 0.0003450089425314218
 0.0002962344733532518
 0.0002962344733532518
 0.0003450089425314218
 1.2049335054026278e-12
 8.163453637036189e-13
 5.066034397538388e-13
 3.8216592434039964e-13
 1.0806543377164801e-12
 3.744550242795741e-12
 0.0002882805420085788
 0.000212560742511414
 0.000212560742511414
 0.0002882805420085788
 3.744550242795741e-12
 1.0806543377164801e-12
 3.8216592434039964e-13
 3.2040917228443044e-13
 7.136682195728328e-13
 1.5837825842468511e-12
 0.0003020874282810837
 0.00015250792785082012
 0.00015250792785082012
 0.0003020874282810837
 1.5837825842468511e-12
 7.136682195728328e-13
 3.2040917228443044e-13
 2.828152208950163e-13
 4.3486701327595523e-13
 3.4714061052792955e-13
 1.8630147678777575e-05
 0.00010022048809332773
 0.00010022048809332773
 1.8630147678777575e-05
 3.4714061052792955e-13
 4.3486701327595523e-13
 2.828152208950163e-13
 5.066392726356395e-13
 5.786106186192463e-13
 1.192404356677168e-12
 0.00013355644477996975
 0.00010355059202993289
 0.00010355059202993289
 0.00013355644477996975
 1.192404356677168e-12
 5.786106186192463e-13
 5.066392726356395e-13
 8.858886389219445e-13
 1.8979800641295147e-13
 2.2465204892796464e-05
 0.00025601996458135545
 0.00022218303638510406
 0.00022218303638510406
 0.00025601996458135545
 2.2465204892796464e-05
 1.8979800641295147e-13
 8.858886389219445e-13
 8.339406639204516e-13
 1.3456921124296861e-12
 5.3254196245688945e-05
 0.0003796208184212446
 0.000199803602299653
 0.000199803602299653
 0.0003796208184212446
 5.3254196245688945e-05
 1.3456921124296861e-12
 8.339406639204516e-13
 5.906401669836248e-13
 1.1902403975611042e-12
 1.1285682674846975e-12
 0.0002864380076061934
 0.0002346484106965363
 0.0002346484106965363
 0.0002864380076061934
 1.1285682674846975e-12
 1.1902403975611042e-12
 5.906401669836248e-13
 7.745508336272355e-13
 5.629061127811197e-13
 7.711768506765693e-13
 1.9514433471923276e-12
 4.5374170440481976e-05
 4.5374170440481976e-05
 1.9514433471923276e-12
 7.711768506765693e-13
 5.629061127811197e-13
 7.745508336272355e-13
 5.476530145175074e-13
 5.811138788051895e-13
 7.235442713721119e-13
 9.514785877587362e-13
 1.5209641272134755e-12
 1.5209641272134755e-12
 9.514785877587362e-13
 7.235442713721119e-13
 5.811138788051895e-13
 5.476530145175074e-13
 6.1322637506106e-13
 6.955498460178844e-13
 8.31040694159596e-13
 9.163593278280202e-13
 7.415129708171486e-13
 7.415129708171486e-13
 9.163593278280202e-13
 8.31040694159596e-13
 6.955498460178844e-13
 6.1322637506106e-13
 5.828291408521702e-13
 6.310362388878277e-13
 7.166067869310289e-13
 7.349000422963992e-13
 8.225809898683434e-13
 8.225809898683434e-13
 7.349000422963992e-13
 7.166067869310289e-13
 6.310362388878277e-13
 5.828291408521702e-13
 6.140888578892723e-13
 6.612233005055812e-13
 6.845197152161031e-13
 7.556935762917383e-13
 7.737067822359556e-13
 7.737067822359556e-13
 7.556935762917383e-13
 6.845197152161031e-13
 6.612233005055812e-13
 6.140888578892723e-13
 5.998654264288694e-13
 6.422721512619467e-13
 7.006957405790437e-13
 7.403840453050481e-13
 7.626736698782e-13
 7.626736698782e-13
 7.403840453050481e-13
 7.006957405790437e-13
 6.422721512619467e-13
 5.998654264288694e-13
 5.998654264288694e-13
 6.422721512619467e-13
 7.006957405790437e-13
 7.403840453050481e-13
 7.626736698782e-13
 7.626736698782e-13
 7.403840453050481e-13
 7.006957405790437e-13
 6.422721512619467e-13
 5.998654264288694e-13
 6.140888578892723e-13
 6.612233005055812e-13
 6.845197152161031e-13
 7.556935762917383e-13
 7.737067822359556e-13
 7.737067822359556e-13
 7.556935762917383e-13
 6.845197152161031e-13
 6.612233005055812e-13
 6.140888578892723e-13
 5.828291408521702e-13
 6.310362388878277e-13
 7.166067869310289e-13
 7.349000422963992e-13
 8.225809898683434e-13
 8.225809898683434e-13
 7.349000422963992e-13
 7.166067869310289e-13
 6.310362388878277e-13
 5.828291408521702e-13
 6.1322637506106e-13
 6.955498460178844e-13
 8.31040694159596e-13
 9.163593278280202e-13
 7.415129708171486e-13
 7.415129708171486e-13
 9.163593278280202e-13
 8.31040694159596e-13
 6.955498460178844e-13
 6.1322637506106e-13
 5.476530145175074e-13
 5.811138788051895e-13
 7.235442713721119e-13
 9.514785877587362e-13
 1.5209641272134755e-12
 1.5209641272134755e-12
 9.514785877587362e-13
 7.235442713721119e-13
 5.811138788051895e-13
 5.476530145175074e-13
 7.745508336272355e-13
 5.629061127811197e-13
 7.711768506765693e-13
 1.9514433471923276e-12
 4.5374170440481976e-05
 4.5374170440481976e-05
 1.9514433471923276e-12
 7.711768506765693e-13
 5.629061127811197e-13
 7.745508336272355e-13
 5.906401669836248e-13
 1.1902403975611042e-12
 1.1285682674846975e-12
 0.0002864380076061934
 0.0002346484106965363
 0.0002346484106965363
 0.0002864380076061934
 1.1285682674846975e-12
 1.1902403975611042e-12
 5.906401669836248e-13
 8.339406639204516e-13
 1.3456921124296861e-12
 5.3254196245688945e-05
 0.0003796208184212446
 0.000199803602299653
 0.000199803602299653
 0.0003796208184212446
 5.3254196245688945e-05
 1.3456921124296861e-12
 8.339406639204516e-13
 8.858886389219445e-13
 1.8979800641295147e-13
 2.2465204892796464e-05
 0.00025601996458135545
 0.00022218303638510406
 0.00022218303638510406
 0.00025601996458135545
 2.2465204892796464e-05
 1.8979800641295147e-13
 8.858886389219445e-13
 5.066392726356395e-13
 5.786106186192463e-13
 1.192404356677168e-12
 0.00013355644477996975
 0.00010355059202993289
 0.00010355059202993289
 0.00013355644477996975
 1.192404356677168e-12
 5.786106186192463e-13
 5.066392726356395e-13
 6.477710078403587e-13
 5.670517224179439e-13
 2.6348510800744407e-05
 0.0002082283899653703
 0.00012063675239915028
 0.00012063675239915028
 0.0002082283899653703
 2.6348510800744407e-05
 5.670517224179439e-13
 6.477710078403587e-13
 7.978464893962367e-13
 3.8984505727757135e-13
 0.00017541067791171372
 0.00022018735762685537
 0.0001841239136410877
 0.0001841239136410877
 0.00022018735762685537
 0.00017541067791171372
 3.8984505727757135e-13
 7.978464893962367e-13
 1.0422452831337914e-12
 4.3473533692210686e-13
 0.00012926770432386547
 0.0003839762357529253
 0.0003048999351449311
 0.0003048999351449311
 0.0003839762357529253
 0.00012926770432386547
 4.3473533692210686e-13
 1.0422452831337914e-12
 8.879915574556974e-13
 1.5575098719425307e-12
 1.7158879568948682e-12
 6.27676272415556e-05
 0.00027713278541341424
 0.00027713278541341424
 6.27676272415556e-05
 1.7158879568948682e-12
 1.5575098719425307e-12
 8.879915574556974e-13
 6.46391197945545e-13
 6.429564996732196e-13
 3.3935761102263373e-13
 5.741434346180629e-13
 1.799096678925527e-12
 1.799096678925527e-12
 5.741434346180629e-13
 3.3935761102263373e-13
 6.429564996732196e-13
 6.46391197945545e-13
 6.96838040829123e-13
 6.679249709741486e-13
 7.389335454285884e-13
 7.363022951761833e-13
 9.61708035256137e-13
 9.61708035256137e-13
 7.363022951761833e-13
 7.389335454285884e-13
 6.679249709741486e-13
 6.96838040829123e-13
 5.908214455868643e-13
 6.848460058599126e-13
 7.977450080728921e-13
 1.0532434299714843e-12
 1.102709503569832e-12
 1.102709503569832e-12
 1.0532434299714843e-12
 7.977450080728921e-13
 6.848460058599126e-13
 5.908214455868643e-13
 6.340384489135487e-13
 6.72413947438999e-13
 7.342423110484608e-13
 7.547533561677588e-13
 8.124838150359859e-13
 8.124838150359859e-13
 7.547533561677588e-13
 7.342423110484608e-13
 6.72413947438999e-13
 6.340384489135487e-13
 6.00445203540606e-13
 6.438770415277684e-13
 7.052766031780122e-13
 7.618614398206824e-13
 7.525348074723104e-13
 7.525348074723104e-13
 7.618614398206824e-13
 7.052766031780122e-13
 6.438770415277684e-13
 6.00445203540606e-13
 6.115304118127496e-13
 6.388473192293909e-13
 6.808174900577169e-13
 7.161241001238383e-13
 7.473965565364671e-13
 7.473965565364671e-13
 7.161241001238383e-13
 6.808174900577169e-13
 6.388473192293909e-13
 6.115304118127496e-13
 6.115304118127496e-13
 6.388473192293909e-13
 6.808174900577169e-13
 7.161241001238383e-13
 7.473965565364671e-13
 7.473965565364671e-13
 7.161241001238383e-13
 6.808174900577169e-13
 6.388473192293909e-13
 6.115304118127496e-13
 6.00445203540606e-13
 6.438770415277684e-13
 7.052766031780122e-13
 7.618614398206824e-13
 7.525348074723104e-13
 7.525348074723104e-13
 7.618614398206824e-13
 7.052766031780122e-13
 6.438770415277684e-13
 6.00445203540606e-13
 6.340384489135487e-13
 6.72413947438999e-13
 7.342423110484608e-13
 7.547533561677588e-13
 8.124838150359859e-13
 8.124838150359859e-13
 7.547533561677588e-13
 7.342423110484608e-13
 6.72413947438999e-13
 6.340384489135487e-13
 5.908214455868643e-13
 6.848460058599126e-13
 7.977450080728921e-13
 1.0532434299714843e-12
 1.102709503569832e-12
 1.102709503569832e-12
 1.0532434299714843e-12
 7.977450080728921e-13
 6.848460058599126e-13
 5.908214455868643e-13
 6.96838040829123e-13
 6.679249709741486e-13
 7.389335454285884e-13
 7.363022951761833e-13
 9.61708035256137e-13
 9.61708035256137e-13
 7.363022951761833e-13
 7.389335454285884e-13
 6.679249709741486e-13
 6.96838040829123e-13
 6.46391197945545e-13
 6.429564996732196e-13
 3.3935761102263373e-13
 5.741434346180629e-13
 1.799096678925527e-12
 1.799096678925527e-12
 5.741434346180629e-13
 3.3935761102263373e-13
 6.429564996732196e-13
 6.46391197945545e-13
 8.879915574556974e-13
 1.5575098719425307e-12
 1.7158879568948682e-12
 6.27676272415556e-05
 0.00027713278541341424
 0.00027713278541341424
 6.27676272415556e-05
 1.7158879568948682e-12
 1.5575098719425307e-12
 8.879915574556974e-13
 1.0422452831337914e-12
 4.3473533692210686e-13
 0.00012926770432386547
 0.0003839762357529253
 0.0003048999351449311
 0.0003048999351449311
 0.0003839762357529253
 0.00012926770432386547
 4.3473533692210686e-13
 1.0422452831337914e-12
 7.978464893962367e-13
 3.8984505727757135e-13
 0.00017541067791171372
 0.00022018735762685537
 0.0001841239136410877
 0.0001841239136410877
 0.00022018735762685537
 0.00017541067791171372
 3.8984505727757135e-13
 7.978464893962367e-13
 6.477710078403587e-13
 5.670517224179439e-13
 2.6348510800744407e-05
 0.0002082283899653703
 0.00012063675239915028
 0.00012063675239915028
 0.0002082283899653703
 2.6348510800744407e-05
 5.670517224179439e-13
 6.477710078403587e-13
 7.021816938665437e-13
 1.598476234189461e-12
 0.0001692748919595033
 0.00015266440459527075
 0.00019554985919967294
 0.00019554985919967294
 0.00015266440459527075
 0.0001692748919595033
 1.598476234189461e-12
 7.021816938665437e-13
 1.0361304913011904e-12
 3.0901500976121543e-12
 0.00036877498496323824
 0.00020244195184204727
 0.0001745792687870562
 0.0001745792687870562
 0.00020244195184204727
 0.00036877498496323824
 3.0901500976121543e-12
 1.0361304913011904e-12
 1.2004356926900717e-12
 1.738600908206267e-12
 4.182090924587101e-05
 0.00022891793923918158
 0.0003591887652873993
 0.0003591887652873993
 0.00022891793923918158
 4.182090924587101e-05
 1.738600908206267e-12
 1.2004356926900717e-12
 9.370100181871344e-13
 5.174125017326503e-13
 7.65080273440466e-13
 1.9956200320719875e-12
 4.83751246065367e-05
 4.83751246065367e-05
 1.9956200320719875e-12
 7.65080273440466e-13
 5.174125017326503e-13
 9.370100181871344e-13
 8.037134868223161e-13
 8.375951299731399e-13
 1.036470605522699e-12
 1.0856743021953053e-12
 7.041343419791901e-13
 7.041343419791901e-13
 1.0856743021953053e-12
 1.036470605522699e-12
 8.375951299731399e-13
 8.037134868223161e-13
 6.372023676932959e-13
 7.234812250157818e-13
 8.814272011922752e-13
 1.0065127984543176e-12
 8.658841872677403e-13
 8.658841872677403e-13
 1.0065127984543176e-12
 8.814272011922752e-13
 7.234812250157818e-13
 6.372023676932959e-13
 6.449680199638319e-13
 6.821568592114968e-13
 6.810060328155121e-13
 7.534344242249302e-13
 1.04735968162184e-12
 1.04735968162184e-12
 7.534344242249302e-13
 6.810060328155121e-13
 6.821568592114968e-13
 6.449680199638319e-13
 5.989756217059106e-13
 6.396058270692617e-13
 7.655788980195921e-13
 8.609294917596988e-13
 7.774650064365507e-13
 7.774650064365507e-13
 8.609294917596988e-13
 7.655788980195921e-13
 6.396058270692617e-13
 5.989756217059106e-13
 6.034543524602309e-13
 6.373555112501594e-13
 6.568232828289833e-13
 6.831461394837812e-13
 7.684211340147629e-13
 7.684211340147629e-13
 6.831461394837812e-13
 6.568232828289833e-13
 6.373555112501594e-13
 6.034543524602309e-13
 5.934934076308462e-13
 6.189748691896868e-13
 6.645196003705889e-13
 7.031469590607076e-13
 6.985420271735099e-13
 6.985420271735099e-13
 7.031469590607076e-13
 6.645196003705889e-13
 6.189748691896868e-13
 5.934934076308462e-13
 5.934934076308462e-13
 6.189748691896868e-13
 6.645196003705889e-13
 7.031469590607076e-13
 6.985420271735099e-13
 6.985420271735099e-13
 7.031469590607076e-13
 6.645196003705889e-13
 6.189748691896868e-13
 5.934934076308462e-13
 6.034543524602309e-13
 6.373555112501594e-13
 6.568232828289833e-13
 6.831461394837812e-13
 7.684211340147629e-13
 7.684211340147629e-13
 6.831461394837812e-13
 6.568232828289833e-13
 6.373555112501594e-13
 6.034543524602309e-13
 5.989756217059106e-13
 6.396058270692617e-13
 7.655788980195921e-13
 8.609294917596988e-13
 7.774650064365507e-13
 7.774650064365507e-13
 8.609294917596988e-13
 7.655788980195921e-13
 6.396058270692617e-13
 5.989756217059106e-13
 6.449680199638319e-13
 6.821568592114968e-13
 6.810060328155121e-13
 7.534344242249302e-13
 1.04735968162184e-12
 1.04735968162184e-12
 7.534344242249302e-13
 6.810060328155121e-13
 6.821568592114968e-13
 6.449680199638319e-13
 6.372023676932959e-13
 7.234812250157818e-13
 8.814272011922752e-13
 1.0065127984543176e-12
 8.658841872677403e-13
 8.658841872677403e-13
 1.0065127984543176e-12
 8.814272011922752e-13
 7.234812250157818e-13
 6.372023676932959e-13
 8.037134868223161e-13
 8.375951299731399e-13
 1.036470605522699e-12
 1.0856743021953053e-12
 7.041343419791901e-13
 7.041343419791901e-13
 1.0856743021953053e-12
 1.036470605522699e-12
 8.375951299731399e-13
 8.037134868223161e-13
 9.370100181871344e-13
 5.174125017326503e-13
 7.65080273440466e-13
 1.9956200320719875e-12
 4.83751246065367e-05
 4.83751246065367e-05
 1.9956200320719875e-12
 7.65080273440466e-13
 5.174125017326503e-13
 9.370100181871344e-13
 1.2004356926900717e-12
 1.738600908206267e-12
 4.182090924587101e-05
 0.00022891793923918158
 0.0003591887652873993
 0.0003591887652873993
 0.00022891793923918158
 4.182090924587101e-05
 1.738600908206267e-12
 1.2004356926900717e-12
 1.0361304913011904e-12
 3.0901500976121543e-12
 0.00036877498496323824
 0.00020244195184204727
 0.0001745792687870562
 0.0001745792687870562
 0.00020244195184204727
 0.00036877498496323824
 3.0901500976121543e-12
 1.0361304913011904e-12
 7.021816938665437e-13
 1.598476234189461e-12
 0.0001692748919595033
 0.00015266440459527075
 0.00019554985919967294
 0.00019554985919967294
 0.00015266440459527075
 0.0001692748919595033
 1.598476234189461e-12
 7.021816938665437e-13
 5.951909971824154e-13
 8.952728239819407e-05
 0.0003010932414326817
 0.00022820326557848603
 0.0003138065803796053
 0.0003138065803796053
 0.00022820326557848603
 0.0003010932414326817
 8.952728239819407e-05
 5.951909971824154e-13
 1.3394399521818312e-12
 5.7973906223196536e-05
 0.00030672704451717436
 0.00029199750861153007
 0.0002757574839051813
 0.0002757574839051813
 0.00029199750861153007
 0.00030672704451717436
 5.7973906223196536e-05
 1.3394399521818312e-12
 9.50262763442511e-13
 3.0419048356600253e-12
 2.3267741899868355e-12
 0.00010629637108650059
 0.0001799443271011114
 0.0001799443271011114
 0.00010629637108650059
 2.3267741899868355e-12
 3.0419048356600253e-12
 9.50262763442511e-13
 9.051788723950238e-13
 6.418171658202632e-13
 1.2862716534250973e-12
 1.3567059801988801e-12
 2.6407686801177555e-12
 2.6407686801177555e-12
 1.3567059801988801e-12
 1.2862716534250973e-12
 6.418171658202632e-13
 9.051788723950238e-13
 6.844240343743813e-13
 1.1072639116357919e-12
 1.0867377961062963e-12
 8.995919243900974e-13
 1.3826964746777026e-12
 1.3826964746777026e-12
 8.995919243900974e-13
 1.0867377961062963e-12
 1.1072639116357919e-12
 6.844240343743813e-13
 6.36640805178057e-13
 6.421995639264988e-13
 8.347608628639369e-13
 1.019044007163905e-12
 1.0182193629915126e-12
 1.0182193629915126e-12
 1.019044007163905e-12
 8.347608628639369e-13
 6.421995639264988e-13
 6.36640805178057e-13
 5.966577600914624e-13
 6.475483669242388e-13
 7.276824000139459e-13
 7.585899681854247e-13
 7.164746768963115e-13
 7.164746768963115e-13
 7.585899681854247e-13
 7.276824000139459e-13
 6.475483669242388e-13
 5.966577600914624e-13
 5.751919665390737e-13
 6.064805775640725e-13
 6.215553245703109e-13
 6.873014527300492e-13
 8.064948990756104e-13
 8.064948990756104e-13
 6.873014527300492e-13
 6.215553245703109e-13
 6.064805775640725e-13
 5.751919665390737e-13
 5.706536046652666e-13
 5.943564325601447e-13
 6.610431061045141e-13
 6.94546850588118e-13
 6.614176437449992e-13
 6.614176437449992e-13
 6.94546850588118e-13
 6.610431061045141e-13
 5.943564325601447e-13
 5.706536046652666e-13
 5.666654211838873e-13
 5.867687520762221e-13
 6.107040871269898e-13
 6.400157639106785e-13
 6.738474795514593e-13
 6.738474795514593e-13
 6.400157639106785e-13
 6.107040871269898e-13
 5.867687520762221e-13
 5.666654211838873e-13
 5.666654211838873e-13
 5.867687520762221e-13
 6.107040871269898e-13
 6.400157639106785e-13
 6.738474795514593e-13
 6.738474795514593e-13
 6.400157639106785e-13
 6.107040871269898e-13
 5.867687520762221e-13
 5.666654211838873e-13
 5.706536046652666e-13
 5.943564325601447e-13
 6.610431061045141e-13
 6.94546850588118e-13
 6.614176437449992e-13
 6.614176437449992e-13
 6.94546850588118e-13
 6.610431061045141e-13
 5.943564325601447e-13
 5.706536046652666e-13
 5.751919665390737e-13
 6.064805775640725e-13
 6.215553245703109e-13
 6.873014527300492e-13
 8.064948990756104e-13
 8.064948990756104e-13
 6.873014527300492e-13
 6.215553245703109e-13
 6.064805775640725e-13
 5.751919665390737e-13
 5.966577600914624e-13
 6.475483669242388e-13
 7.276824000139459e-13
 7.585899681854247e-13
 7.164746768963115e-13
 7.164746768963115e-13
 7.585899681854247e-13
 7.276824000139459e-13
 6.475483669242388e-13
 5.966577600914624e-13
 6.36640805178057e-13
 6.421995639264988e-13
 8.347608628639369e-13
 1.019044007163905e-12
 1.0182193629915126e-12
 1.0182193629915126e-12
 1.019044007163905e-12
 8.347608628639369e-13
 6.421995639264988e-13
 6.36640805178057e-13
 6.844240343743813e-13
 1.1072639116357919e-12
 1.0867377961062963e-12
 8.995919243900974e-13
 1.3826964746777026e-12
 1.3826964746777026e-12
 8.995919243900974e-13
 1.0867377961062963e-12
 1.1072639116357919e-12
 6.844240343743813e-13
 9.051788723950238e-13
 6.418171658202632e-13
 1.2862716534250973e-12
 1.3567059801988801e-12
 2.6407686801177555e-12
 2.6407686801177555e-12
 1.3567059801988801e-12
 1.2862716534250973e-12
 6.418171658202632e-13
 9.051788723950238e-13
 9.50262763442511e-13
 3.0419048356600253e-12
 2.3267741899868355e-12
 0.00010629637108650059
 0.0001799443271011114
 0.0001799443271011114
 0.00010629637108650059
 2.3267741899868355e-12
 3.0419048356600253e-12
 9.50262763442511e-13
 1.3394399521818312e-12
 5.7973906223196536e-05
 0.00030672704451717436
 0.00029199750861153007
 0.0002757574839051813
 0.0002757574839051813
 0.00029199750861153007
 0.00030672704451717436
 5.7973906223196536e-05
 1.3394399521818312e-12
 5.951909971824154e-13
 8.952728239819407e-05
 0.0003010932414326817
 0.00022820326557848603
 0.0003138065803796053
 0.0003138065803796053
 0.00022820326557848603
 0.0003010932414326817
 8.952728239819407e-05
 5.951909971824154e-13
 2.4882261641323566e-05
 0.0002687511150725186
 0.0004193777858745307
 0.00043256994104012847
 0.00038501297240145504
 0.00038501297240145504
 0.00043256994104012847
 0.0004193777858745307
 0.0002687511150725186
 2.4882261641323566e-05
 1.168082124081149e-12
 6.601565837627277e-05
 0.00015504278417211026
 0.0002486678131390363
 0.0002571069053374231
 0.0002571069053374231
 0.0002486678131390363
 0.00015504278417211026
 6.601565837627277e-05
 1.168082124081149e-12
 1.270178406898026e-12
 1.9461240344936792e-12
 1.1313535828658128e-12
 7.440705667249858e-05
 4.46261910838075e-05
 4.46261910838075e-05
 7.440705667249858e-05
 1.1313535828658128e-12
 1.9461240344936792e-12
 1.270178406898026e-12
 7.200211564126202e-13
 7.579950664533819e-13
 1.572366043790796e-12
 1.6673278426318494e-12
 9.636708748692047e-13
 9.636708748692047e-13
 1.6673278426318494e-12
 1.572366043790796e-12
 7.579950664533819e-13
 7.200211564126202e-13
 4.386534538380893e-13
 7.913487573563138e-13
 9.482978638453154e-13
 8.612646186512141e-13
 6.865421859486576e-13
 6.865421859486576e-13
 8.612646186512141e-13
 9.482978638453154e-13
 7.913487573563138e-13
 4.386534538380893e-13
 5.841788641366974e-13
 5.868731607454325e-13
 5.132016773351511e-13
 6.636575512232457e-13
 8.421217824634841e-13
 8.421217824634841e-13
 6.636575512232457e-13
 5.132016773351511e-13
 5.868731607454325e-13
 5.841788641366974e-13
 4.961998151774283e-13
 5.357489625545941e-13
 6.692591359575006e-13
 6.698809801135297e-13
 7.021297605824817e-13
 7.021297605824817e-13
 6.698809801135297e-13
 6.692591359575006e-13
 5.357489625545941e-13
 4.961998151774283e-13
 5.39923628809641e-13
 5.712579931663186e-13
 5.808841363648398e-13
 6.425815283518654e-13
 6.174721649786219e-13
 6.174721649786219e-13
 6.425815283518654e-13
 5.808841363648398e-13
 5.712579931663186e-13
 5.39923628809641e-13
 5.202024249729986e-13
 5.361256143893156e-13
 5.726807374671627e-13
 5.878990328410383e-13
 6.449173877223768e-13
 6.449173877223768e-13
 5.878990328410383e-13
 5.726807374671627e-13
 5.361256143893156e-13
 5.202024249729986e-13
 5.31002271233344e-13
 5.492331849737964e-13
 5.743636902894034e-13
 6.037653558534084e-13
 6.023941111557574e-13
 6.023941111557574e-13
 6.037653558534084e-13
 5.743636902894034e-13
 5.492331849737964e-13
 5.31002271233344e-13
 5.31002271233344e-13
 5.492331849737964e-13
 5.743636902894034e-13
 6.037653558534084e-13
 6.023941111557574e-13
 6.023941111557574e-13
 6.037653558534084e-13
 5.743636902894034e-13
 5.492331849737964e-13
 5.31002271233344e-13
 5.202024249729986e-13
 5.361256143893156e-13
 5.726807374671627e-13
 5.878990328410383e-13
 6.449173877223768e-13
 6.449173877223768e-13
 5.878990328410383e-13
 5.726807374671627e-13
 5.361256143893156e-13
 5.202024249729986e-13
 5.39923628809641e-13
 5.712579931663186e-13
 5.808841363648398e-13
 6.425815283518654e-13
 6.174721649786219e-13
 6.174721649786219e-13
 6.425815283518654e-13
 5.808841363648398e-13
 5.712579931663186e-13
 5.39923628809641e-13
 4.961998151774283e-13
 5.357489625545941e-13
 6.692591359575006e-13
 6.698809801135297e-13
 7.021297605824817e-13
 7.021297605824817e-13
 6.698809801135297e-13
 6.692591359575006e-13
 5.357489625545941e-13
 4.961998151774283e-13
 5.841788641366974e-13
 5.868731607454325e-13
 5.132016773351511e-13
 6.636575512232457e-13
 8.421217824634841e-13
 8.421217824634841e-13
 6.636575512232457e-13
 5.132016773351511e-13
 5.868731607454325e-13
 5.841788641366974e-13
 4.386534538380893e-13
 7.913487573563138e-13
 9.482978638453154e-13
 8.612646186512141e-13
 6.865421859486576e-13
 6.865421859486576e-13
 8.612646186512141e-13
 9.482978638453154e-13
 7.913487573563138e-13
 4.386534538380893e-13
 7.200211564126202e-13
 7.579950664533819e-13
 1.572366043790796e-12
 1.6673278426318494e-12
 9.636708748692047e-13
 9.636708748692047e-13
 1.6673278426318494e-12
 1.572366043790796e-12
 7.579950664533819e-13
 7.200211564126202e-13
 1.270178406898026e-12
 1.9461240344936792e-12
 1.1313535828658128e-12
 7.440705667249858e-05
 4.46261910838075e-05
 4.46261910838075e-05
 7.440705667249858e-05
 1.1313535828658128e-12
 1.9461240344936792e-12
 1.270178406898026e-12
 1.168082124081149e-12
 6.601565837627277e-05
 0.00015504278417211026
 0.0002486678131390363
 0.0002571069053374231
 0.0002571069053374231
 0.0002486678131390363
 0.00015504278417211026
 6.601565837627277e-05
 1.168082124081149e-12
 2.4882261641323566e-05
 0.0002687511150725186
 0.0004193777858745307
 0.00043256994104012847
 0.00038501297240145504
 0.00038501297240145504
 0.00043256994104012847
 0.0004193777858745307
 0.0002687511150725186
 2.4882261641323566e-05
 0.00012239647912792861
 0.0004154389607720077
 0.00048251496627926826
 0.0006765944417566061
 0.0007420826586894691
 0.0007420826586894691
 0.0006765944417566061
 0.00048251496627926826
 0.0004154389607720077
 0.00012239647912792861
 6.084317760723934e-07
 3.9375940104946494e-05
 0.0001578161318320781
 0.00027831303304992616
 0.00028325949097052217
 0.00028325949097052217
 0.00027831303304992616
 0.0001578161318320781
 3.9375940104946494e-05
 6.084317760723934e-07
 1.163764072088791e-12
 6.297801364608946e-13
 3.7305799196474254e-05
 5.263840648694895e-05
 5.645583587465808e-05
 5.645583587465808e-05
 5.263840648694895e-05
 3.7305799196474254e-05
 6.297801364608946e-13
 1.163764072088791e-12
 3.9541834433512446e-13
 3.6626057004982004e-13
 5.063719625900132e-13
 7.35507195512991e-13
 9.566609657229996e-13
 9.566609657229996e-13
 7.35507195512991e-13
 5.063719625900132e-13
 3.6626057004982004e-13
 3.9541834433512446e-13
 3.8078654812645496e-13
 3.6295730418585415e-13
 4.4858122208099593e-13
 4.444617146114743e-13
 5.37623493900713e-13
 5.37623493900713e-13
 4.444617146114743e-13
 4.4858122208099593e-13
 3.6295730418585415e-13
 3.8078654812645496e-13
 3.743645476082802e-13
 4.61397738592273e-13
 5.343334281981971e-13
 4.905864126394932e-13
 4.0079108109582207e-13
 4.0079108109582207e-13
 4.905864126394932e-13
 5.343334281981971e-13
 4.61397738592273e-13
 3.743645476082802e-13
 4.700349809892701e-13
 4.821379298407258e-13
 4.787794509811261e-13
 5.502119484850077e-13
 6.247451015718719e-13
 6.247451015718719e-13
 5.502119484850077e-13
 4.787794509811261e-13
 4.821379298407258e-13
 4.700349809892701e-13
 4.5104526125334943e-13
 4.762549946427108e-13
 5.293870268367751e-13
 5.330684895235582e-13
 5.458151834149272e-13
 5.458151834149272e-13
 5.330684895235582e-13
 5.293870268367751e-13
 4.762549946427108e-13
 4.5104526125334943e-13
 4.92073124868514e-13
 5.102654410116259e-13
 5.229793919973857e-13
 5.584172989465952e-13
 5.648972500708893e-13
 5.648972500708893e-13
 5.584172989465952e-13
 5.229793919973857e-13
 5.102654410116259e-13
 4.92073124868514e-13
 4.88407654163775e-13
 5.029384027299688e-13
 5.275909375178356e-13
 5.420533813471629e-13
 5.577765896727649e-13
 5.577765896727649e-13
 5.420533813471629e-13
 5.275909375178356e-13
 5.029384027299688e-13
 4.88407654163775e-13
 4.88407654163775e-13
 5.029384027299688e-13
 5.275909375178356e-13
 5.420533813471629e-13
 5.577765896727649e-13
 5.577765896727649e-13
 5.420533813471629e-13
 5.275909375178356e-13
 5.029384027299688e-13
 4.88407654163775e-13
 4.92073124868514e-13
 5.102654410116259e-13
 5.229793919973857e-13
 5.584172989465952e-13
 5.648972500708893e-13
 5.648972500708893e-13
 5.584172989465952e-13
 5.229793919973857e-13
 5.102654410116259e-13
 4.92073124868514e-13
 4.5104526125334943e-13
 4.762549946427108e-13
 5.293870268367751e-13
 5.330684895235582e-13
 5.458151834149272e-13
 5.458151834149272e-13
 5.330684895235582e-13
 5.293870268367751e-13
 4.762549946427108e-13
 4.5104526125334943e-13
 4.700349809892701e-13
 4.821379298407258e-13
 4.787794509811261e-13
 5.502119484850077e-13
 6.247451015718719e-13
 6.247451015718719e-13
 5.502119484850077e-13
 4.787794509811261e-13
 4.821379298407258e-13
 4.700349809892701e-13
 3.743645476082802e-13
 4.61397738592273e-13
 5.343334281981971e-13
 4.905864126394932e-13
 4.0079108109582207e-13
 4.0079108109582207e-13
 4.905864126394932e-13
 5.343334281981971e-13
 4.61397738592273e-13
 3.743645476082802e-13
 3.8078654812645496e-13
 3.6295730418585415e-13
 4.4858122208099593e-13
 4.444617146114743e-13
 5.37623493900713e-13
 5.37623493900713e-13
 4.444617146114743e-13
 4.4858122208099593e-13
 3.6295730418585415e-13
 3.8078654812645496e-13
 3.9541834433512446e-13
 3.6626057004982004e-13
 5.063719625900132e-13
 7.35507195512991e-13
 9.566609657229996e-13
 9.566609657229996e-13
 7.35507195512991e-13
 5.063719625900132e-13
 3.6626057004982004e-13
 3.9541834433512446e-13
 1.163764072088791e-12
 6.297801364608946e-13
 3.7305799196474254e-05
 5.263840648694895e-05
 5.645583587465808e-05
 5.645583587465808e-05
 5.263840648694895e-05
 3.7305799196474254e-05
 6.297801364608946e-13
 1.163764072088791e-12
 6.084317760723934e-07
 3.9375940104946494e-05
 0.0001578161318320781
 0.00027831303304992616
 0.00028325949097052217
 0.00028325949097052217
 0.00027831303304992616
 0.0001578161318320781
 3.9375940104946494e-05
 6.084317760723934e-07
 0.00012239647912792861
 0.0004154389607720077
 0.00048251496627926826
 0.0006765944417566061
 0.0007420826586894691
 0.0007420826586894691
 0.0006765944417566061
 0.00048251496627926826
 0.0004154389607720077
 0.00012239647912792861
 0.0003149343538098037
 0.000410189270041883
 0.000522906833793968
 0.0006284935516305268
 0.0007121108355931938
 0.0007121108355931938
 0.0006284935516305268
 0.000522906833793968
 0.000410189270041883
 0.0003149343538098037
 1.05227618405479e-05
 3.982335692853667e-05
 8.815660112304613e-05
 0.00012040128058288246
 0.00014368994743563235
 0.00014368994743563235
 0.00012040128058288246
 8.815660112304613e-05
 3.982335692853667e-05
 1.05227618405479e-05
 1.1920441034003054e-13
 1.1691815321891036e-13
 0.000112110712507274
 9.32836119318381e-05
 9.078814036911353e-05
 9.078814036911353e-05
 9.32836119318381e-05
 0.000112110712507274
 1.1691815321891036e-13
 1.1920441034003054e-13
 2.321013390163551e-13
 3.211576512542058e-13
 6.261254535677718e-13
 6.322594899889344e-13
 6.990253102918953e-13
 6.990253102918953e-13
 6.322594899889344e-13
 6.261254535677718e-13
 3.211576512542058e-13
 2.321013390163551e-13
 2.5228725900917903e-13
 2.1653504185016603e-13
 1.7698836103294258e-13
 2.969587737603613e-13
 3.320803647257481e-13
 3.320803647257481e-13
 2.969587737603613e-13
 1.7698836103294258e-13
 2.1653504185016603e-13
 2.5228725900917903e-13
 3.373258432564502e-13
 3.570889515070591e-13
 4.166216796466088e-13
 4.2960551565815464e-13
 5.500747969101882e-13
 5.500747969101882e-13
 4.2960551565815464e-13
 4.166216796466088e-13
 3.570889515070591e-13
 3.373258432564502e-13
 3.558689801175241e-13
 4.014206772973844e-13
 4.2050418052122507e-13
 4.389053953179206e-13
 3.785655328710641e-13
 3.785655328710641e-13
 4.389053953179206e-13
 4.2050418052122507e-13
 4.014206772973844e-13
 3.558689801175241e-13
 4.366215776516885e-13
 4.455402789326629e-13
 4.698511545109252e-13
 5.011610701086133e-13
 5.705756505290649e-13
 5.705756505290649e-13
 5.011610701086133e-13
 4.698511545109252e-13
 4.455402789326629e-13
 4.366215776516885e-13
 4.376329485432373e-13
 4.658425880287032e-13
 4.911239058665029e-13
 5.064254137571167e-13
 4.932525742018523e-13
 4.932525742018523e-13
 5.064254137571167e-13
 4.911239058665029e-13
 4.658425880287032e-13
 4.376329485432373e-13
 4.651413260635395e-13
 4.792727087594983e-13
 4.992057657006443e-13
 5.211144016303848e-13
 5.398405789232286e-13
 5.398405789232286e-13
 5.211144016303848e-13
 4.992057657006443e-13
 4.792727087594983e-13
 4.651413260635395e-13
 4.651413260635395e-13
 4.792727087594983e-13
 4.992057657006443e-13
 5.211144016303848e-13
 5.398405789232286e-13
 5.398405789232286e-13
 5.211144016303848e-13
 4.992057657006443e-13
 4.792727087594983e-13
 4.651413260635395e-13
 4.376329485432373e-13
 4.658425880287032e-13
 4.911239058665029e-13
 5.064254137571167e-13
 4.932525742018523e-13
 4.932525742018523e-13
 5.064254137571167e-13
 4.911239058665029e-13
 4.658425880287032e-13
 4.376329485432373e-13
 4.366215776516885e-13
 4.455402789326629e-13
 4.698511545109252e-13
 5.011610701086133e-13
 5.705756505290649e-13
 5.705756505290649e-13
 5.011610701086133e-13
 4.698511545109252e-13
 4.455402789326629e-13
 4.366215776516885e-13
 3.558689801175241e-13
 4.014206772973844e-13
 4.2050418052122507e-13
 4.389053953179206e-13
 3.785655328710641e-13
 3.785655328710641e-13
 4.389053953179206e-13
 4.2050418052122507e-13
 4.014206772973844e-13
 3.558689801175241e-13
 3.373258432564502e-13
 3.570889515070591e-13
 4.166216796466088e-13
 4.2960551565815464e-13
 5.500747969101882e-13
 5.500747969101882e-13
 4.2960551565815464e-13
 4.166216796466088e-13
 3.570889515070591e-13
 3.373258432564502e-13
 2.5228725900917903e-13
 2.1653504185016603e-13
 1.7698836103294258e-13
 2.969587737603613e-13
 3.320803647257481e-13
 3.320803647257481e-13
 2.969587737603613e-13
 1.7698836103294258e-13
 2.1653504185016603e-13
 2.5228725900917903e-13
 2.321013390163551e-13
 3.211576512542058e-13
 6.261254535677718e-13
 6.322594899889344e-13
 6.990253102918953e-13
 6.990253102918953e-13
 6.322594899889344e-13
 6.261254535677718e-13
 3.211576512542058e-13
 2.321013390163551e-13
 1.1920441034003054e-13
 1.1691815321891036e-13
 0.000112110712507274
 9.32836119318381e-05
 9.078814036911353e-05
 9.078814036911353e-05
 9.32836119318381e-05
 0.000112110712507274
 1.1691815321891036e-13
 1.1920441034003054e-13
 1.05227618405479e-05
 3.982335692853667e-05
 8.815660112304613e-05
 0.00012040128058288246
 0.00014368994743563235
 0.00014368994743563235
 0.00012040128058288246
 8.815660112304613e-05
 3.982335692853667e-05
 1.05227618405479e-05
 0.0003149343538098037
 0.000410189270041883
 0.000522906833793968
 0.0006284935516305268
 0.0007121108355931938
 0.0007121108355931938
 0.0006284935516305268
 0.000522906833793968
 0.000410189270041883
 0.0003149343538098037