0.00022303069999907166
 0.00016100060020107776
 0.0001690984790911898
 0.00016953353770077229
 6.190901469856763e-14
 5.854781855727312e-14
 5.1574325051536446e-14
 4.5312932144556464e-14
 0.00016686295566614717
 1.6188516727220353e-13
 0.00014128463226370513
 0.0001229693734785542
 0.0001258800912182778
 0.00015518098371103406
 0.00014117607497610152
 0.00014847850252408534
 1.0839412185751143e-13
 1.1316634613992363e-13
 1.4766341632516805e-13
 1.3898775251368345e-13
 0.00011341064964653924
 0.00012765865540131927
 0.00010494000161997974
 1.6419661854130685e-13
 1.8449640686729607e-13
 5.382102641164621e-13
 2.929364921206573e-13
 8.89646632729578e-14
 0.00012163638166384771
 8.975456148618832e-05
 0.0001096051637432538
 3.6854043037812256e-13
 0.00018573329725768417
 1.5051713131084e-13
 0.00015444665041286498
 1.0977853825630546e-12
 9.407784880982595e-13
 1.188664292862962e-12
 8.418784874959784e-13
 1.2472772380894837e-12
 2.3379822383651216e-13
 2.825919023525386e-13
 5.247182896517266e-13
 5.24074598821922e-13
 5.763383477061512e-13
 3.866995970398107e-13
 6.139220533850354e-13
 1.1724501306886043e-13
 1.1225835799127948e-12
 5.963051233348615e-13
 6.955223614928119e-13
 7.345134158016908e-13
 0.0001716479891911149
 0.0001746936613926664
 1.434641793383873e-13
 0.00026100175455212593
 0.00015093100955709815
 0.00012366125884000212
 0.00010942442168015987
 4.572263249437436e-13
 7.002341957142166e-13
 5.932804703241701e-13
 5.234740050284736e-13
 5.1462344585404e-13
 3.825097519543491e-13
 0.00016020670591387898
 9.671699081081897e-05
 2.8659710780802594e-13
 0.00014790896966587752
 8.076131052803248e-05
 0.00021531680249609053
 0.00016010020044632256
 1.5576931834248436e-13
 1.6673805619624865e-13
 0.0001535056362627074
 1.6140834870927157e-13
 1.3576253565360935e-13
 3.225823471189604e-13
 6.0569110219965e-14
 5.047597539595272e-13
 0.00012782972771674395
 0.00013953205780126154
 0.0001529319997644052
 0.00018240083591081202
 0.00014116422971710563
 1.8929649514554114e-13
 0.00012029440404148772
 1.1871227742141222e-13
 0.00011215127597097307
 0.0001062894007191062
 1.6831570588248662e-13
 2.6991811563625845e-12
 2.3286912762682244e-12
 1.3704384849155815e-12
 2.9524901403940595e-13
 6.014602878245956e-13
 2.876922658434644e-12
 2.4473814901754265e-12
 8.491144121375652e-14
 0.00011881419777637348
 0.0002620720479171723
 0.0003575962327886373
 3.755436716809668e-13
 0.000206250449991785
 0.0003154384030494839
 3.128249070373512e-13
 3.207123423169117e-13
 0.00016532216977793723
 0.00020411617879290134
 0.00013107685663271695
 0.00012768471788149327
 0.0001591040927451104
 4.77118344832661e-13
 1.1482464013900379e-13
 1.0160101926448561e-13
 1.7408782206594642e-13
 0.0001783307088771835
 0.00013780045264866203
 0.00012273379252292216
 8.982836152426898e-05
 0.00013296259567141533
 0.00016096800391096622
 3.4679182268904096e-13
 0.00015133351553231478
 0.00013141322415322065
 7.725576905634468e-13
 0.00014475629723165184
 0.00013077372568659484
 0.00011730619007721543
 2.001645160384924e-12
 0.00014492124319076538
 7.765699975431639e-13
 0.0001238436670973897
 0.000255214428761974
 0.00015320103557314724
 3.6192202663640205e-13
 0.00012052917736582458
 4.691372615904521e-13
 2.968788951653034e-13
 4.745652655568922e-13
 3.9653515388794747e-13
 3.048078824931244e-13
 4.1726523495114187e-13
 3.269497845202751e-13
 0.0001002411954686977
 5.699428559310937e-13
 0.00018938214634545147
 0.00012890581274405122
 0.00014745064254384488
 2.195671487507933e-13
 1.6861506765483703e-13
 7.666118716394277e-13
 1.351251060913508e-13
 2.72809850881614e-13
 9.851660433923826e-05
 0.00014820012438576669
 3.470210501333587e-13
 2.5354702061844425e-13
 2.8443637419342527e-13
 2.82592281823299e-13
 2.699736593135549e-13
 2.750679729563582e-13
 0.00011688365339068696
 7.065379031701013e-05
 1.1365584038150467e-12
 2.690264460855629e-13
 7.154929335229099e-05
 0.00013425640645436943
 0.0001953447936102748
 0.00019449352112133056
 0.00013708247570320964
 2.2990595972133265e-12
 0.00019835034618154168
 1.2353410395321562e-13
 1.6332660050799586e-13
 0.00014074718637857586
 0.00013376791321206838
 1.6676184088140755e-13
 2.0616451254507062e-13
 4.3839972342467337e-13
 0.00016852766566444188
 4.027610493381739e-13
 1.3502989958807943e-13
 1.8909112014901808e-13
 1.970640854274605e-13
 2.8357164164570514e-13
 1.6256891937228152e-13
 2.0405785351382266e-13
 2.773822024935285e-13
 2.0600295286884313e-13
 0.00017726629448588938
 1.5436959978527842e-13
 0.0001720997242955491
 3.143127847837074e-13
 7.194137288024649e-05
 0.00016992563905660063
 0.00017428406863473356
 0.00017384724924340844
 7.426656520692632e-05
 0.00016009558748919517
 3.2909387563152814e-13
 0.00010789288353407755
 0.00025041698245331645
 4.955730379015144e-13
 0.00013555839541368186
 2.0058560118874774e-13
 0.00010870018013520166
 0.00011609277862589806
 2.944806941698741e-13
 1.1033749868633036e-12
 0.00013560547085944563
 9.211042197421193e-05
 8.855549822328612e-05
 6.920363375684246e-05
 9.945264901034534e-05
 3.752022564168511e-13
 4.1174051337465253e-14
 5.486004987960424e-13
 5.439186427647069e-13
 1.0971323675945666e-12
 0.00018616727902553976
 8.918560334691961e-14
 1.3536106914166512e-13
 1.272772577436132e-13
 1.145422732357071e-13
 1.355433641844414e-13
 8.92355511857533e-14
 2.1755701081795087e-13
 0.0001829658285714686
 1.4260961118603421e-13
 1.3618530673824292e-13
 1.283171295997712e-13
 7.098850587222705e-13
 5.427430423490809e-13
 5.388157368196866e-13
 5.467107886195088e-13
 0.00013025334919802845
 0.0001776704448275268
 0.000145994228660129
 0.0001659585104789585
 0.00016785581829026341
 0.0001585866993991658
 0.00013408306404016912
 2.873659011689753e-15
 0.00015976914437487721
 4.0811237310596493e-13
 5.311428922551154e-13
 4.3379267734323934e-13
 3.6212124878559626e-13
 1.9622591583296628e-13
 0.0001660414127400145
 8.090544293543056e-13
 8.814912871457636e-05
 0.00018288283899892122
 0.00012691656593233347
 4.991327446843274e-13
 0.00024383084382861853
 3.8226251320144095e-14
 1.1946255887729934e-13
 4.9965104753288414e-14
 2.3177059297924303e-14
 1.4761310934436472e-14
 0.0001968692522495985
 0.0001359829620923847
 0.00016159222286660224
 1.7154942017708757e-13
 0.0001404271024512127
 0.00016514067829120904
 0.00018529327644500881
 4.772947445261244e-13
 3.5902501132646647e-13
 3.2069402184129554e-15
 3.721110604978234e-13
 5.959717853769309e-13
 3.641126029158004e-13
 3.5985529335015587e-13
 4.246340421214939e-13
 3.7059686374373013e-13
 3.340015709753924e-13
 3.234430139085337e-13
 5.968171920209264e-13
 4.121809230733797e-13
 2.0269807425414565e-13
 3.585045400735648e-13
 3.5358546060688945e-13
 3.245030654776271e-13
 0.00019008651725016534
 0.00014170384383760393
 7.457758504714543e-14
 9.645987486409449e-14
 0.00014657978317700326
 1.7702083288800852e-13
 1.892777520004843e-13
 1.4214671106849153e-13
 0.00016420592146459967
 1.6218680586911616e-13
 7.817786132000015e-13
 0.00013175886124372482
 2.5980279261478625e-15
 0.00015244279347825795
 0.00020917433721479028
 0.0001501778606325388
 0.00015353236813098192
 2.335678850849676e-13
 5.842013071216678e-13
 4.834481881661745e-13
 4.969260137925591e-13
 5.564689876426387e-13
 0.00014069430471863598
 0.0001427570532541722
 6.469608377669689e-13
 9.532941791642532e-14
 7.516958518312411e-13
 1.4810339911928982e-13
 1.1969442906441252e-13
 4.880816345705086e-13
 8.182007046712847e-13
 3.1953847662476165e-13
 4.836236120776827e-13
 3.5418681334185853e-13
 0.0001240441488334909
 1.3215216952428693e-13
 1.0213683197812795e-13
 1.1663337396577989e-13
 1.1034948725185262e-13
 1.3320474009839017e-13
 1.3242391124629327e-13
 5.384301945271508e-13
 8.327650635048256e-13
 1.1890689171137336e-12
 3.2122514283944303e-13
 7.137776697821452e-13
 4.385527314562654e-13
 5.690919740661271e-13
 1.1263729613733217e-13
 1.826094885113566e-13
 0.00015390623593702912
 0.000154181441757828
 2.569750239423546e-13
 0.00013545772526413202
 0.00012805797450710088
 0.00016775360563769937
 2.1193806529640896e-13
 0.0001520538644399494
 9.66609647209374e-16
 9.874466923065484e-05
 0.00016591564053669572
 0.00015830079792067409
 0.00014379162166733295
 0.00015899281424935907
 0.00015873578377068043
 0.00012780360702890903
 0.00016389868687838316
 3.209727134686341e-13
 3.821218786271424e-13
 0.00012846382742282003
 0.00012017506378469989
 2.4363470225649553e-13
 0.00012185567175038159
 0.00022475399600807577
 0.00010378027218393981
 0.00017355619638692588
 1.8369027544699879e-13
 9.536759898765013e-05
 8.590288780396804e-05
 1.8393565750368657e-13
 4.903768905696604e-13
 1.1924359069603874e-13
 2.148151041813165e-13
 0.000235114770475775
 3.543837586664905e-13
 2.6708857022751664e-13
 0.00020211600349284708
 0.0001504733954789117
 4.531664671958424e-05
 1.327950200974079e-13
 1.3399815924821507e-13
 2.3092590123105494e-13
 1.3949194718147068e-13
 1.9072422677637868e-13
 1.2039841508753452e-13
 0.00013760685396846384
 0.00014050259778741747
 1.9420180524462594e-13
 5.083523120681666e-13
 6.779862045044882e-13
 4.948654333536417e-13
 3.1709747674857347e-13
 5.204825828143689e-13
 6.636357045494701e-13
 6.739652239073912e-13
 8.780234568919743e-13
 7.745795107746978e-13
 0.00016022546333260834
 6.870660581625998e-05
 0.000150241467054002
 0.00010186834697378799
 8.589206117903814e-05
 5.738301001902146e-13
 1.5243958439298266e-13
 1.2057828422794986e-13
 8.290201367344707e-05
 2.67493086058071e-13
 6.62459060549736e-05
 0.00011246524809394032
 0.00020482030231505632
 0.0001594382629264146
 3.4413498526536523e-13
 0.00016054112347774208
 0.00015319591329898685
 0.00014335005835164338
 0.00016746806795708835
 0.00010233023931505159
 8.734595030546188e-05
 0.00014811777509748936
 0.00025859594461508095
 2.5472140130662624e-13
 0.00012908378266729414
 0.00027291139122098684
 2.4550161708235263e-13
 0.0001352242979919538
 3.4520064758070124e-13
 9.769698226591572e-05
 8.438232907792553e-05
 2.8539261340450317e-13
 0.0001790074456948787
 0.00022502962383441627
 5.662777104870065e-13
 0.00015672219160478562
 2.5439315909890625e-13
 0.00018877982802223414
 4.618176500936766e-13
 4.213298546856814e-13
 4.2972233844223995e-13
 5.931342656612104e-13
 0.0005070612533017993
 7.163015834521502e-05
 7.770758862768457e-14
 7.674589869566262e-05
 0.00013524162932299078
 0.00014329982514027506
 3.932471481695593e-13
 1.3763870685551405e-13
 0.00014117588580120355
 6.38348501524888e-05
 1.5164357671047096e-13
 0.0004056882462464273
 0.00016768055502325296
 5.611943201810909e-13
 3.604004573075359e-13
 3.1789937978039806e-13
 0.00019263522699475288
 0.00015318176883738488
 2.640464615618482e-13
 0.0001456325699109584
 0.00017834920436143875
 4.9002746576199546e-14
 1.6624918943667494e-13
 3.3553194944691e-13
 2.5685581252535804e-14
 0.00015775726933497936
 7.678348584662549e-15
 0.0001572968903928995
 1.373032004932384e-13
 4.0076693049242995e-13
 1.0023896318024639e-13
 0.00016328514902852476
 3.5080120232289236e-13
 0.000188782942132093
 0.0001966111594811082
 0.00019065995002165437
 0.00012869278725702316
 0.00017704600759316236
 2.56231993088496e-13
 4.396108585665026e-13
 3.889603483048232e-13
 0.00015339298988692462
 0.00011928572348551825
 5.674597619055588e-13
 0.00014990632189437747
 0.00012526837235782295
 9.268716530641541e-05
 0.00014832537272013724
 1.7282857545271313e-13
 0.00010215575457550585
 8.457697549602017e-05
 1.5040979190763214e-14
 4.725378617044529e-13
 0.0001599029783392325
 1.7605658413338138e-13
 5.33832635214726e-13
 0.0002060311962850392
 0.00020086784206796438
 0.00020118444808758795
 5.591572127192079e-13
 5.850419974862131e-13
 5.829273695689974e-13
 5.850804324532277e-13
 1.6318599303875164e-13
 3.0848235207589503e-13
 3.498537180443573e-13
 3.6490510049377867e-13
 2.7081548809038125e-13
 2.0690793642221678e-13
 2.641357727158067e-13
 0.00014997308608144522
 2.5763015310507897e-13
 4.5352526530269277e-13
 3.21763964214114e-13
 2.5759635310235174e-13
 0.00014239891606848687
 3.7227260662152373e-13
 0.0001848292158683762
 0.00019600421364884824
 6.20041507286978e-13
 9.964368739845408e-13
 4.916550023006949e-13
 6.463321089271445e-13
 7.387782334673798e-13
 4.565118357120757e-13
 1.1003909372239717e-13
 1.0819033250666563e-13
 1.1909380816590986e-13
 1.33482688877834e-13
 1.159149138436552e-13
 8.001954134029265e-14
 2.847290003597791e-13
 3.149068733641208e-13
 4.568375842547989e-13
 4.453379939123314e-13
 3.5387911676530714e-13
 4.54686120568773e-13
 0.0003474581753835082
 5.571807560045272e-05
 8.414280963610007e-14
 0.00011308302782708779
 0.00011157697736052796
 7.376107532763854e-05
 8.076446277168955e-14
 0.00021519935398828238
 9.83621495885545e-13
 0.0001055964530678466
 0.00017033983021974564
 0.00015854841331019998
 0.00011676591384457424
 8.784717609377699e-14
 1.4039374589096265e-13
 0.00016213241906370968
 1.9644588690123643e-13
 9.311157919000834e-05
 0.0001426368107786402
 5.3097621275810525e-05
 0.00010544608085183427
 0.00010550085426075384
 4.596548293898939e-14
 3.526381118536259e-14
 1.150852823412693e-13
 5.024818994052438e-14
 1.0346724291145776e-13
 1.2515021571152252e-13
 4.222488041182894e-14
 5.1443837931946026e-14
 0.00011025967251043767
 0.0001166615475085564
 1.5799469751161949e-13
 8.461312298599713e-14
 1.5883354473247152e-13
 0.00024502864107489586
 3.724636972544243e-13
 7.818829134489946e-13
 1.496229897791912e-13
 1.6652708400601013e-13
 0.00013488531112670898
 8.009622153894169e-14
 0.00010604225826682523
 3.5358350904297897e-13
 1.1814948162620215e-13
 3.447459060845065e-13
 3.8718586171417047e-13
 3.46180061613216e-13
 5.431277172798787e-13
 3.918257049113222e-13
 3.424230300350106e-13
 1.8731784786479855e-12
 5.955153362623145e-13
 2.0824166772469982e-13
 6.742589884860262e-13
 5.805155076261947e-13
 0.00018903151794802397
 0.00012200488708913326
 0.00015789504686836153
 0.0001309611543547362
 1.342172087446386e-13
 2.327141029791896e-13
 5.658700504701519e-13
 5.94975783051177e-13
 6.080832452154405e-13
 0.0004475377209018916
 2.551996970950182e-13
 4.999141834001464e-13
 1.7065859901459202e-13
 1.88932636896455e-13
 4.396282871164253e-13
 3.593754796787224e-13
 1.7074635162792756e-13
 3.172284212659554e-13
 3.849928188748297e-13
 6.142494282310174e-13
 0.00028810027288272977
 8.086205858549855e-13
 0.00023199770657811314
 5.519810953799609e-13
 0.0003326223813928664
 0.00010357312567066401
 0.00016062220674939454
 0.00012706340930890292
 0.0001498232304584235
 6.183842197060585e-05
 7.883599755587056e-05
 0.00015961145982146263
 2.482413417621149e-13
 0.00017664299230091274
 9.991358868727263e-13
 0.0001540932134957984
 3.908023332569767e-14
 0.00014694916899316013
 9.316352952737361e-05
 0.00012573058484122157
 3.50149894972826e-13
 3.6053056156823415e-13
 3.6493122976613557e-13
 6.289514400828825e-14
 1.4420309234157284e-15
 1.5321772984470267e-13
 3.3148177670631884e-13
 3.9453038275585883e-13
 3.4435361463344694e-13
 4.3864312681239637e-13
 0.00012800726108253002
 0.0002705852675717324
 0.000160879353643395
 0.00017279869643971324
 0.00020851634326390922
 0.0001559286320116371
 0.00016673776553943753
 6.887010493145107e-13
 0.00015881049330346286
 3.893387348630206e-13
 9.646852544217821e-13
 8.833918026338733e-14
 0.00011641847231658176
 0.0001650733465794474
 5.473036303674239e-13
 3.0524923409248894e-13
 5.56945657127772e-13
 4.2556157708005526e-13
 3.831626585026199e-13
 3.011892764272911e-13
 0.00018387021555099636
 7.26069757702591e-13
 4.182052111296325e-13
 1.3023428906480672e-12
 9.130183588335061e-13
 0.0001355033164145425
 0.00014220995944924653
 9.259979935616336e-13
 0.0001426237286068499
 7.895449159918411e-13
 1.1153573724331789e-12
 1.2688003859367969e-12
 2.898060751880399e-13
 3.887447004927158e-13
 2.176042955851984e-13
 1.8014242712544731e-13
 2.2729822852455422e-13
 0.00023280319874174893
 0.0001581948163220659
 3.236732171348067e-13
 5.6373438903079e-13
 4.929640680037539e-13
 6.449030762537e-13
 3.760488014731278e-13
 8.343300957882813e-14
 0.00013337783457245678
 2.0369957890592483e-13
 1.6943822104924233e-13
 1.0501612058254339e-13
 6.816450886810294e-14
 1.8607848822991407e-13
 0.00015196185267996043
 0.00015842547873035073
 8.933339365555654e-14
 0.00015205465024337173
 1.39065259416489e-13
 0.00015539686137344688
 0.00016037905879784375
 3.101296617517152e-13
 0.00026404717937111855
 7.62963097648145e-14
 0.00021365481370594352
 0.00016032980056479573
 7.842632476240396e-05
 0.00029134887154214084
 7.680350972805172e-05
 9.725529843268577e-13
 1.4704145019639459e-12
 1.0682958424129696e-12
 6.696077069559547e-13
 8.945279413030693e-13
 6.723959496829357e-13
 1.119891397498296e-12
 0.00015179392357822508
 0.00012048451753798872
 8.601357694715261e-05
 1.7102305899588388e-12
 1.0157678734593056e-13
 1.6979362794239394e-12
 0.00013512044097296894
 4.725226286639295e-13
 0.00017969509644899517
 0.00026089808670803905
 0.00011179815192008391
 0.0002167915372410789
 4.734779734082151e-13
 4.940742368182705e-13
 2.948058192963482e-13
 4.586938467943114e-13
 2.7909177247910366e-13
 6.423088108479039e-14
 1.92086811409177e-13
 9.41863557632483e-13
 0.00010431517875986174
 1.736965335018964e-13
 9.041901884339343e-14
 0.00027683525695465505
 0.00026383131626062095
 0.0002974909730255604
 0.0001720214495435357
 2.9326777009446026e-13
 3.102858139696074e-13
 2.521208339757025e-13
 2.5074625535637107e-13
 3.7924473132201764e-13
 3.463173216082527e-13
 0.0001064766402123496
 8.181460725609213e-05
 0.00013775238767266273
 7.287572644952209e-14
 0.00011368304694769904
 0.00012652025907300413
 0.00014343534712679684
 4.740849639944811e-13
 4.844088455011053e-13
 5.096646845878516e-13
 1.7375190235159252e-14
 4.156574444445088e-13
 5.791776563554563e-13
 9.931628002640691e-14
 0.00014954787911847234
 1.877326554844752e-13
 3.929137831065743e-14
 3.242723743603765e-13
 0.00016537167539354414
 3.333184965016722e-13
 4.682961375450378e-13
 1.816746893982396e-13
 1.724455539302283e-13
 3.8820029547685653e-13
 5.559403848734434e-13
 5.195997237615775e-14
 2.646087559135535e-13
 6.047229232121476e-13
 9.252058754544157e-13
 1.3256430187510299e-13
 1.6674065828146262e-13
 3.2967541457179506e-13
 1.8058136637497807e-13
 1.7525268888006484e-13
 1.6892870023828277e-13
 1.9773103239386497e-13
 1.1977426700188892e-13
 1.243285124375229e-13
 1.138312534509911e-13
 1.0487999899978784e-13
 1.3387911384967616e-13
 9.208534949107713e-14
 8.998495172737528e-14
 8.465520358281672e-14
 0.0003646660770755261
 0.00017209004727192223
 0.00020615546964108944
 0.000193902786122635
 4.69487296261839e-13
 2.325050688003344e-13
 6.137120362836868e-05
 0.0001649940968491137
 0.00016628773300908506
 0.00013156032946426421
 0.00012580830662045628
 0.00016283140575978905
 0.0001231751957675442
 0.00014637935964856297
 0.0001295767433475703
 0.00013021755148656666
 0.00017975167429540306
 1.7680404666362004e-13
 2.9784142274898173e-13
 0.0001432129938621074
 0.00011406411795178428
 2.4765776994277455e-13
 0.0001680381828919053
 2.5720688057694063e-13
 4.58227151969165e-13
 1.3198521594225132e-13
 0.00018343669944442809
 2.636232703488728e-13
 1.8897958285052363e-13
 0.00011188897042302415
 2.2576226641184832e-13
 1.97850782523816e-13
 0.000174069355125539
 0.00017838101484812796
 0.00021202742937020957
 1.0756484949709516e-13
 0.00018536798597779125
 0.00010405624198028818
 5.080723168571222e-13
 4.723299117277702e-13
 5.27811626870045e-13
 1.6811122535275586e-13
 4.084722469120672e-13
 6.770793235973127e-13
 2.834898114867368e-13
 4.604638610510026e-13
 6.15285708667479e-13
 1.669055247743162e-13
 0.00011413272295612842
 3.2765443461722776e-13
 9.604891480687744e-14
 2.0554180102730357e-13
 0.00010987369751092046
 0.00012805109145119786
 0.00012495159171521664
 0.00013345574552658945
 0.00013556002522818744
 9.257387137040496e-05
 0.00015966755745466799
 0.00018902010924648494
 3.2509452486777224e-13
 1.7011206625196923e-13
 0.00015817252278793603
 0.00016976558254100382
 0.00014326888776849955
 0.00024728773860260844
 3.03686871656883e-13
 2.536210174167164e-13
 0.00017672106332611293
 1.557095516977261e-13
 0.000133382563944906
 0.00013972884335089475
 0.00016194008640013635
 0.00015828313189558685
 0.00018551075481809676
 2.633196395304682e-13
 3.661198135027771e-13
 3.2341636964014486e-13
 3.2668277263024625e-13
 0.00024997914442792535
 2.614877281717498e-12
 2.7456384605120676e-13
 2.4030332845120794e-13
 1.7163675266208128e-13
 2.0528878889782692e-13
 3.3526916594535383e-13
 2.695369155734234e-13
 1.3035595823260304e-13
 8.128274529145552e-14
 2.570979995737688e-13
 2.735570017037281e-13
 2.5283616346405413e-13
 5.962415890875539e-13
 4.567177799147393e-13
 2.516371171764481e-13
 3.944338887625076e-13
 9.468255302635953e-05
 3.464435498461843e-13
 3.2832834758259044e-13
 3.0295378835795694e-13
 0.00018256007751915604
 0.00012759448145516217
 4.923728525590976e-13
 3.2027367411792407e-13
 4.988470574118775e-13
 3.86408109285738e-13
 3.578761635994465e-13
 0.00013091842993162572
 0.00026255950797349215
 4.880324117918777e-13
 4.251925146605412e-13
 5.111789355520535e-13
 1.0584047744136016e-12
 2.064549703070795e-13
 1.727744466592518e-13
 2.0849266052763021e-13
 1.2323743913376928e-13
 2.00482547772253e-13
 0.0001377226726617664
 1.44505501314951e-13
 1.313647812490465e-13
 6.040299011834949e-13
 4.950167947531843e-14
 1.826218619686501e-13
 2.0243492483435627e-13
 0.0001641239650780335
 2.4141612645599275e-13
 0.0001213683353853412
 2.367987262438115e-13
 2.2850899774815026e-13
 0.00016417396545875818
 0.00012476302799768746
 2.2298880949199462e-13
 0.0001555324997752905
 0.0001960272784344852
 1.9256326405387575e-13
 2.3075438044736774e-13
 1.6257953100104472e-13
 1.936275846690233e-13
 1.296915997988854e-13
 3.2649341672082166e-13
 7.573574471557432e-13
 3.484125152015266e-13
 0.00015189041732810438
 0.00010616332292556763
 0.00010997710342053324
 0.00014753302093595266
 8.970989641247928e-14
 1.1879214246394293e-13
 0.00015227041149046272
 4.055832275931537e-13
 2.8898812596406254e-13
 4.2640722766953965e-13
 4.986417637305174e-13
 4.676764617933538e-13
 1.0131937606613906e-12
 4.0227768490462557e-13
 5.831244233138466e-13
 3.172940968125537e-13
 0.00015735368651803583
 0.00018773067859001458
 0.00013362029858399183
 0.00012008415069431067
 0.00014694729179609567
 0.00012561034236568958
 0.00010781553282868117
 0.00015475536929443479
 0.00017319450853392482
 2.304371971018071e-13
 0.00013043885701335967
 0.00016589893493801355
 1.518369577204609e-13
 0.00012116245488869026
 3.5689382222106603e-13
 0.00015326424909289926
 0.0001503683888586238
 0.0001990591990761459
 0.00013399121235124767
 0.00022816320415586233
 3.200582160411969e-13
 0.00016331065853592008
 9.002114529721439e-05
 2.7267172352483937e-13
 4.91492534605148e-13
 0.00011540540435817093
 1.3916973584833514e-13
 2.419450815908941e-13
 8.118252164263096e-13
 0.00016721793508622795
 0.00016965626855380833
 3.2952799018139134e-13
 7.840559256531987e-13
 1.003653811535582e-13
 0.00017785333329811692
 4.3040549423112306e-13
 2.0057047656844157e-13
 1.278767266773076e-13
 1.480365851604104e-13
 0.00014795408060308546
 1.4795335909114499e-13
 0.00018243648810312152
 1.2543007539729534e-13
 2.088321919904712e-13
 1.8551703142438702e-12
 4.841228871781122e-13
 3.338616004749245e-13
 5.166292740832468e-13
 4.930068939895671e-13
 1.7175540503733266e-12
 1.2699061637325149e-12
 2.449986285894823e-13
 1.5219680442150885e-13
 1.3774726259803416e-13
 1.8162581898531482e-13
 3.345828659701705e-13
 2.336826207798709e-13
 6.50167040431443e-13
 2.048952777193233e-13
 0.00015816155064385384
 0.0001946872507687658
 7.226901369006278e-14
 1.436026861659223e-13
 2.1893641413694986e-13
 1.387339678901589e-13
 8.770226569716072e-14
 1.5446685272015037e-13
 1.123751902621338e-13
 5.547455398692558e-13
 5.743881390483929e-13
 7.152048051017879e-13
 5.0582948203301e-13
 5.687405841420246e-13
 1.269374904667997e-12
 0.0001133782061515376
 4.769063833079401e-13
 4.977478390393031e-13
 0.00013900072372052819
 1.0783558291108108e-12
 9.18109772235498e-13
 1.3657746266403092e-13
 3.833094594767744e-13
 9.20132026127618e-14
 8.033509838259456e-13
 1.1838239806841178e-12
 1.1923395213872534e-12
 6.583170965822338e-13
 8.380050668145567e-13
 0.0005405913689173758
 1.1337892430463015e-12
 2.568776354822111e-13
 0.0001417551247868687
 0.00017293392738793045
 2.9057900291680483e-13
 0.00017431852756999433
 0.0001405897637596354
 0.00015412099310196936
 1.3891016429571496e-13
 0.0002657119184732437
 1.4726485005403522e-13
 0.00017771479906514287
 0.0001539234071969986
 1.853581090699441e-12
 0.00013319181744009256
 2.3855879294557014e-13
 2.126814349634465e-13
 2.3671578477761634e-13
 2.6604295209984447e-14
 2.891824963085349e-13
 4.280116300443837e-13
 1.0610046912232218e-12
 6.152552967965408e-13
 1.2205229231801451e-12
 4.4203372516135597e-13
 6.952928901030053e-13
 7.768977518599063e-13
 4.62604076139489e-13
 5.695691856523466e-13
 0.00015054272080305964
 0.00013670888438355178
 1.8299866288117028e-13
 0.00019767682533711195
 2.422395509009412e-13
 1.0266337476319554e-13
 3.244383928180383e-13
 2.0674907369889334e-13
 0.00018513837130740285
 1.2405735347418428e-13
 9.858220061673487e-14
 0.00013153870531823486
 0.00014978446415625513
 1.236427003533172e-13
 9.000923107977538e-14
 1.0329854782968259e-13
 1.4885895250824066e-13
 1.8896828004287547e-13
 1.5636462665034184e-13
 3.0848395127409944e-13
 0.0002153715759050101
 6.875648054377459e-13
 0.00016295412206090987
 0.00021267106058076024
 4.2413602740608985e-14
 0.00012660259380936623
 0.00012115946447011083
 0.0002152203378500417
 0.00010313597886124626
 8.23724694782868e-05
 0.00019959859491791576
 0.00012276404595468193
 0.00012455388787202537
 0.00012764678103849292
 0.0001804270432330668
 0.0001476923207519576
 9.142702193194394e-14
 3.231171840506475e-13
 2.5223909332766636e-13
 4.161246542656871e-13
 5.534195064021974e-13
 3.21298082540597e-13
 3.788957808528032e-13
 4.658357033449079e-13
 1.2592426830004139e-13
 5.006020622447434e-14
 7.134798394453634e-14
 5.6267904018861975e-14
 1.0104661925984873e-13
 1.021359239588085e-13
 1.1377502401582057e-13
 7.256314418693094e-14
 4.988838389705791e-14
 0.00015966517094057053
 0.00014219695003703237
 0.0001833781716413796
 2.8238519920835425e-13
 0.00014560058480128646
 1.0061968754937825e-13
 0.00020775468146894127
 0.00017567184113431722
 1.087305159103158e-12
 6.34725182569601e-13
 9.969540519733436e-14
 5.174646518571469e-13
 9.228798281135653e-13
 4.662820693793202e-13
 0.000156912297825329
 3.782373177683984e-13
 0.0002031653275480494
 0.0001931371516548097
 0.00014506388106383383
 8.018366922041623e-14
 0.00014324318908620626
 4.158388043629113e-13
 3.730157187905453e-13
 5.082791284215238e-13
 5.542365069492738e-13
 1.5024473906753016e-13
 8.625940673551158e-13
 6.694371619542228e-13
 6.855188617281571e-13
 6.643339307485507e-13
 7.259006221636832e-13
 5.920565687017598e-13
 5.47867469707225e-13
 7.183079001396586e-13
 6.067874609889945e-13
 4.746130246625901e-13
 2.687635270587352e-13
 2.833379418674259e-13
 3.5243338737840635e-13
 2.9234524957094665e-13
 1.6611203786185552e-13
 1.2167557814166813e-13
 4.367751548894211e-13
 5.847490460592075e-13
 0.00014629763609264046
 1.6918977612141728e-13
 0.00011075229849666357
 0.00013945598038844764
 1.9457032556305376e-13
 0.00014578894479200244
 0.00024253479205071926
 0.00020397559273988008
 2.1749115908849953e-13
 0.00013449920515995473
 7.477004692191258e-05
 2.2716072458402875e-13
 1.5226852439521876e-13
 9.307487198384479e-05
 0.00012283002433832735
 0.0001182434061774984
 0.00012815387162845582
 8.957323272863749e-14
 0.0002579056890681386
 0.00013068168482277542
 1.6515205815328254e-13
 3.05079475137332e-13
 9.968599296722447e-14
 1.3421928228129348e-13
 1.659131274207859e-13
 1.7592315950352988e-13
 1.7755121103826127e-13
 3.401460360662016e-14
 6.472949888765289e-14
 1.8470264922555713e-13
 1.3136856240412303e-13
 1.4558093500236652e-13
 9.558414444058722e-14
 1.4327505382192435e-13
 1.9199195727161167e-13
 8.503495216999335e-14
 0.0001376564905513078
 0.00013830943498760462
 0.00014354195445775986
 6.886027404107153e-05
 9.643956582294777e-05
 1.425930771029038e-13
 0.0001385940850013867
 1.3632980378278092e-13
 0.00016025557124521583
 1.0382138399857299e-13
 0.00010734240640886128
 2.6115844512994424e-13
 4.8055369362629e-13
 0.0002605701156426221
 0.0001042611402226612
 1.22842220336844e-13
 1.4436974565042865e-13
 1.1595057054260283e-13
 4.902715128947584e-14
 0.00015261527732945979
 1.1311069268715723e-13
 7.605176796481039e-14
 5.1629524494643114e-14
 7.963114759604317e-13
 0.0001216603850480169
 1.6477505395285502e-13
 2.1861456872204754e-13
 1.6066576508880909e-13
 1.3938928678826346e-13
 0.0002505381708033383
 5.554354177116083e-13
 0.00016462034545838833
 0.00014716559962835163
 0.00016034448344726115
 2.928859954044738e-13
 3.6264462027930933e-13
 2.0675754402836588e-13
 0.0001768076908774674
 0.00013334795949049294
 0.0001658009714446962
 0.0001470984861953184
 0.00015597094898112118
 2.6701582026174286e-13
 1.2126133159661573e-13
 0.00011680244642775506
 0.0001338355359621346
 1.4782543678731885e-13
 0.00016268838953692466
 0.00015304151747841388
 0.0001719104329822585
 0.00014147860929369926
 1.5111729142341934e-13
 0.00013731680519413203
 7.381595059996471e-05
 0.00018137723964173347
 0.00018565039499662817
 0.0001039224152918905
 9.25990316318348e-05
 1.1402547742817015e-12
 1.444825162288943e-13
 0.00013212551129981875
 9.99163748929277e-05
 4.714801682750847e-13
 0.00013133914035279304
 1.111914651064777e-13
 8.365388930542395e-05
 0.00011560739949345589
 8.110713679343462e-05
 0.0001183202039101161
 4.0979131438016736e-13
 0.00016919843619689345
 0.000197080968064256
 0.00011200311564607546
 0.00016236925148405135
 2.1243822131110368e-13
 0.00019488971156533808
 1.3491319877673852e-13
 0.00014607526827603579
 1.5594047320793836e-13
 2.638829638742374e-13
 1.7020275976369764e-13
 3.105385957061224e-13
 2.9090637776278683e-13
 0.0002099656267091632
 0.0001367761433357373
 0.00013930516433902085
 5.499038182275873e-13
 0.00034217003849335015
 3.3091395292353387e-13
 5.129543708196072e-13
 3.502561467857296e-13
 5.246663021575559e-13
 4.55192470088378e-13
 3.671901378874548e-13
 7.263377724796294e-13
 8.59671329348638e-13
 2.098824586349579e-12
 1.3033761353184459e-12
 5.584790984704269e-13
 1.6748351295246822e-13
 2.848576680525988e-13
 3.5581146319227375e-13
 2.79322355176137e-13
 2.918978264394162e-13
 3.530976780494882e-13
 3.251225785989853e-13
 4.20772845819567e-13
 6.518189850715506e-13
 4.592465188517358e-13
 5.064448751861128e-13
 2.9063622168645775e-13
 5.484199791343236e-13
 6.031209602921916e-13
 6.716674200331341e-13
 5.077529108971079e-13
 6.061243087301937e-13
 1.8017148374366992e-13
 7.878776523284614e-05
 9.335500444516628e-14
 5.46621016679627e-13
 0.00010815993300639093
 1.3883898642309128e-13
 1.2419816423133584e-13
 1.1418150496281254e-13
 1.5545918231104489e-13
 1.3229438974426272e-13
 1.6784117769664403e-13
 2.1551646101417021e-13
 2.0682887097878827e-13
 1.4135092022641432e-13
 1.5173826821771041e-13
 2.462595015059743e-13
 0.00015160244947765023
 4.1509319852889304e-13
 3.6656406534295305e-13
 8.864022797011595e-13
 8.608573989477009e-05
 1.1041408672779474e-12
 1.172638375290802e-12
 6.821339283355488e-13
 1.2252705360732419e-12
 1.225472522937976e-12
 2.3975645687540625e-13
 3.636112949362974e-13
 3.0198846895368447e-13
 2.801193521931311e-13
 4.2199989162827745e-13
 2.636672889570757e-13
 3.9056569935656815e-13
 0.00014107179595157504
 1.5234546209188377e-13
 0.00017272371042054147
 0.00016013077402021736
 0.00016892490384634584
 0.00019434804562479258
 6.275865786255219e-13
 6.778394577404423e-13
 2.6879984783151345e-13
 7.736391822305011e-13
 1.8809381678065729e-13
 2.2902288247285407e-13
 1.9179490352676243e-13
 0.00013779824075754732
 6.126887192037245e-13
 1.759250975149132e-13
 1.380669125035372e-13
 1.387983830517317e-13
 4.678029339767742e-13
 6.10219123495237e-13
 4.557230786315924e-13
 2.9446223562788754e-13
 4.918579107372756e-13
 5.07234499628334e-13
 5.088710485975922e-13
 1.2109088688358471e-12
 4.775649819176164e-13
 5.796679325778542e-13
 1.9213367604808268e-13
 5.281945670773669e-13
 4.326235550355939e-13
 0.00016155338380485773
 0.00025521338102407753
 0.00018023586017079651
 7.904349331511185e-05
 0.00019900572078768164
 0.00014390736760105938
 0.00017755560111254454
 7.222066911519165e-13
 7.246781842142058e-13
 3.8265809791659944e-13
 8.971660220291611e-13
 8.870285819284618e-05
 3.087270022961164e-13
 6.660587337746493e-13
 9.019091896933507e-13
 1.2410054537823068e-12
 5.853818948672873e-13
 1.3632712580341488e-12
 0.00016231642803177238
 5.998120836819831e-13
 5.587937881509908e-13
 1.0899096295619026e-12
 4.422988939076916e-13
 3.359001716097404e-13
 2.2123204960686205e-13
 0.00015454764070454985
 3.7098373418392727e-13
 2.1409225304039325e-13
 9.781014973647695e-13
 0.00014210146036930382
 2.428729147050529e-13
 0.00013018383469898254
 0.00015774260100442916
 0.0001502464001532644
 1.849817499698092e-13
 1.1027549722984406e-13
 3.1656974134111615e-13
 1.8944002996065107e-13
 2.024146773587851e-13
 0.00013111974112689495
 2.29147050726658e-13
 0.0001622230774955824
 0.0001466545509174466
 0.00013619869423564523
 2.0716181591343141e-13
 0.00016488654364366084
 0.0001195828735944815
 0.0002539338602218777
 1.4623388220821876e-13
 0.00015784840798005462
 0.00014506085426546633
 0.00012981583131477237
 3.641235262526882e-13
 1.3368309009689078e-13
 1.1183225569547095e-12
 0.00013608174049295485
 1.9029999201881226e-13
 2.330840869705503e-13
 0.00010983037645928562
 0.00012009040801785886
 3.114614957003964e-13
 0.00011719125905074179
 0.00013182967086322606
 1.50335730734856e-13
 0.00011950032057939097
 0.0002669881214387715
 3.337333122528652e-13
 1.9639633886195385e-13
 0.0002023828128585592
 0.00017228764772880822
 1.6487778210869802e-13
 0.00014543821453116834
 6.688359718495795e-13
 1.1283371291340508e-13
 0.00011619136057561263
 0.0001228136388817802
 0.00015239293861668557
 5.07413989297989e-13
 5.883497898942491e-13
 2.380515489591728e-13
 0.00015060660371091217
 0.00014209731307346374
 4.684755730045842e-13
 3.5725814125607547e-13
 1.8386621435453887e-13
 5.030057858949888e-13
 5.161481593692063e-13
 0.00024234468583017588
 3.684525286869883e-13
 4.869229477087733e-13
 0.00029948624433018267
 0.00032595425727777183
 0.00020179865532554686
 6.426986763966025e-13
 2.597195733217844e-13
 1.2077469016200104e-12
 0.0002583349705673754
 0.00010444990039104596
 3.846680461140617e-13
 7.380226529733747e-14
 9.631800023356119e-14
 1.5611242767249456e-13
 3.4359475442787e-13
 1.3724469423350566e-13
 4.1327005836575004e-13
 1.2738963529879133e-13
 1.1533554330773327e-13
 1.551428798797494e-13
 1.885506318135069e-13
 3.310200963162202e-13
 3.0880482090704653e-13
 1.776581540300498e-13
 2.026596799447125e-13
 1.1401368401903894e-13
 2.5804881777398425e-13
 9.53038510739454e-14
 1.1097721320466741e-13
 2.2780938919129967e-13
 3.051613324013547e-13
 2.5858368181072566e-13
 0.0001617728703422472
 4.229772456766645e-13
 0.00016619692905806005
 1.623445572852128e-13
 1.6080309284648153e-13
 1.287022246589109e-13
 1.3707177753952138e-13
 1.6467078080891623e-13
 3.1922180827523294e-13
 1.6848709114090227e-13
 2.0288974764571394e-13
 0.00016394864360336214
 0.0001433094876119867
 0.0001541119272587821
 0.00013007402594666928
 0.00015031980001367629
 0.0001627997262403369
 1.8994571540642546e-13
 0.00011972587526543066
 0.00028123793890699744
 4.132021330996438e-13
 0.00013649729953613132
 0.00014928492601029575
 0.00015987249207682908
 6.316880899248645e-05
 0.0001294743560720235
 9.430082718608901e-05
 4.1158959920850613e-13
 0.000129112129798159
 2.336332624759685e-13
 2.8620652397538804e-13
 3.8453704738657113e-13
 3.6130763637030883e-13
 2.8506344962493657e-13
 4.750409592600702e-13
 2.8791376292629234e-13
 2.7478421014276444e-13
 4.864938746990122e-13
 2.5961134283991605e-13
 4.196894025886022e-13
 2.9275610798421003e-13
 2.31228881528156e-13
 3.0659562345533575e-13
 2.465272452324696e-13
 4.2783685665417903e-13
 1.46819270066198e-13
 3.426349102445686e-13
 5.487386261528171e-13
 4.767045048634233e-13
 3.89778595684398e-13
 5.006110001364028e-13
 2.889697487372389e-13
 2.658424153555161e-13
 2.5492734550928986e-13
 2.6767856594472894e-13
 2.6099632980010334e-13
 2.659473661258127e-13
 2.663960089847872e-13
 1.8324607781693147e-13
 2.5513459075456046e-13
 2.1546193919742135e-13
 1.6072103229455154e-13
 1.2052556489731275e-13
 3.2674771634037814e-13
 0.00015563461056444794
 2.7687802137826845e-13
 3.285285997238485e-13
 3.8406097421263274e-13
 3.304267937823818e-13
 3.7891361597854056e-13
 1.2108055443688093e-13
 3.8298753274670916e-13
 0.00020016040070913732
 1.14808593946851e-13
 0.0001383876078762114
 3.7655051602844547e-13
 8.127343741580473e-13
 1.4925850811385588e-13
 0.00023256411077454686
 7.655944021106587e-13
 1.4606202261135265e-13
 8.177179094438769e-13
 4.80857974965998e-13
 5.734784934256776e-13
 0.00011028593144146726
 1.3271622570452252e-13
 2.1715973203689787e-13
 6.683386891381815e-05
 6.797453225293459e-13
 0.00022152795281726867
 0.00010118975478690118
 3.8066007594303453e-13
 0.00014071913028601557
 0.00013745034812018275
 2.855077285701668e-13
 9.389941623728915e-14
 1.4867711825138769e-13
 1.2005480431401955e-13
 0.00013228063471615314
 0.0001268447085749358
 0.00011443420225987211
 0.00016281756688840687
 0.00014705798821523786
 5.772799772929549e-13
 5.365776724851334e-13
 5.58472159576523e-13
 6.312539466840628e-13
 6.627285525917515e-13
 6.207757289981852e-13
 2.1529228866248168e-13
 5.990325965300747e-13
 0.00014459701196756214
 9.431816899762094e-14
 0.00013949580898042768
 3.8768291420014644e-13
 2.389507862410323e-13
 4.1511898898807104e-14
 1.3616028877311281e-13
 1.678674424942725e-13
 1.3560832144710044e-13
 5.5966638116446144e-14
 2.780769050355486e-13
 0.00010570573795121163
 2.956032161128934e-14
 2.996328228935252e-13
 3.3077184112377533e-13
 5.363410995710971e-13
 3.322840049987952e-13
 2.813457203754838e-13
 2.352237057478418e-13
 8.297086606035009e-05
 2.123299366191267e-13
 3.458845894161594e-13
 1.3827518774087166e-13
 4.967926569253434e-13
 0.00020871052402071655
 1.726809071168206e-13
 1.418569173803133e-13
 0.00017892575124278665
 1.6435220155305852e-13
 0.00021939369617030025
 1.7024047644677298e-13
 1.8821292994183197e-13
 3.1159634334559927e-13
 1.319311413588986e-13
 3.193691513504737e-13
 5.424771734396927e-05
 0.00020938253146596253
 1.1696448930925696e-13
 2.411451572280343e-13
 3.250536233408152e-13
 0.00020048119768034667
 5.395601500313152e-13
 0.00015598980826325715
 6.394352278574211e-13
 1.6841665865727218e-13
 0.0001592580956639722
 1.1332251191034301e-13
 2.1564600962125507e-13
 0.00012031525693600997
 2.5880006145929946e-13
 9.483249596087262e-05
 1.756040788041674e-13
 5.649809504786052e-13
 2.6678909918791604e-15
 3.53742073610705e-13
 9.909164509736001e-05
 2.1849018362780914e-13
 2.09084174127884e-13
 8.078494741648595e-14
 0.00012771929323207587
 1.6088947665457431e-13
 1.1996022122699734e-13
 8.809993072523767e-14
 0.00011270440882071853
 2.1709291807801845e-13
 5.3401388868223876e-05
 5.2015828259754926e-05
 0.0001364426570944488
 0.00014726267545484006
 2.055987080888319e-13
 6.167287546540029e-14
 5.718100147024396e-13
 2.664044386566783e-13
 0.000165681034559384
 0.00025956405443139374
 0.00017979189578909427
 0.00013954550377093256
 2.439169200819935e-13
 2.421773448012948e-13
 1.676781136899022e-13
 2.1373822037349527e-13
 0.00017855115584097803
 0.00018266195547766984
 0.0003944610070902854
 2.090614058822618e-13
 3.455257184970667e-13
 5.123018979522054e-13
 1.8134074157658692e-13
 8.941643318394199e-05
 0.00013345968909561634
 3.478176405745381e-13
 1.3324417795241433e-13
 3.961023685405962e-05
 0.0001459260529372841
 0.00015710121078882366
 0.0001609581959201023
 0.00019030160910915583
 5.312856274711231e-13
 0.00011913693742826581
 2.512585679879248e-13
 1.7289006326842021e-13
 0.00023844641691539437
 0.0001694999955361709
 0.00022034053108654916
 3.585936072820345e-13
 0.00018173610442318022
 3.0204471194138216e-13
 7.699950360037257e-16
 1.3436934941449263e-13
 1.8784573777106545e-13
 9.486354301917188e-14
 3.872473698586683e-14
 3.652647032493378e-13
 2.0039720750875123e-13
 1.9587966231665588e-13
 1.218072816005708e-13
 1.801097926400555e-13
 4.8192844165221085e-14
 1.1431118909516896e-13
 8.351290850267673e-14
 2.0561953832307078e-13
 6.541412919149059e-13
 2.9384995955603066e-14
 6.192693384997339e-13
 2.6257563967091793e-15
 6.087964876146101e-13
 4.2726659341650597e-13
 1.5562910389652768e-13
 3.5361207777022396e-13
 5.5456693789012954e-14
 0.00047569553134962916
 3.7084078212748506e-13
 1.7462505779494014e-13
 1.2579416403934313e-13
 1.800597567097953e-13
 1.2852868454867744e-13
 3.463006519998507e-13
 1.8106855262118443e-13
 4.5248367227558595e-13
 0.0001052733714459464
 1.052469946589106e-13
 0.00014659404405392706
 2.135340786569434e-13
 2.1196728454495745e-13
 1.366875091845382e-13
 7.031250039667147e-13
 3.506195171438381e-13
 0.00013974685862194747
 3.4331481342693426e-13
 2.4431067520598593e-13
 2.957158714948782e-13
 1.552378966476406e-13
 1.512090826898474e-13
 1.6483064641924922e-13
 0.00015935736882966012
 2.436192252704833e-13
 1.6482958932213104e-13
 1.6537061975872847e-13
 1.9227608600343865e-13
 4.942188151779714e-13
 3.2764698072729193e-13
 4.234803154846978e-13
 2.2240653871526128e-13
 2.1889971389341123e-13
 2.0273522173108044e-13
 4.769803801062122e-13
 1.8094929038221103e-13
 5.818643093388753e-13
 2.5519330030220055e-13
 1.8481348179263946e-13
 4.0567359584423035e-13
 9.373491566266878e-14
 3.1533949713599685e-13
 3.8924012667543306e-13
 6.952402520875312e-13
 9.693487061212397e-14
 2.2921711729205485e-13
 5.250531454926988e-13
 5.261810410127354e-13
 0.00012196524767205119
 3.4621312806848437e-05
 0.0001598026283318177
 2.642106097707625e-13
 4.556017564084913e-13
 2.3439686606605004e-13
 2.752957096226888e-13
 2.1064958588210003e-13
 2.24647774341169e-13
 2.14651199917891e-13
 0.00013841390318702906
 0.00012478626740630716
 6.268121330137155e-13
 5.078230587776678e-13
 5.795694870205925e-13
 2.23501962380232e-13
 2.8271547429514765e-13
 4.5430705638421776e-13
 9.368025018913206e-13
 6.855626092858169e-13
 3.430182841327595e-13
 2.4991795200164646e-13
 2.4251388115563433e-13
 6.951038812985644e-05
 8.304739458253607e-05
 1.4111231714381e-12
 2.1020841046558852e-13
 1.1012497608698518e-13
 0.0001874191511888057
 0.0001915089669637382
 3.2467379343847566e-14
 0.0001418462343281135
 3.677524593442144e-13
 1.5391347593131377e-13
 2.0554298009716615e-13
 0.00013121300435159355
 3.880510550478139e-13
 0.00014931733312550932
 0.00019979699573013932
 7.367702639388823e-14
 3.1611643641279996e-13
 3.3937698520723628e-15
 2.1027885650174577e-13
 2.635512251145111e-13
 3.3927326009361436e-13
 7.758394214617617e-14
 2.12127719361431e-13
 2.755456724335553e-13
 2.184755740035349e-13
 2.1526325914931338e-13
 2.5914138693792273e-15
 7.65685868116435e-14
 5.692301014229018e-13
 4.653560523038003e-13
 2.1818164679457408e-13
 2.757930873693165e-13
 0.0001347062352579087
 0.00011604531027842313
 1.4116480337098003e-13
 3.8722844375449483e-13
 0.00010751709487522021
 5.459909325870871e-13
 4.639185628534104e-13
 3.1377832732278066e-13
 2.922665093881699e-13
 5.245554966955279e-13
 0.0001413640711689368
 8.585343671879339e-14
 4.507335903982095e-15
 7.146052413004034e-14
 0.00013701539137400687
 1.397628621993205e-13
 7.098617890331435e-14
 2.915621574468147e-13
 2.946219453841582e-14
 7.96113256698247e-14
 0.0001060390131897293
 7.965138016383447e-14
 8.970746421255171e-05
 9.779998263060447e-14
 0.00012239222996868193
 0.00014502170961350203
 3.3928510500234876e-13
 6.511726718277412e-15
 1.4991110973026564e-14
 1.1480200741865315e-13
 1.4335406505524423e-13
 3.2462736925670255e-13
 4.059787174406221e-13
 2.9382478573683826e-14
 4.4950531469765964e-13
 4.348189831197141e-13
 6.651103279242676e-13
 6.238293979695178e-14
 5.614675391285573e-13
 5.678391242457115e-13
 6.176696524043401e-13
 4.160522566656194e-13
 8.156507828971371e-05
 1.0364503309420736e-12
 3.7105564389301737e-13
 4.967112875522983e-13
 1.699656040909936e-13
 3.886102323182733e-13
 4.2003561544733115e-13
 1.1529228686413262e-05
 2.0193155687072556e-13
 0.00021841612760908902
 5.468265272014217e-13
 5.238099450716183e-13
 1.4383798514240598e-13
 3.9433051008536113e-13
 1.2825923320376048e-13
 1.9627790332713696e-13
 2.533575562888024e-13
 0.00019582024833653122
 1.6110852615099786e-13
 2.3405295713693763e-13
 0.00016471865819767118
 7.56895197559504e-13
 0.00011835515761049464
 3.799907708369049e-13
 0.00013523867528419942
 4.821167878983623e-13
 2.7639603930249e-13
 2.9549108927946766e-13
 1.2798018666961702e-13
 3.9590696714920937e-13
 3.3399636680496447e-13
 4.862253720309961e-13
 2.7503439318219726e-14
 4.563210703398268e-13
 2.355788361694394e-13
 3.8333884135564877e-13
 5.082391213613591e-13
 1.9982449126366292e-13
 0.00016762662562541664
 0.00012479902943596244
 1.9474737577782064e-13
 7.394862716961215e-13
 1.289624738378889e-13
 9.124712960328907e-05
 6.0911450418643653e-05
 1.5260417983529312e-13
 0.00011721487680915743
 0.00013493330334313214
 0.00010045661474578083
 2.1482155518424279e-13
 2.5995164679680494e-13
 1.5412303865872806e-13
 2.042532131927774e-13
 0.00012115995195927098
 5.50173208586132e-14
 0.00012550679093692452
 4.25142141611168e-15
 0.0002851929748430848
 6.287669986586178e-15
 3.354203376095162e-14
 3.7399155495589087e-13
 7.999169089698693e-14
 0.00013210518227424473
 1.844166502449826e-13
 2.7634828019679203e-13
 7.397733684313956e-14
 2.464095550866463e-13
 2.055599614136927e-13
 3.2841120773362265e-13
 1.3102320735924877e-05
 1.8416194404961145e-13
 1.823330169573728e-13
 1.408617824162975e-13
 2.429846146338732e-13
 1.2174614615056978e-13
 1.6929539096554452e-13
 1.9405515334827012e-13
 1.7250628280441466e-13
 1.7829678976722524e-13
 1.75998891025278e-13
 1.3211896583275456e-13
 1.361122315118174e-13
 1.9259492275731233e-13
 0.00021246261894702911
 1.240676804998772e-13
 1.4799607665674092e-13
 1.3204439982834187e-13
 1.2920141844417754e-13
 8.799643685161035e-14
 1.1643622535324055e-13
 1.271078918117438e-13
 1.9290125052862095e-13
 1.5810261628536326e-13
 1.6530554052332502e-13
 1.7898894443413998e-13
 7.0855212363075785e-15
 1.7067974095695548e-13
 0.0001313209650106728
 0.0001044186283252202
 4.2131608531809084e-14
 1.6811057483145236e-13
 0.00012771642650477588
 1.1654114901848284e-13
 0.00019537340267561376
 0.00022964317759033293
 2.3676869384363364e-13
 1.9664930355758545e-14
 2.0493536948278275e-14
 1.4312722285570595e-13
 2.123506685975437e-14
 0.0001380763715133071
 1.2647936083881595e-12
 6.360873741791118e-13
 4.525878369993075e-13
 5.842707502708155e-13
 0.00020123420108575374
 1.5452309570784806e-13
 2.7989280814919026e-13
 2.2480090434550543e-13
 2.0004958518719806e-13
 9.293097975177078e-14
 8.85501050197808e-14
 1.4988402500474424e-13
 1.607179287658328e-13
 1.2306604032282648e-13
 1.6728767893506302e-13
 9.698834888428182e-14
 4.4454376161087716e-14
 9.87773819360882e-05
 1.1586752065619044e-13
 8.449491648888918e-13
 0.00014832118176855147
 8.257363515440375e-05
 4.4112185692418704e-13
 6.478204886661842e-05
 0.00014566774189006537
 8.765269012656063e-05
 4.926185869814914e-13
 1.9774270111974634e-13
 3.839979007512484e-13
 1.9786865830713485e-13
 3.2501388733119363e-13
 3.099335566837669e-13
 2.010433920035526e-13
 0.00016753157251514494
 2.086451806682446e-13
 9.201016684667884e-13
 0.0001583838602527976
 0.00017028753063641489
 0.00016964013047982007
 0.00013227257295511663
 7.580554565143893e-13
 0.00014685354835819453
 9.620582325578497e-13
 0.0002315249148523435
 0.00018315813213121146
 0.0003732955374289304
 1.177338933809613e-13
 1.4822698461442602e-13
 1.6028722945281293e-13
 9.324457167763506e-14
 1.1304532884868351e-13
 1.051156096843961e-13
 3.9113499951781705e-05
 1.7878693046435162e-13
 1.8610811405427724e-13
 1.2965171471146508e-13
 1.5877479452724996e-13
 2.2395388495077828e-13
 1.227302086998991e-13
 3.1079189243866934e-13
 4.783684841476454e-13
 3.0880327591895074e-13
 2.860644121756295e-13
 4.19355495424531e-13
 2.515645840511088e-13
 2.5778579032693927e-13
 3.365225307618014e-13
 4.370330594812011e-13
 1.1098209889070718e-13
 1.5485595932732826e-13
 9.871814601663739e-14
 3.509174016907285e-13
 0.00016313543892465532
 0.00018448260379955173
 1.853752340432585e-13
 1.7069295467093265e-13
 0.0001654817897360772
 1.8167615307117246e-13
 9.341260268557958e-14
 3.3137574173384976e-13
 1.3496174392901156e-13
 1.0724636510892754e-13
 1.9269248740030887e-13
 1.2488895009300782e-13
 1.3348432602311444e-12
 6.454547725291693e-13
 0.00017720430332701653
 8.314275374947389e-13
 4.45707706853149e-13
 6.932505242605858e-13
 2.5099247766974253e-13
 1.6296350120043046e-13
 1.911244329032974e-13
 8.168926147501809e-13
 4.0604114038070294e-13
 1.4806618387971926e-13
 2.433255962171199e-13
 2.2103343732138986e-13
 1.9662715195194885e-13
 2.5334400376164634e-13
 1.67538549765249e-13
 6.188449275593144e-13
 7.078064263171813e-13
 1.8003849279468742e-13
 2.31894744292388e-13
 2.58007374145941e-13
 7.133402484156559e-13
 6.83493029968868e-13
 1.922421369229127e-13
 5.923432859662736e-13
 6.969279211892221e-13
 4.8157062105397275e-14
 2.327972341807649e-13
 2.5861151870150423e-13
 1.252418443476247e-13
 2.6172027869572623e-13
 1.009557156839494e-13
 1.585190447872878e-13
 5.331644956259318e-13
 0.000239843619056046
 2.1424447502541022e-13
 8.098615217022598e-05
 0.00012258271453902125
 1.8352333541749033e-13
 0.00037943810457363725
 2.1093933891269678e-13
 5.806309751575645e-13
 1.789705807598435e-13
 6.035935640191781e-13
 0.00013043731451034546
 1.9573755051689734e-13
 1.452818578330864e-13
 6.148731155307396e-13
 3.2349847084965633e-13
 1.9364302099745406e-13
 1.8128481029701382e-13
 4.753046914385273e-13
 4.377497713273226e-13
 1.835588836962207e-13
 2.8306656606365277e-13
 2.7509442748936686e-13
 2.683904259861286e-13
 2.2953869165641405e-13
 1.7842833059580204e-13
 3.1347819305638236e-13
 3.429709858129848e-13
 1.3187201168291668e-13
 1.7920400948757964e-13
 5.912481875619546e-13
 1.5214544034358735e-13
 0.00032125896541401744
 2.0837118922673037e-13
 3.713913942007818e-13
 3.156489555410785e-13
 1.2664508656189122e-13
 1.6947895994587348e-13
 2.535368291180229e-13
 1.259805654978477e-13
 3.1722779784970623e-13
 1.2664508656189122e-13
 0.00018849635671358556
 0.00012670367141254246
 4.4952092720894343e-13
 8.110301132546738e-05
 8.182491685083948e-13
 3.5712348334625277e-13
 2.819710881885734e-13
 2.7548831813863084e-13
 2.628593143930852e-13
 1.5841229153087943e-13
 3.325263241843457e-13
 2.7737783857978426e-13
 2.671282791320839e-13
 2.2234034817263104e-13
 2.299007609719156e-13
 3.9224523694196545e-13
 0.000171822655829601
 2.0037739371404906e-13
 7.552126784181323e-14
 0.0003112038248218596
 1.6041676450737063e-13
 0.00012820657866541296
 5.363802392695238e-13
 2.6287265007980676e-13
 0.00016642977425362915
 6.788875017704754e-13
 1.1454274757415756e-13
 2.351957664359361e-05
 4.459449302884888e-13
 3.77823938585084e-13
 7.33493615238251e-13
 5.704939016852595e-13
 4.3196219171037775e-13
 9.14596239454113e-05
 4.021971828933185e-13
 9.102511103264987e-05
 0.0001964516704902053
 0.00020685570780187845
 0.00014327246753964573
 0.00011885372077813372
 0.00012118071754230186
 0.00015117057773750275
 6.742364370808385e-13
 1.1575103939578946e-12
 2.2039398843258506e-13
 1.0887814087812142e-12
 1.1798907120427748e-12
 1.2055757867696082e-12
 8.737047001682041e-13
 0.00016059046902228147
 9.302685032887281e-14
 2.110163308194704e-13
 2.3205897381646523e-13
 1.3097368242037666e-13
 4.0539113407324356e-13
 1.9678291114655355e-13
 2.410292289107413e-13
 0.0001499475329183042
 3.730492748477837e-13
 1.1958670002604893e-13
 2.5029777512772244e-13
 2.6553097828146965e-13
 3.156897486478183e-13
 3.3841275593436693e-13
 2.4182698486925613e-13
 2.052708724569266e-13
 0.00015280790103133768
 2.2524686380410303e-13
 7.524197736218097e-13
 4.4918601715786266e-13
 2.66079557475693e-13
 1.8313463538612712e-13
 1.905189195424914e-13
 2.929015808107033e-13
 2.1077258861856851e-13
 1.0236057742521107e-13
 2.6584921872414846e-13
 7.934942985879725e-14
 1.793929452686624e-13
 2.373188180259528e-13
 2.4725485331042463e-13
 3.583384131956857e-13
 1.384544741226193e-13
 5.367026267855124e-13
 3.237982798554029e-13
 4.5121217417780357e-13
 2.3304142361506297e-13
 7.252682612465811e-13
 2.540705818475375e-13
 0.00036678873584605753
 0.00014329426630865782
 1.669430652745385e-13
 0.00014578532136511058
 0.00011947916209464893
 2.2234034817263104e-13
 3.1722779784970623e-13
 0.0001334087864961475
 0.00013460659829434007
 1.7275029605585968e-13
 0.0001395223953295499
 0.00010018964530900121
 0.00011680228635668755
 4.4659268687644027e-13
 2.304132904439038e-13
 0.00021200886112637818
 0.00013244623551145196
 0.00020831071014981717
 0.00013686528836842626
 0.00013196289364714175
 8.597390842624009e-05
 0.0001213506402564235
 0.00015673153393436223
 0.00017494223720859736
 2.1071028765123206e-13
 0.00013027626846451312
 3.93448572140187e-05
 8.176940900739282e-05
 1.0224928407220543e-13
 0.00018231217109132558
 0.00011085098958574235
 6.69751187560956e-14
 0.00014342366193886846
 3.2252084575072615e-13
 4.879172774963081e-05
 0.00016967704868875444
 0.00015089992666617036
 1.3179920750703428e-13
 3.126752600324939e-13
 1.7414929632912635e-13
 3.427903306259944e-13
 1.7915352632392328e-13
 0.00016321659495588392
 3.029180096862649e-13
 2.045513687902109e-13
 1.730151937516522e-13
 1.423678476540971e-13
 8.774446177994832e-05
 2.1662279446350158e-13
 2.4428500671955233e-13
 6.24961942006369e-13
 5.738372017144444e-13
 6.126525840954855e-05
 2.700860097636787e-13
 1.0993694832522188e-13
 0.00014950269542168826
 3.100582128285484e-13
 3.211878191796552e-13
 2.8775742097301993e-13
 2.4889893748478165e-13
 2.2878855927832564e-13
 3.957668340184156e-13
 3.511688823846365e-13
 2.2664350593764454e-13
 0.000151365646161139
 0.00020407000556588173
 2.164238975749591e-13
 2.456762007371771e-13
 2.4046988900995603e-13
 3.0814944779883335e-13
 2.74982158354406e-13
 7.995297132690204e-14
 8.3449002916125e-13
 1.1630391203061585e-13
 1.4480651649561443e-13
 1.3282803405356008e-13
 1.1793890245925115e-13
 4.39680274610596e-13
 4.3666605704581474e-13
 5.077960621435729e-13
 3.1171305770946733e-13
 4.75886040643414e-13
 5.16698066711091e-13
 0.0003590708365663886
 3.460846789270916e-13
 3.11392513337172e-13
 0.00013499097258318216
 0.00010733304952736944
 0.00011300526966806501
 9.870563371805474e-05
 0.0001718688872642815
 4.2643712454444593e-13
 0.00019467197125777602
 2.7765940588397875e-13
 3.5868728234973724e-13
 4.759809083335065e-13
 4.680259543636545e-13
 3.7678966392264146e-13
 2.7887197759368654e-13
 2.5500885040760646e-13
 2.361058668454846e-13
 2.0870172181153973e-13
 2.734830591155646e-13
 1.7437121896130697e-13
 8.51455516336086e-13
 2.173975111258511e-13
 1.7717023594737702e-13
 2.8988527615674e-13
 1.6333021903274653e-13
 3.216500145657858e-13
 2.816872169547624e-13
 1.5685956494208148e-13
 1.2399857616390841e-13
 1.0349722110152698e-13
 0.0001256412942893803
 1.0196803525239911e-13
 2.841905855609228e-13
 3.559540357779556e-13
 9.425616618588192e-14
 1.3106323751982396e-13
 3.046705682879791e-13
 4.4241438854411563e-13
 1.2752274822051823e-13
 1.3450159497448155e-13
 4.1743353023336593e-13
 0.00010560662485659122
 1.5903061202984792e-13
 2.9429705742690937e-13
 2.4374645639542447e-13
 3.979901260983687e-13
 1.7298634042133693e-13
 3.142657304094215e-13
 2.415789736223001e-13
 2.1937374063574905e-13
 3.1677115899970965e-13
 1.6479349894231443e-13
 2.8867798993262306e-13
 3.6665470464457284e-13
 2.655131702607866e-13
 1.5002564891352516e-13
 2.019241436383712e-13
 3.4751417238645943e-13
 1.950321008208425e-13
 1.9580428316061382e-13
 0.00013565493281930685
 2.4757062719316103e-13
 0.00015507638454437256
 2.200276365185022e-13
 2.0442969420140372e-13
 3.106444680482656e-13
 2.2183771204546676e-13
 2.752283264576688e-13
 1.9047765209730116e-13
 3.641649427756771e-13
 7.602381723280371e-13
 4.0788775352088025e-13
 5.348403469239427e-13
 1.8486241996820002e-13
 2.1697303242279586e-13
 2.27494374250084e-13
 2.9140505655202154e-13
 8.691158144731592e-13
 1.952303336355543e-13
 4.556303793458449e-13
 2.46334067510387e-13
 0.0002470878534950316
 2.13644152282505e-13
 8.383057138416916e-05
 0.0001067065168172121
 0.00020723450870718807
 0.00010574246698524803
 3.1051791454968225e-13
 3.19610928434938e-13
 3.3478086839192067e-13
 2.5519262267584275e-13
 2.2341452147502106e-13
 5.327841575038239e-13
 2.3432143269989936e-13
 3.824258076011444e-13
 5.725408211768035e-13
 5.827499940935787e-13
 3.8148097961793193e-13
 2.3119662651352457e-13
 3.034335749243361e-13
 3.55366100044871e-13
 3.193358392387241e-13
 4.0390713234965403e-13
 2.703810482798663e-13
 4.877201615662019e-13
 1.8183081451107752e-13
 0.00015595271543134004
 2.9134878645926954e-13
 3.158570139379785e-13
 4.051980647713782e-13
 4.1726095235256055e-13
 4.3794435851222946e-13
 3.8303867998419616e-13
 2.351768411089361e-13
 0.00014202494639903307
 3.9200562826184615e-13
 2.8598973775099956e-13
 6.384001608239487e-05
 7.133653883535304e-14
 1.8599588557689783e-13
 7.665664977785092e-13
 8.571775833843276e-05
 2.8666188888783195e-13
 3.310145397800862e-13
 1.0078928793996744e-12
 0.000123141537187621
 1.5768884407876133e-13
 5.655240815569118e-13
 2.6895548505337374e-13
 2.3632146044748337e-13
 5.744626779477513e-13
 9.489364995824909e-14
 0.0002834397600963712
 9.580913536491598e-13
 1.7775010792680374e-13
 6.964554258824529e-13
 5.022066204736497e-13
 1.6644220452843167e-13
 2.961562202072332e-13
 3.7135867840022707e-13
 1.4942180251355935e-13
 1.6055741263419632e-13
 1.8209689127673262e-13
 4.561544284659158e-13
 2.742770203664757e-13
 2.44091070055949e-13
 4.435231207907536e-13
 3.7889591637807474e-13
 3.176828375014984e-13
 2.675398151717051e-13
 5.456719060978332e-13
 7.256439915094559e-13
 2.34683773065944e-13
 4.706897306812341e-13
 0.00016810618399176747
 0.00019650386821012944
 2.473496667904085e-13
 4.380548116085514e-13
 2.209632758883029e-13
 4.911071007328294e-13
 2.3358330786087123e-13
 2.355185003185406e-13
 2.4283995495900934e-13
 7.491518527486668e-14
 1.1141099571761529e-13
 4.080957577076716e-13
 1.2073547456942224e-12
 2.0648025932275271e-13
 0.00020014127949252725
 0.0002774665772449225
 4.401699816268534e-13
 0.00013849597598891705
 2.5117405104044775e-14
 0.00018671550787985325
 1.667302092830253e-13
 2.1998767011591897e-13
 2.827783309160975e-13
 0.00027237588074058294
 1.5225781789876547e-13
 1.8997721147953617e-13
 1.7747931488169832e-13
 3.164240313453977e-14
 1.0557900446917998e-13
 3.0870954664113937e-13
 1.981318212794514e-13
 1.307142599455552e-13
 2.479615904965593e-13
 0.00012376427184790373
 9.537745063425973e-05
 2.686817782149298e-13
 1.2130754571421792e-13
 6.92402840792028e-13
 3.5832781511944967e-13
 3.879436648226292e-13
 2.9850671630707315e-13
 1.84653141843856e-13
 2.037008799485318e-13
 2.7013284729753007e-13
 2.4059988485043704e-13
 4.0212039427445223e-13
 1.464022452530786e-13
 3.9376732126686353e-13
 3.183382919248745e-13
 2.691881006294805e-13
 3.0587609268356575e-13
 2.923006888616575e-13
 2.1339012371349164e-13
 0.00010381939500803128
 0.00012227882689330727
 9.383072756463662e-05
 9.05170600162819e-05
 0.0001136908758780919
 0.00015196669846773148
 2.548600165543785e-13
 2.8574736435534043e-13
 2.8562793948604115e-13
 2.771085769702475e-13
 3.753583002145261e-13
 3.577513448243391e-13
 0.00017005451081786305
 6.269131806561912e-13
 1.428510765623739e-13
 0.00013458410103339702
 2.3192369249039335e-13
 1.2152885848267653e-13
 9.231331205228344e-05
 2.625322105976463e-13
 1.638394010305272e-13
 0.00013862369814887643
 0.00023875021724961698
 1.6549514037823843e-13
 2.552088043932671e-13
 1.7251110750408222e-13
 2.495388607120369e-13
 2.694839522972975e-13
 2.8020744361964556e-13
 1.724491995600333e-13
 1.6829450973001453e-13
 0.00016852410044521093
 1.7643086427585053e-13
 1.77454798360073e-13
 4.3886313505936414e-05
 1.39928677369075e-13
 2.513836849186296e-13
 2.6910892676583476e-13
 1.5429142880864222e-13
 7.639039682934279e-13
 1.4837931501966023e-13
 1.4063869426678144e-13
 6.053647166881504e-13
 5.914183530929262e-13
 4.176739791701689e-13
 2.0633806620783124e-13
 6.572760456562132e-13
 3.364142189647701e-13
 6.171171971873501e-13
 6.092965758666691e-13
 9.552023402648047e-05
 2.4461709784498464e-13
 3.7524855184961625e-13
 4.517756611518986e-13
 4.698962573213006e-13
 1.743589945818122e-13
 2.125694775366102e-13
 3.335517625990825e-13
 2.253570322973547e-13
 4.374627559072114e-13
 3.0771750165331513e-13
 1.722839400438922e-13
 1.0044230529769604e-13
 1.0686663685054165e-13
 5.77242382582624e-14
 8.220380891829984e-14
 1.521048911823364e-13
 7.611240874757022e-14
 2.786381151850814e-13
 5.797639657852821e-14
 2.463925602175926e-13
 0.00021631094568874687
 2.217919180562064e-13
 3.810851645098118e-13
 3.435029767139691e-13
 3.2519259095427355e-13
 4.4207091329587223e-13
 3.932398026998407e-13
 2.3972070530876854e-13
 2.730255257987757e-13
 4.4040530770839137e-13
 4.1253402061590394e-13
 5.37668217240328e-13
 0.00013363103789743036
 5.755848814063824e-13
 3.2172669476443483e-13
 5.023154201616586e-13
 5.203692836873441e-13
 3.5754442483972027e-13
 1.736200565911547e-13
 5.014628577833247e-13
 3.692710200120519e-13
 1.4630772992869218e-13
 3.627343109040282e-13
 1.615560441502184e-13
 4.376950191176121e-13
 1.8398261701028235e-13
 0.00010910369019256905
 3.10517806129465e-13
 1.7096298877451732e-13
 3.47643870071343e-13
 2.286586989631162e-13
 2.2213319779505053e-13
 1.3668193909587706e-13
 6.710295296849522e-13
 6.250844568518599e-13
 1.983969358156784e-13
 3.2913941212277253e-13
 1.4481669444350864e-13
 1.172352145917266e-13
 2.8806427729288764e-13
 0.0001266687031602487
 1.8719261438236018e-13
 2.807693585005905e-13
 1.8209351669747076e-13
 6.400629809152902e-13
 1.9635241512144103e-13
 6.005588279282825e-13
 7.281972063104963e-14
 1.0233828758379748e-12
 8.067464339796271e-13
 2.7914443759963214e-13
 0.00015376369992736727
 2.6013747904916895e-13
 3.734817630943882e-13
 3.488638143558237e-13
 0.00011349425767548382
 0.00011868256115121767
 1.689934406605073e-13
 0.00010431519331177697
 1.6368927587557115e-15
 1.7996694900383053e-13
 0.00011711860133800656
 0.00011920933320652694
 0.00011755340528907254
 2.1089117323118411e-13
 0.00011445417476352304
 1.3530971861627078e-13
 0.00014898815425112844
 0.00016911629063542932
 2.160791890467445e-13
 2.357516579957336e-13
 1.6557062795449773e-13
 1.3516238909355716e-13
 2.276560558990559e-13
 1.414261367521305e-13
 2.5697223212176046e-13
 2.108624283210861e-13
 1.9596234628483505e-13
 2.635185364190107e-13
 1.770412294413784e-13
 3.119704202001611e-13
 2.906667419776132e-13
 5.169624494108516e-13
 2.4865244412086707e-13
 6.495728434308123e-13
 3.001291706480891e-13
 7.130490317121263e-13
 6.230531498715997e-13
 6.721900054802721e-13
 3.4043452193550927e-13
 3.344174167186492e-13
 3.1358607117254467e-13
 1.9915744942956837e-13
 3.0522473112339077e-13
 3.978280819192954e-16
 1.9746407471394473e-13
 2.829113896277158e-13
 1.874554114364435e-13
 1.7452440317575202e-13
 1.895083211449905e-13
 1.802973596158955e-13
 1.446121732561964e-13
 1.9810138230345886e-13
 2.19927320712493e-13
 1.8816641766863235e-13
 3.9251945877644134e-13
 2.4123763967334733e-13
 5.729170342484583e-15
 0.00011421085218898952
 1.9780139711485928e-13
 0.00012333242921158671
 2.0796019528819543e-13
 1.5718361814836082e-15
 1.4018826247422234e-13
 2.555402178923416e-13
 1.3123814643530018e-13
 0.00012525827332865447
 1.6914646224462648e-13
 0.00014785760140512139
 0.0001199961407110095
 1.7604308581633393e-13
 0.00013220158871263266
 1.9910315800578116e-13
 8.54590242972339e-14
 4.759104894024035e-13
 0.00011228690709685907
 4.790960922256005e-13
 1.5661647326248307e-13
 1.3602488547429653e-13
 5.885933017021894e-13
 4.270362004548528e-13
 2.1208826795487967e-13
 2.5569417460083455e-13
 3.46788353242089e-13
 1.971319293784038e-13
 1.375076403653877e-13
 3.8196740692261755e-13
 3.9652889262040136e-13
 4.2636678692850594e-13
 3.4486505990326266e-13
 3.770567842328876e-13
 2.1399569128440626e-13
 3.860119960220204e-13
 2.8546761308978486e-13
 1.9743526204121092e-13
 1.88775983235058e-13
 2.490761232248201e-13
 2.3100962874382514e-13
 2.9886271409040877e-13
 1.7904053890502314e-13
 2.746608821456442e-13
 2.2744019124651405e-13
 2.647901700420646e-13
 1.21785069008562e-13
 1.2301711569979307e-13
 1.7384070528578266e-13
 1.8336333428188578e-13
 1.2318362204843253e-13
 2.271023131919861e-13
 0.00016779324505478144
 9.366308726874162e-14
 1.5672004167500975e-13
 2.146535716101433e-13
 1.980797118125363e-13
 0.00011017695214832202
 3.369507093047702e-13
 7.210760245635929e-16
 0.00015915824042167515
 1.9176484402153027e-13
 1.38277735615977e-13
 1.4171313861971457e-13
 2.3723877680056904e-13
 2.2041232500182723e-13
 5.315148278103865e-13
 8.994315065142828e-15
 1.0434923460251114e-13
 4.4410829180829836e-13
 0.00010842089250218123
 1.5961710780692216e-14
 3.456259800929673e-13
 1.3322063721274424e-13
 2.697668748542076e-13
 3.2313941019518344e-13
 2.760293079176468e-13
 6.807011232012883e-05
 4.702871664145902e-13
 2.1371215886377415e-13
 5.501410416629271e-13
 3.2332838663384766e-13
 1.8986332959384372e-13
 1.4615779832076459e-13
 1.8250585233619415e-13
 5.074045025289797e-13
 1.1117901711028486e-13
 4.169530931456833e-13
 0.00013542953820433468
 1.927859185225228e-13
 5.49386857079219e-14
 1.9238344912356903e-13
 1.0863953101925353e-13
 1.9296539463965062e-13
 1.5986548836024322e-13
 0.00017402507364749908
 1.3238187130705514e-13
 1.450490660741266e-13
 1.3303366654809912e-13
 0.0001421138149453327
 3.313892129458429e-13
 3.549052463589289e-14
 1.6100259959874602e-13
 2.5317278113355657e-13
 1.7752043324908984e-13
 2.2050055195361323e-13
 0.0001607481826795265
 0.00016601389506831765
 1.0851808004714442e-13
 3.1868390847240857e-13
 1.5742776819562682e-13
 1.188295067813122e-13
 1.3668679090059893e-13
 1.4249070131276687e-13
 1.5740696506644225e-13
 1.9351382475607526e-13
 5.927449828711795e-13
 2.5926228395048434e-13
 2.5580140219569336e-13
 3.494229916262831e-13
 7.50410313315325e-13
 8.177649096080541e-13
 0.00028578698402270675
 2.709350484849521e-13
 4.132572647801147e-13
 2.630478300458261e-13
 2.935107940114229e-13
 2.2443296678574531e-13
 1.1122758259134863e-13
 2.625766086766096e-13
 1.5440175993221977e-13
 0.00011138506670249626
 1.4922325799072295e-13
 2.0555272436419136e-13
 2.3746881739651615e-13
 5.90696979177463e-13
 2.675656462884646e-13
 1.903037392925709e-15
 1.7633838183053752e-13
 2.2445746975484349e-13
 8.428176776278939e-13
 3.209095044819782e-13
 1.90262803884296e-13
 2.0223783043192556e-13
 2.855294066843859e-16
 2.5721316894954105e-13
 3.334306021592743e-16
 9.585816298715577e-14
 1.4909019927910466e-13
 1.6077184071885964e-13
 3.3677059621886607e-13
 2.864259122849905e-13
 2.1291957997063293e-13
 1.6142884013033154e-13
 1.6110828220550905e-13
 1.5566583124512062e-13
 1.748267058464953e-13
 0.0001976258063223213
 1.449430988642933e-13
 1.7291510833860463e-13
 1.8180694851075568e-13
 1.4098492067803753e-13
 1.4548803242871167e-13
 2.203626685423274e-13
 0.0001891314168460667
 1.0512975852274703e-13
 1.6762519107135776e-13
 1.2229213681210632e-13
 1.3656008832421684e-13
 2.719698652484809e-13
 2.561724432841722e-13
 9.274459184579337e-14
 1.5916665229744054e-13
 1.8596222109944216e-13
 1.7958591970283766e-13
 1.6379303783512628e-13
 9.974381482433584e-14
 2.0279546271428917e-13
 8.033475956941566e-14
 3.0521513593416427e-13
 2.4927412564657025e-13
 1.605590253849279e-13
 2.395322980762449e-13
 2.0590225759207353e-13
 2.0193383369528778e-13
 4.724839768564804e-13
 0.00014840482617728412
 2.589533405414346e-13
 2.358556871941836e-13
 3.2274440823869266e-13
 2.166431774643443e-13
 3.7605622825800933e-13
 1.4248469754323673e-13
 1.5719362118395142e-13
 1.3175405048655026e-13
 1.1295288028468839e-13
 4.906996033463007e-13
 1.1867817926308755e-13
 2.717742480715102e-13
 1.1142877663324405e-13
 7.97822203267573e-13
 5.944275020125511e-13
 0.0001113043399527669
 2.416488775573711e-13
 4.820025129893823e-13
 5.837755951386414e-13
 4.952367183876094e-13
 3.505978331003884e-13
 3.261589674556642e-13
 6.533915254550507e-14
 6.131924395330612e-13
 1.9622693227250299e-13
 3.7447838883639117e-13
 1.7234235143593485e-13
 1.5547301944127123e-13
 0.00011255337449256331
 2.1796151309597805e-13
 2.838432885000214e-13
 1.899683481267761e-13
 1.218541462394765e-13
 1.8325111935703353e-13
 0.00017218310676980764
 3.470310247933456e-13
 1.4946212128184866e-13
 2.416784220665713e-13
 2.357712549500013e-13
 2.6302471959889322e-14
 2.066337687978495e-13
 2.2793504822309074e-13
 6.740463222298931e-14
 1.4549030925327389e-13
 0.0001552981702843681
 0.00018648250261321664
 0.00011665786587400362
 1.7095496567844093e-13
 1.616161089505741e-13
 0.0001415214064763859
 2.648435127889509e-13
 5.654813097812073e-13
 2.744102688134742e-13
 6.075360077214056e-14
 3.468729481165972e-13
 9.278554080659543e-14
 3.1093950656445324e-13
 2.5888403291755846e-13
 1.6917110073899622e-13
 1.8969392300439286e-13
 2.2652059806886615e-13
 0.00013850907271262258
 1.5970944456256825e-13
 1.970064329769386e-13
 1.9152422703339056e-12
 1.0569862585012302e-13
 0.00012616168532986194
 3.5048943998819415e-13
 1.1811687424586464e-13
 9.37272923661435e-14
 1.0838149767846555e-13
 2.523579489908251e-13
 9.554327001868451e-14
 9.055466608769852e-14
 2.1582453706148197e-13
 1.1657919096220992e-13
 2.4698889851751393e-13
 1.9922488680469697e-13
 4.190033465589077e-14
 1.9964802380756375e-13
 2.724890252943802e-14
 1.6041082850047628e-14
 2.077388621909461e-14
 2.3278674452474613e-13
 9.668930559631958e-14
 4.470767289363464e-14
 5.7838785064818436e-15
 1.1674018990262634e-14
 5.584904647548683e-05
 0.0001282625598832965
 0.0002593534009065479
 1.80198236432276e-13
 0.00040548041579313576
 0.0001676870306255296
 1.5000157962529598e-13
 0.0003214122843928635
 0.00010935449972748756
 0.000151946340338327
 9.397919318839335e-14
 5.703127043971828e-14
 6.950479959372952e-14
 6.649679586264931e-14
 1.920239361535023e-15
 2.6438068744027987e-05
 2.0887198221020142e-13
 6.269616749864874e-15
 1.3188340935825493e-13
 1.2567128327561905e-13
 2.5125250323202244e-14
 4.350183763695637e-15
 1.4916647290193902e-13
 1.726409271617102e-13
 7.737122167993452e-14
 8.921430082317258e-14
 3.5502788317716416e-13
 8.154237105418433e-14
 3.960668124307516e-14
 1.1497912539605581e-13
 1.2277285850285924e-13
 1.130754425640243e-13
 2.3906191696371204e-13
 4.879075117016074e-14
 9.782710123744376e-14
 9.319261128851869e-14
 0.00011949651525355875
 1.8600913994845647e-13
 2.9283094503916585e-13
 2.6969157701332847e-13
 0.00012081484601367265
 7.351094017359061e-14
 0.0001341329625574872
 1.3082680013105918e-13
 5.730689496075483e-14
 6.357871585975505e-13
 2.5888763788978197e-13
 1.9071170424128647e-13
 3.592769528062978e-14
 3.880032417320073e-13
 2.3679574468783715e-13
 2.543945956667848e-13
 3.554250535379999e-13
 4.2423261626713116e-13
 2.7065630010640607e-13
 5.140168889486429e-13
 1.53542529710525e-13
 2.365835121125731e-13
 6.805279538675546e-14
 6.186241807881743e-05
 1.165897754859188e-13
 2.0823918761223026e-13
 2.1233041095757715e-13
 5.972920590199479e-14
 1.6836305841236993e-13
 1.5993026944004923e-13
 1.190648328628502e-13
 1.3102903432941383e-14
 2.7687981031185305e-13
 8.569365919988692e-14
 1.7350094342998001e-13
 1.5520359520140858e-13
 1.0845119154936564e-13
 1.3724278332717665e-13
 1.3670878665217323e-13
 1.6439540700963207e-13
 0.00016304021119140089
 3.1828280787869756e-13
 1.404963385215341e-13
 2.0219495023600376e-13
 1.7637035224209868e-13
 2.925655323473414e-13
 2.5831206206146373e-13
 1.4910018749161869e-13
 1.2339224965147305e-13
 1.585187601842175e-13
 3.6163951065530664e-13
 3.632593358060543e-13
 1.4479164937332423e-13
 2.0404501927060587e-13
 2.049266518196896e-13
 2.3883309609520897e-13
 1.4539752865236344e-13
 0.00013350664812605828
 3.2323885863945467e-13
 1.6701757706884257e-13
 7.537490054852769e-14
 0.00014647463103756309
 1.2467061888052355e-13
 4.4803126052900266e-13
 5.00793633992358e-13
 8.263225173554822e-14
 6.790344653749558e-14
 1.1483832819143142e-13
 3.7412596892022476e-13
 6.808498263875112e-14
 4.862758416421253e-13
 5.055162018152703e-13
 2.884804211917419e-13
 1.6581142925700676e-13
 1.836005306121713e-13
 7.902523985669693e-14
 8.88536951806039e-14
 5.734087792259868e-13
 1.2063618062396059e-13
 1.6805618853997506e-13
 1.7296755661869861e-13
 6.452172780432863e-13
 4.2961272560260166e-13
 1.1093891376292436e-13
 5.797172637767023e-13
 0.00012443789455574006
 0.00013528384442906827
 2.1930347078244483e-13
 0.0001267950574401766
 0.0027521795127540827
 0.00012324980343692005
 1.4388009284427988e-13
 0.0001250833156518638
 2.3153018131188974e-13
 2.7156518678760067e-13
 1.07960637500161e-13
 0.00013536664482671767
 0.00013302647857926786
 0.00012815860100090504
 2.695192430780119e-13
 1.637050819338834e-13
 8.533414802514017e-05
 0.00013626799045596272
 2.963134295222436e-13
 1.6905557899751789e-13
 1.460096827514759e-13
 0.00017065147403627634
 2.5814176100522057e-14
 3.1589130183168335e-13
 8.94798151589507e-14
 4.190033465589077e-13
 2.921879047306647e-13
 1.1422816631381089e-13
 9.225650842228927e-13
 1.2803789333024757e-13
 0.0002819683577399701
 2.1045953879379048e-13
 5.286241821882143e-13
 7.964388561631716e-14
 1.4247767733416988e-13
 1.0303266079940768e-13
 2.661941034352161e-13
 1.1791505001145647e-13
 2.943773425977819e-13
 2.0244418121040386e-13
 1.7893320288994707e-13
 0.00018521802849136293
 3.5873287305109025e-13
 3.4119060980224982e-15
 9.246934001925361e-14
 1.1750685636384515e-14
 2.832569519651412e-13
 2.4295653379760584e-13
 2.356627263125355e-13
 2.539120172798115e-13
 2.43660967054124e-13
 6.841254044384973e-14
 2.3189127484543604e-13
 2.232303019733886e-13
 2.2404864422065351e-13
 2.2698181767304149e-13
 2.7787494527586887e-13
 1.8642383372690502e-13
 5.700024328404718e-13
 6.807203997531708e-13
 4.0603425569690765e-14
 1.8349609483790663e-13
 2.6497247863736806e-13
 2.50190059641886e-13
 6.088613771146334e-13
 1.9850561353094293e-13
 1.0714543266293272e-13
 3.5023421879679106e-13
 8.47956687505258e-14
 6.36985716994179e-14
 8.258976964511163e-15
 4.284402151631672e-13
 6.790804084420149e-14
 1.765867589957268e-13
 2.496462238321673e-13
 9.00016348883044e-14
 2.3792548335156705e-13
 2.431993950842426e-13
 2.315272268609697e-13
 1.349789149809183e-13
 2.4416650342209967e-13
 9.129985119216144e-05
 2.2277222655551349e-13
 1.7648305505792855e-13
 2.9301989437277576e-13
 1.2193017591682204e-13
 0.00010032382851932198
 4.9563401262275875e-05
 3.051860386583602e-14
 9.783714631339535e-05
 1.212190460178229e-14
 3.0180122723849623e-13
 2.1997548639400566e-13
 1.4312875429127458e-13
 7.836210792668691e-14
 4.535489551201616e-13
 1.6389858491661774e-13
 2.1586705133917056e-13
 6.69555624594094e-14
 4.5763502850518917e-14
 1.419642127378079e-13
 2.631847105701024e-13
 6.358088426410002e-13
 2.9994304024012763e-13
 8.187240897175249e-15
 1.2264435682849718e-14
 9.052025416167453e-05
 3.123996287351938e-13
 1.1157809160118604e-13
 3.663692613176117e-13
 4.9031599906514817e-14
 3.2589669895013995e-13
 3.2192366719412113e-13
 9.663693185512495e-14
 2.1688822409598497e-14
 8.24707937032744e-14
 3.6436514070682657e-13
 3.631387454194196e-13
 3.705747544897409e-15
 4.169798458342894e-13
 3.5204085198185797e-13
 4.2857246072315613e-13
 7.26044319609119e-14
 1.6921376409448352e-13
 2.9130926729008244e-13
 6.943011754580305e-15
 7.842967743895528e-15
 8.073353082252172e-15
 1.0159214913546197e-13
 1.3700118411963131e-14
 6.75400355218056e-15
 3.3717882882999296e-15
 1.0189670830197672e-13
 1.1052396926272343e-13
 1.0569646422204163e-13
 1.3317833977549015e-13
 7.319772094222313e-14
 7.711112157875524e-14
 9.81694855072511e-14
 7.241678366990897e-14
 1.550109324753579e-13
 4.160229425493808e-14
 5.268158346084621e-14
 7.006254029631037e-14
 2.632806895674217e-13
 1.4968478930302287e-13
 3.161149727398671e-13
 2.792222833156166e-13
 3.519731977662949e-13
 2.116161046850258e-14
 1.6109859214859246e-13
 2.6470484333109e-13
 1.8929634606774243e-13
 1.4319260024670682e-13
 3.7687764692893866e-13
 1.1972165609146906e-13
 1.3513048644463177e-13
 1.5991462982371113e-13
 1.4532847852650327e-13
 1.3970075096736423e-13
 0.0003520921745803207
 7.638843306815787e-14
 7.898649318155773e-14
 1.1022619313605028e-13
 0.00016404797497671098
 1.7245979763626934e-13
 3.330406154848642e-13
 5.486612547752831e-14
 8.880993407041696e-14
 1.1822190633132418e-13
 1.2855549144739215e-13
 1.3386362331113677e-13
 0.00017787021351978183
 2.0010355135033353e-13
 3.491439654209304e-14
 2.0059655163068985e-13
 1.8053356661169861e-13
 2.1555429966998996e-13
 1.1030646475439568e-13
 1.8985494057953411e-13
 1.075282508975102e-13
 1.3160800845391646e-13
 1.3257260957424966e-13
 1.711302269596232e-13
 7.409086636312595e-14
 1.4325240754904656e-13
 0.00017204352479893714
 2.7210956469840564e-13
 1.3394885515442129e-13
 2.4897952081125163e-13
 5.540661720117128e-14
 2.3976296208844117e-13
 3.501958380398851e-13
 1.145025372260855e-13
 2.2421500149149426e-13
 2.232184570646542e-13
 1.662254454090975e-13
 2.0251813735109453e-13
 1.9818218247036334e-13
 2.2157544353994252e-13
 9.437504895409496e-14
 2.757023667525338e-13
 3.9572993048696964e-14
 1.6250480236630616e-13
 2.1344457776760473e-13
 1.4142050228896537e-14
 4.82149151333211e-13
 8.635040111334286e-14
 0.00022027059458196163
 9.550550590176413e-14
 6.9477979142487656e-15
 2.5052307233916493e-13
 0.00011842988169519231
 8.415985871526241e-14
 1.573543812610767e-13
 4.911864101217467e-13
 5.984185044195789e-13
 1.8206847162728634e-13
 4.994654863310632e-13
 5.70302648422033e-13
 4.60849891234516e-13
 1.658452563647883e-13
 1.2783593357056783e-13
 1.2669838865119604e-13
 1.0777011607340098e-13
 2.4271166673695e-13
 1.6315658405482297e-13
 7.892336551006476e-14
 1.7025680724199604e-13
 2.82671997788031e-13
 2.464093382462118e-14
 2.0288022021912322e-13
 1.0171418286623879e-13
 0.0001407903473591432
 0.00011686314246617258
 1.4527529840994285e-13
 6.922267663592163e-13
 0.00018306098354514688
 3.8555744426120586e-13
 0.00017509711324237287
 2.9546838540834945e-15
 1.8819482376555147e-13
 0.00013206477160565555
 8.334547601407394e-05
 1.0808994216175705e-13
 4.909426679208448e-14
 1.1856782103445568e-13
 1.270243269292995e-13
 4.836264377795947e-14
 1.3308150696896004e-13
 1.3718822085284632e-13
 2.7464196281773434e-13
 4.796013033329244e-14
 2.112946590696746e-13
 1.1994132900414178e-13
 2.9990854905851544e-14
 2.1762905605231253e-14
 1.4720859351381038e-13
 1.605579140777011e-13
 0.00011353047739248723
 1.2140811224197953e-14
 4.1947692606784936e-13
 0.00011260785686317831
 4.617473395827909e-13
 5.690785299591883e-13
 3.67492521873361e-13
 4.1663116641561804e-13
 3.7638297968774215e-13
 2.75425027836812e-13
 2.2456807192896416e-13
 3.347073391558354e-14
 2.845793262498675e-13
 4.682795492517988e-13
 2.689467030157766e-13
 5.203319668038199e-14
 9.172949231521076e-15
 5.09476934652895e-15
 2.4699009791616724e-14
 1.1985826556520224e-13
 7.20316818345057e-14
 3.1012139471015e-14
 1.1362956304778859e-14
 2.6646972117998907e-14
 1.3057967911573069e-15
 5.150552395336277e-15
 5.282140827164716e-13
 3.09405252070169e-13
 3.9237029966256165e-13
 4.63957431501294e-13
 5.158418180453705e-13
 7.477541806230614e-13
 0.0001037308611557819
 0.00016700806736480445
 7.673346008076065e-14
 1.4152841767457736e-13
 9.052918056038153e-14
 1.0981517209246103e-13
 0.00012812043132726103
 8.26313771540299e-05
 0.00014593701052945107
 2.725511873483133e-13
 4.2536741002349027e-14
 2.122585148010142e-13
 1.8423669978940432e-13
 1.9328233403972245e-13
 4.423287026911714e-14
 3.505438059508807e-14
 9.718882464223796e-14
 1.1789926131731965e-13
 1.0126857577334725e-13
 5.640494717346414e-14
 2.807231443829883e-13
 1.376276479933547e-13
 1.0583648215635455e-13
 1.8107887964687736e-13
 8.427506874861615e-14
 1.5442799762479392e-13
 1.3770421977178648e-13
 1.7391589470644453e-13
 1.7106750586394492e-13
 8.729122432478073e-14
 2.3024236597141146e-13
 1.2940626489214152e-13
 3.034628212779389e-13
 3.399575542947786e-14
 9.87645701984105e-14
 9.09594800738503e-14
 3.548694541347097e-13
 2.316600958372078e-13
 1.8986384458987565e-13
 2.676500107700111e-14
 1.909646621606545e-13
 3.6243387848203246e-13
 1.9159058562735753e-13
 0.00010881595517275855
 7.717855895388384e-14
 3.0865392706969086e-14
 7.346385361205274e-15
 3.887137956486023e-15
 2.3400367676006638e-14
 4.836944375846003e-15
 2.2396581117467562e-13
 0.00013782188761979342
 0.00012707387213595212
 2.2406305055702042e-13
 0.00020268003572709858
 1.7610461428962249e-13
 2.6864824926274566e-13
 9.021559526445344e-05
 0.00012917431013192981
 5.814594546951421e-14
 2.8857958503294284e-14
 3.6404264477062076e-13
 0.00018414508667774498
 1.5758164951818745e-15
 0.00016898851026780903
 1.8693144363153558e-13
 5.257170549989544e-15
 0.00017819186905398965
 0.0001496059849159792
 1.5742086995930438e-13
 0.00010878893226617947
 1.2402855435397764e-13
 0.00015977404837030917
 1.3556159233346632e-13
 0.00019343866733834147
 0.00016048469115048647
 3.8553443101130367e-16
 0.00012031975347781554
 2.780596933260604e-13
 2.38103993851135e-14
 6.795067709463448e-14
 1.4413380970516865e-13
 1.2846562463982025e-13
 0.00011025622370652854
 8.388524292968214e-05
 4.1693355040152424e-13
 0.00013685338490176946
 6.807238149900141e-13
 3.6780180380446836e-05
 1.0824070555603884e-14
 5.799169738168741e-14
 1.2410668467303237e-13
 1.0327028234023271e-14
 4.467015407745578e-13
 9.917639084110197e-14
 1.0049446897471975e-13
 8.173661264964868e-14
 3.886706562605986e-14
 6.13660886301659e-05
 4.418878389827845e-14
 4.384206620791295e-14
 2.560427286586297e-14
 2.904285563128453e-14
 7.337637035519443e-14
 1.1347005149722755e-13
 1.6022850635264568e-13
 5.943329324780561e-14
 7.614411488485184e-14
 2.6604859333927318e-14
 6.036234608940844e-14
 2.1339456894239883e-14
 6.072834834829066e-13
 5.557857844199106e-14
 3.359067716904654e-14
 1.4989240724279027e-14
 2.032970044748856e-14
 0.00015113659901544452
 1.0803022295084383e-13
 0.00012915369006805122
 0.00024606837541796267
 3.4654172435290287e-13
 1.8227938960741624e-13
 3.410364438766189e-13
 9.171551322226246e-13
 5.591776516242252e-15
 7.207202177861869e-16
 7.007528983623244e-16
 4.647679268353355e-13
 0.00010861579357879236
 1.3473032055177805e-15
 0.0001580360549269244
 1.0300312391350397e-15
 0.00014446134446188807
 0.00013814246631227434
 0.00011618006828939542
 1.8287248885334728e-13
 9.301259706262499e-05
 2.883188208579329e-13
 0.00015826828894205391
 0.0001673051156103611
 0.0001186409208457917
 2.661144145755384e-13
 1.5631141942872712e-13
 3.557608215487562e-05
 2.768766119154442e-13
 1.6523039176024462e-13
 8.617245643178367e-14
 1.0466330086682588e-13
 1.1336037089495349e-13
 2.1189834283931452e-13
 6.869253565489411e-14
 1.0091896800656572e-13
 1.0080002933417816e-14
 1.1772158768630359e-13
 9.200261808905291e-14
 1.494266949758627e-13
 1.6990891386989976e-13
 8.087541595626357e-13
 6.014347006533249e-13
 1.0476449081083666e-14
 1.0499077735676154e-13
 2.064313651929054e-14
 2.9661163932978574e-13
 3.043894346646536e-13
 4.06849250469965e-13
 7.661428593321376e-14
 2.1321091525877515e-14
 5.833793056920708e-14
 7.03724459347882e-14
 6.457900484984833e-14
 3.57205909816416e-13
 2.595346084311584e-13
 4.957177952746861e-05
 3.343027894439632e-13
 2.9304783968377157e-13
 2.950278367962189e-13
 4.655292739296456e-14
 8.297086606035009e-05
 2.799054391044997e-13
 1.5965925955450933e-13
 1.689387155558511e-13
 2.029708048212342e-05
 0.0005797359044663608
 0.0004072180308867246
 4.166152557487368e-13
 1.9347122916322373e-13
 0.00018898077541962266
 0.0001257416734006256
 1.4945571093650384e-13
 0.00044531439198181033
 0.00036049692425876856
 4.957177952746861e-05
 2.2927766998338817e-13
 0.00022000307217240334
 1.722746836678446e-13
 0.0001951996673597023
 5.1158298447262496e-05
 2.7231485837976577e-13
 3.781933262652498e-13
 1.7395329968139528e-13
 0.00024557040887884796
 0.00027935850084759295
 2.6733262413654313e-13
 2.03071243089388e-13
 3.09654211994026e-13
 0.0001644386793486774
 4.387643541678074e-14
 0.00020296686852816492
 0.00017754174768924713
 0.0001457393664168194
 0.00022025028010830283
 1.195121746792177e-13
 0.0001241169375134632
 0.00016172730829566717
 2.613776979142751e-13
 2.700232886680004e-13
 0.00017303643107879907
 4.027998366708946e-13
 4.0775225535437387e-13
 2.9859399458195823e-13
 8.828077700286097e-13
 2.561073911538231e-13
 1.5816899656337369e-13
 0.0001306637714151293
 0.00012865374446846545
 0.00012724989210255444
 0.00023025734117254615
 0.00013453444989863783
 3.0191227664601306e-13
 2.911334096977053e-13
 2.6270112929611955e-13
 0.00016080474597401917
 5.167825260603276e-13
 3.196723755930636e-13
 3.201640612782858e-13
 0.00011564513988560066
 8.124698069877923e-05
 0.00011134731175843626
 2.495316778726442e-13
 3.3563009684857426e-13
 4.451233489872336e-13
 2.2406954221752817e-13
 0.00017336115706712008
 2.275231327127092e-13
 4.28863785846903e-13
 7.055588210035102e-13
 5.535524295885441e-13
 6.95103900111814e-14
 3.5717482031911996e-13
 1.6178032221161875e-12
 2.797225341980014e-13
 2.964500932060854e-13
 2.176734541312758e-13
 7.068094888670537e-14
 6.102004752178702e-13
 0.00018602234194986522
 1.5235145230888675e-13
 5.638965856757938e-13
 2.930946230075143e-13
 5.615235381707662e-13
 4.391760392852273e-13
 3.3279622584814206e-05
 3.9151833359542254e-13
 4.79664918895395e-13
 4.643048098773583e-13
 5.388724948034163e-13
 3.9696682506473735e-05
 1.1304532884868351e-13
 0.0002739371848292649
 2.1114211182400588e-13
 0.00022025028010830283
 4.688740715130812e-13
 4.866267436752503e-13
 6.43241102743497e-13
 6.0841899539809674e-05
 0.0003275443450547755
 4.464107577518972e-13
 9.211165494628706e-14
 7.424523777894987e-13
 2.1878896264149184e-13
 6.0841899539809674e-05
 3.4848805698789453e-13
 0.00021263326925691217
 3.51287629627578e-13
 1.5394262741722647e-13
 4.532522360906066e-13
 9.87573730526492e-05
 2.4757599399391483e-13
 3.7945894256624646e-13
 0.00013906334061175585
 3.4783777285362846e-14
 0.0001315433910349384
 0.00012313667684793472
 6.609738255856923e-14
 2.0812106378553796e-13
 0.0001319028961006552
 0.00011539683328010142
 1.2811958796394435e-13
 1.500524422597127e-13
 3.3102240024583673e-13
 2.6507141208560736e-13
 2.0810709113004006e-13
 1.3531118228920364e-13
 1.5930252993470728e-13
 1.4302155380147008e-13
 1.9573755051689734e-13
 1.1145706075741876e-13
 2.0870172181153973e-13
 1.9337220084729434e-13
 2.2381452431403243e-13
 1.8003849279468742e-13
 0.000683051475789398
 0.00021170618128962815
 2.1005265127098383e-13
 1.3473532185781512e-13
 1.3496174392901156e-13
 1.6355821319709307e-13
 3.759518466938533e-13
 1.9394251829507603e-13
 3.467941266186575e-13
 2.5887037197018514e-13
 2.0164872918150556e-13
 0.0001363455958198756
 3.83827491274788e-13
 9.945967758540064e-05
 4.22558038906673e-13
 2.887703368526645e-13
 3.5301338133057747e-13
 2.0792068967153549e-13
 3.603008191278845e-13
 1.7302415197210236e-13
 3.699223273621183e-13
 1.8381406423004232e-13
 3.0150534846562493e-13
 1.542848287279172e-13
 2.4202126951422542e-05
 0.00011100225674454123
 1.671689181395944e-13
 1.614257094965585e-13
 3.593301880755462e-05
 1.9859625283256271e-13
 1.7697223352562685e-13
 1.8209689127673262e-13
 1.731061041038151e-13
 0.00019625085406005383
 2.3419119291392954e-13
 1.9598771661567121e-13
 1.9937643116335613e-13
 5.510489525621665e-13
 2.6957231477435506e-13
 0.00015622995852027088
 3.848074203033347e-13
 2.488883394085456e-13
 1.3905997393089814e-13
 1.338189135240489e-13
 2.1077258861856851e-13
 2.0012095279520192e-13
 0.0007370810490101576
 0.001119902590289712
 2.402062923567705e-13
 3.007516382203673e-13
 1.7249404487239273e-13
 0.00020805983513128012
 1.306174813491337e-13
 1.7788346479401945e-13
 0.00017234256665688008
 2.344271966218253e-13
 3.4513014733443537e-13
 2.67783381189754e-13
 0.0002456188085488975
 0.0014479343080893159
 0.0001177186204586178
 5.131615076446605e-13
 4.51427740674748e-13
 9.57919182344169e-13
 1.5040887372391731e-13
 5.511157394159916e-13
 2.500455897024023e-13
 3.545856371110073e-13
 1.9937643116335613e-13
 6.989530811551958e-05
 2.9385310374233087e-13
 2.828425969998716e-13
 4.984366868895918e-13
 6.391176108309915e-13
 7.751323996725568e-13
 0.00010127073619514704
 2.4045300256111957e-13
 7.542917028827145e-13
 2.0812106378553796e-13
 0.00019267525931354612
 6.536257131243076e-14
 2.14466844890987e-13
 1.1079432862695984e-13
 1.9618689810728396e-13
 1.7249404487239273e-13
 3.942977332984342e-14
 9.762515503029118e-14
 2.6614146541974193e-13
 2.5769173578847615e-13
 2.1806386178106069e-13
 4.316752982630109e-14
 3.787427863737383e-14
 2.1774084746069115e-14
 9.955364576328188e-14
 1.906273533122671e-13
 8.883831306228177e-14
 3.78202026987684e-13
 1.6209599038464334e-13
 2.4818992347408475e-13
 2.327972341807649e-13
 2.1819603957841383e-13
 2.0950897809159097e-13
 2.2001682160183167e-13
 2.1391611084494583e-13
 2.4101470060163e-13
 2.1424447502541022e-13
 1.885115463251888e-13
 9.36824653763324e-05
 1.0195278188308496e-13
 2.4182698486925613e-13
 2.113863419158854e-13
 2.4443354241718285e-13
 0.00016753972158767283
 2.5769173578847615e-13
 2.330245371662265e-13
 1.5268702643379817e-13
 0.00013814849080517888
 1.1830856118996008e-13
 1.8126308559598264e-13
 1.915974432060985e-13
 1.5067898914266492e-13
 2.821249635819034e-13
 1.9892288228955113e-13
 2.7987085305519743e-13
 1.875669351824108e-13
 2.7935179126512e-13
 9.6188858202291e-14
 1.723065185541342e-13
 0.0001140582753578201
 2.380667819996962e-13
 6.168574223468226e-13
 1.8014155976370932e-13
 1.7578557424784147e-13
 9.910836524795741e-05
 1.8699928758247886e-13
 2.1275335822506375e-13
 2.1806386178106069e-13
 2.44707005310138e-13
 4.790695834824832e-13
 2.5774605431731767e-13
 1.9350540863671134e-13
 1.3827709864720067e-13
 2.0736953549715248e-13
 2.389507862410323e-13
 2.5008204600045214e-13
 2.626143931223207e-13
 2.5396411319419943e-13
 2.404400734502127e-13
 9.485786722507328e-05
 3.029316164235296e-13
 0.00011045635619666427
 2.693041915770994e-13
 1.8593522446534727e-13
 1.9778921339294597e-13
 2.164238975749591e-13
 2.768345448711518e-13
 3.216969063097458e-13
 1.94035691919274e-13
 1.5704512614390237e-13
 9.488093928666785e-05
 0.0001000824267975986
 0.0001225717569468543
 2.477436658598897e-13
 9.278621165668965e-14
 4.0082313959880975e-14
 6.121587069717049e-14
 5.4660547903040424e-05
 8.519271068507805e-05
 1.2219245797487344e-13
 1.7203252711261996e-13
 2.469030839155617e-13
 3.3582037432984546e-13
 3.075022062069138e-13
 2.4790675697168585e-13
 2.9755901518810357e-13
 3.489701474838902e-13
 2.1202790499892654e-13
 3.300964915905341e-13
 6.155981100164354e-05
 1.9507311076801676e-13
 1.8352333541749033e-13
 2.3419452683560993e-13
 2.407523236758885e-13
 0.00013359416334424168
 2.313119585196227e-13
 1.3091259846997882e-12
 2.477436658598897e-13
 2.404898925400384e-13
 4.7283607273129746e-05
 2.3419452683560993e-13
 4.171239091979584e-13
 1.5459301319544622e-13
 0.00017773828585632145
 2.4725485331042463e-13
 1.3428613689775437e-13
 2.3967028990774797e-13
 1.3712410384687096e-13
 1.1221839429920166e-13
 1.8227999947113827e-13
 4.3102720286188057e-13
 2.0433652057720575e-13
 1.3641065815979403e-13
 1.41267789024839e-13
 3.2526981325400883e-13
 1.9429783845205384e-13
 1.765055929105891e-13
 1.9736377246046266e-13
 0.0001828475942602381
 0.00020809638954233378
 1.70260276688948e-13
 1.961399657057425e-13
 2.416447304840613e-13
 0.00010823181219166145
 2.1803141703104906e-13
 1.727322440896878e-13
 0.0001651509664952755
 0.0002685958461370319
 0.0001729494979372248
 7.147280949590731e-14
 2.383175308571378e-13
 7.818861660555121e-13
 2.7192332587022694e-13
 2.88528451347983e-13
 1.6133853964189065e-13
 3.154432281788494e-13
 7.59528006352532e-14
 3.0875145105510593e-13
 3.127839784053399e-13
 3.644587344593664e-13
 3.1012483705204763e-13
 2.9303079060460924e-13
 4.1441774057543457e-13
 1.456665192113571e-13
 2.170311998693497e-13
 1.2350596890683962e-13
 2.0662135468297455e-13
 2.270696380490128e-13
 1.8126308559598264e-13
 1.424622139006848e-13
 3.310339469989737e-13
 1.6133853964189065e-13
 2.5437283030817215e-13
 4.1084445416041115e-13
 4.722731537440406e-13
 1.722771231227327e-13
 5.611248228218346e-13
 4.1734150727279484e-05
 2.6691843180159935e-13
 1.6751275930607101e-13
 4.25757112941863e-14
 1.6566113173084596e-13
 4.546993295662105e-05
 0.00023890475858934224
 2.1767582582352812e-13
 0.00010037497122539207
 2.88749276225464e-13
 1.6611632046043684e-13
 2.1177206039127427e-13
 1.183277786734674e-13
 0.00011729835387086496
 3.080030262954392e-13
 2.7235662726846077e-13
 3.3229403386889067e-13
 2.6543318324551146e-13
 2.5302603436951066e-13
 2.5863992479842335e-13
 1.0707180855915738e-13
 1.1034250770036724e-13
 0.0001462509681005031
 1.9580347000898446e-13
 0.0001573985646246001
 2.84868537179378e-13
 3.6670302506536245e-05
 2.3843928676110793e-13
 9.152146949369458e-14
 1.8719398318760294e-13
 2.9027740497747367e-13
 1.585513404595007e-13
 1.5934784958551718e-13
 4.7735852949518445e-14
 1.5459301319544622e-13
 2.0551414031937804e-13
 8.05235462726997e-14
 7.147280949590731e-14
 1.365975204042219e-13
 0.00015066162450239062
 2.26697038419911e-13
 2.783537831653471e-13
 9.377400792725046e-14
 6.822164632259292e-14
 2.567311292755222e-14
 7.365505774736825e-14
 3.845692549673575e-14
 0.00011958299728576094
 5.942508719261261e-14
 1.7243129667166013e-13
 2.6136636800157265e-13
 3.464116471972589e-13
 0.00010561463568592444
 1.1454274757415756e-13
 1.665207414233011e-13
 4.189502477575102e-13
 0.00015352842456195503
 3.6939971323590726e-05
 3.55286384080139e-13
 0.00015962214092724025
 2.8188226492559254e-13
 9.152146949369458e-14
 1.3557980692996408e-12
 0.0001681761787040159
 0.00012407910253386945
 1.2219390809527914e-13
 3.874476965388257e-13
 0.00015765098214615136
 0.00019309413619339466
 2.534937320816666e-13
 6.642064827831751e-13
 5.605118691236199e-13
 0.0004121025849599391
 5.495788286263847e-13
 0.0002408918080618605
 6.064378057883679e-13
 1.830189239092686e-13
 0.0005062886048108339
 6.220858246933081e-13
 4.692987535040438e-13
 2.8082283677274833e-13
 0.00038868721458129585
 4.791700890238726e-13
 6.626117298076661e-13
 1.1712092613021946e-13
 4.696895541771162e-13
 2.7499191617395835e-13
 0.00021393275528680533
 3.629523168558607e-13
 2.596179835782225e-13
 7.568532600998878e-05
 2.8062567460768184e-13
 2.1914277846795532e-13
 2.834853933628839e-13
 1.9127589594679362e-13
 2.3912352675216353e-13
 1.6133853964189065e-13
 0.0001768157526385039
 2.9443662135156257e-13
 5.61672968335189e-14
 2.5780611911767337e-13
 2.60235003034584e-13
 2.461104779173662e-13
 3.1662915562016836e-13
 2.476212052245075e-13
 4.485132968148897e-13
 0.00011218752479180694
 9.08055098128302e-13
 6.301567340855074e-14
 0.00025893887504935265
 0.00024824857246130705
 9.767654410097748e-05
 4.996943614096749e-13
 0.00011598699347814545
 0.00017494223720859736
 0.00010958625352941453
 0.0002949764020740986
 0.0002568162453826517
 8.013201295398176e-05
 0.00013128708815202117
 7.136380787524377e-13
 4.6476663555949926e-05
 4.570293822325766e-05
 0.00016008614329621196
 5.554465849939849e-13
 1.9441116468413289e-13
 7.262514157765909e-13
 6.694037685273102e-13
 1.1825906736078612e-13
 0.00023762727505527437
 3.93448572140187e-05
 1.9487104258811977e-13
 2.708377413399715e-13
 1.2789469732831654e-13
 9.177171013136781e-14
 2.7375583158573136e-05
 0.0004050078277941793
 8.610206460573505e-14
 1.1725515035917317e-13
 4.055590761709027e-05
 8.343827473562826e-14
 2.739972148908115e-13
 1.3331002968186567e-13
 0.00010707763431128114
 0.00013827923976350576
 4.888556126201281e-14
 0.0003112038248218596
 0.0001963663671631366
 2.050828718002176e-14
 0.00016887600941117853
 2.4319959159588636e-14
 0.0003845056053251028
 0.00018460839055478573
 0.0001199393009301275
 2.8404878885742064e-14
 1.0953765021762263e-13
 0.000353420851752162
 1.063475479554099e-13
 3.360843436775278e-14
 0.00012440864520613104
 1.128187441471612e-13
 5.643695688735406e-13
 0.00012324198905844241
 0.00012294159387238324
 0.00017499009845778346
 2.1590146120561982e-13
 2.8878207672931346e-15
 3.821367457494326e-14
 1.1414291583580153e-14
 5.144719726461484e-15
 8.077939765661554e-15
 2.46910578463079e-14
 1.4633286986656668e-14
 7.476999705144372e-14
 6.052896763452872e-14
 0.00022042181808501482
 0.00019594070909079164
 2.5672691105144488e-14
 1.042336552627924e-14
 4.036070319645736e-14
 2.893505544215337e-14
 1.0353866472957024e-14
 6.29329661023803e-05
 1.620355054559458e-13
 0.0002725462836679071
 3.1954063825284304e-14
 1.3747595455689682e-14
 0.00017624403699301183
 0.00018460839055478573
 2.3762082084703273e-15
 0.00043033951078541577
 4.570293822325766e-05
 9.201910982053595e-15
 4.899858188460449e-13
 2.004978756804665e-13
 0.0001560425153002143
 1.5738629746252925e-13
 0.00024824857246130705
 1.5167665842925893e-13
 0.00038187758764252067
 1.3757946875931487e-13
 0.00025551568251103163
 4.6476663555949926e-05
 1.5653158023237745e-13
 2.7375583158573136e-05
 0.00035746695357374847
 0.00035705044865608215
 0.00022042181808501482
 3.53318864654284e-05
 3.53318864654284e-05
 3.0002955099917017e-05
 1.6224346898515568e-13
 1.7691651908648826e-13
 4.05559070213498e-14
 0.00024090758233796805
 0.00011339476623106748
 3.31935948996373e-13
 1.4691359565520423e-13
 0.00019594070909079164
 0.0003613329026848078
 6.335529178613797e-05
 1.6968733005089803e-13
 0.00011529624316608533
 3.0173899403379556e-13
 0.0001885509554995224
 1.777288033541144e-13
 1.749289054537792e-13
 0.00014462215767707676
 3.315460427900929e-13
 3.506360241219142e-13
 0.0001908946578623727
 3.6016518543610654e-13
 1.4444008326636865e-13
 0.00023820111528038979
 1.353094069081462e-13
 0.0001493069576099515
 2.1136013132836556e-13
 1.2786825634783505e-13
 7.365821511484683e-05
 4.953467106980081e-13
 0.0001752069656504318
 0.00015999970491975546
 4.189502477575102e-13
 9.375017543788999e-05
 0.00017176948313135654
 0.00035851713619194925
 3.041334816367841e-13
 1.1908823536674329e-12
 0.0002316506433999166
 5.039206356881321e-13
 1.1712092613021946e-13
 0.0002517653920222074
 0.00025040595210157335
 6.068880975362845e-05
 3.963812988234082e-14
 4.689930084914029e-13
 3.000651485098038e-13
 4.032469345417733e-13
 0.00015556806465610862
 2.06865666090017e-13
 3.3273015419277296e-13
 0.00013594501069746912
 5.312856274711231e-13
 3.250664711365592e-13
 4.0538682436960793e-13
 1.848288910160159e-13
 0.00022793842072132975
 6.271085538876731e-13
 1.0887613103834418e-13
 0.0003601452335715294
 2.1242537351535973e-13
 3.365054003674761e-13
 2.2171747402453812e-13
 3.073275683419807e-13
 0.0001971589808817953
 0.0001349623635178432
 1.350739588538638e-13
 2.6719194890466313e-13
 0.0001840113109210506
 2.0110982649167164e-13
 2.0327817662653402e-13
 1.9016155295391302e-13
 0.00013216455408837646
 2.7642040674631663e-13
 1.2962042192626172e-13
 1.9077011563332913e-13
 0.00022869963140692562
 3.647149043276704e-13
 2.2920039347354426e-13
 1.8413296874655177e-13
 1.8886675806194936e-13
 1.9955593438553826e-13
 1.6889915572908254e-13
 2.6545462334347236e-13
 2.0459137585037562e-13
 1.1402228987378304e-13
 1.0197697992032212e-13
 2.235787509990983e-13
 3.469850817262865e-13
 1.620230777885437e-13
 1.6335297372584157e-13
 2.663658681643921e-13
 2.69742073729512e-13
 0.00013480261259246618
 6.129838932451837e-13
 3.997093996933876e-13
 4.76220191752974e-13
 3.098756060776475e-13
 2.883877490110487e-13
 2.508722396488139e-13
 3.100405403331369e-13
 0.00011964093573624268
 0.00012110685202060267
 5.603253863499524e-13
 0.00016641386901028454
 0.00012077308201696724
 0.00011656266724457964
 2.600203852145405e-13
 2.3570712439149877e-13
 0.00014296495646703988
 0.00015518713917117566
 3.117960659437813e-05
 0.00015474464453291148
 0.00013115679030306637
 3.8747702420759145e-13
 0.00011065675789723173
 2.688399633118954e-13
 0.00010974569886457175
 5.119666626404729e-13
 1.3056169914735932e-13
 2.9008021570735287e-13
 0.00013404764467850327
 5.315391139390502e-13
 3.399240524476488e-13
 2.0294791509226778e-13
 5.427503607137452e-13
 1.8733361487489192e-13
 2.0225347004826366e-12
 2.6404239580370137e-13
 2.9753445800889677e-13
 2.3967028990774797e-13
 8.870094464702785e-14
 2.1497145968711606e-13
 5.653355930092252e-13
 7.845240907045081e-05
 2.359363518358165e-13
 2.3206745769846493e-13
 2.6882421527534006e-13
 2.4828392380243924e-13
 2.1108883683975538e-13
 2.16842006590251e-13
 0.00015820880071260035
 0.00016695370140951127
 1.9671441667430678e-13
 2.2047942356377692e-13
 7.706184987910092e-05
 0.00012219185009598732
 3.3463032692027106e-13
 2.326410548578184e-13
 1.947222493924733e-13
 0.00012105226778658107
 0.0001282730809180066
 0.00013770328951068223
 2.2445376991492988e-13
 1.7831272753916078e-13
 0.00011825368710560724
 3.171772740284684e-13
 0.00015495206753257662
 1.8626964662545042e-13
 1.8682505629336044e-13
 5.098082871655973e-13
 2.9205381602698255e-13
 2.986754452701662e-13
 2.7219239774438353e-13
 3.7480261949607296e-13
 2.925847227257944e-13
 2.5550171177455942e-14
 0.00010266224126098678
 2.709985014170968e-13
 0.0001293501554755494
 2.502014166596428e-13
 0.00013079983182251453
 0.00012706260895356536
 2.868446582690587e-13
 3.957898462095266e-13
 2.671329412014256e-13
 6.739002259871507e-14
 2.8963908094842283e-13
 2.850541796963618e-13
 1.9849958265635848e-13
 2.68191691727912e-13
 1.1822613200929144e-12
 3.892008514517348e-13
 4.4648391429348566e-13
 3.023087151703824e-13
 1.5803817401873616e-13
 1.4585835523325125e-13
 3.49283698752173e-13
 1.653122761293216e-13
 6.179385887532252e-13
 3.377969833105038e-13
 1.7945756371814253e-13
 2.2245063863862713e-13
 2.1495462744838822e-13
 2.145215699956432e-13
 1.748761861231421e-13
 3.34155148213125e-13
 2.000848624153853e-13
 1.5078711120431604e-13
 2.464865605459471e-13
 2.665763660161802e-13
 1.5675683678623847e-13
 0.00022673714556731284
 5.476379374158569e-05
 1.2755977372470861e-13
 3.8679302816202465e-13
 1.5422361196275325e-13
 1.5399199927365603e-13
 1.5738929257103074e-13
 1.486537265895163e-13
 3.5073268074559127e-13
 3.7381688998590346e-13
 2.8374538504384594e-13
 3.1357883412304333e-13
 5.194701548257019e-13
 9.096114808926359e-05
 0.0001622966374270618
 0.0002747934777289629
 0.0001470973074901849
 1.1387192458498646e-13
 2.5769173578847615e-13
 0.00013334087270777673
 0.0001857132010627538
 1.0463599930086998e-13
 1.9375961338857772e-13
 3.144874768587491e-13
 0.0002099963603541255
 2.5058782631391663e-13
 3.218382591679836e-13
 2.7809151465982285e-13
 4.124428121081436e-13
 9.370000435271475e-13
 1.8213658662877275e-13
 7.674533751556023e-13
 1.4603315572851022e-13
 1.866938678304897e-13
 2.057548060966155e-13
 9.227248278604813e-14
 1.3499065146943545e-13
 3.030517866818225e-14
 2.1541683638704595e-13
 2.1214680470779852e-14
 6.772384844762336e-14
 3.9521581536930417e-13
 2.485794773146588e-13
 1.3005491594688529e-13
 0.00012298973160795867
 0.00013546503032557666
 8.601117458236288e-14
 1.3993328522830806e-13
 1.62731346410247e-13
 4.467961577428979e-14
 1.0540747013296561e-13
 0.00015046659973450005
 7.895482121966779e-05
 0.0001050859282258898
 1.5528458510369325e-13
 9.679350478108972e-05
 3.0100252260308047e-13
 0.00012047053314745426
 3.262543772468429e-13
 3.1785866798882123e-13
 0.00022359825379680842
 1.9572300865525888e-13
 2.0481061508217935e-13
 1.777359861935071e-13
 1.6680346069230384e-13
 0.00017932218906935304
 0.00012674316531047225
 0.00013387561193667352
 3.4010018109056905e-13
 1.5192720399879317e-13
 1.8349225947272146e-13
 1.7766777632433062e-13
 0.00018846058810595423
 3.913106004591743e-13
 3.753281051840224e-13
 0.0001328674261458218
 1.8141967149474386e-13
 0.00017083129205275327
 1.7956423565938795e-13
 3.3570870150607945e-13
 2.1319924992102557e-13
 0.00011240431194892153
 1.947760800303372e-13
 1.8183942036582162e-13
 1.6181748595158613e-13
 1.6200461924655712e-13
 3.1670792290799943e-13
 0.00011684724449878559
 0.00026793405413627625
 0.00011133407679153606
 8.774602611083537e-05
 1.358178299644061e-13
 1.808732878099198e-13
 9.814406075747684e-05
 0.00011496987281134352
 2.1978917980319118e-13
 3.1932236802673097e-13
 2.321373345284816e-13
 2.9937787275266525e-13
 0.00016706281166989356
 1.4185697159042193e-13
 1.2776064928221587e-13
 1.0573243262911383e-13
 1.720943672940331e-13
 1.7337340059691425e-13
 7.77617784075181e-14
 2.7882709162374564e-13
 3.187531889912304e-13
 0.00011637711577350274
 2.173583036647886e-13
 0.00017303091590292752
 3.0755630789532085e-13
 2.182669057429129e-13
 0.00017822485824581236
 1.0244057121674977e-13
 2.745997060380617e-13
 1.5029571012216414e-13
 3.2318123329398707e-13
 8.406137927668283e-14
 1.193776116370851e-13
 1.2708927063943137e-13
 1.6016364395767674e-13
 9.350199515470101e-14
 1.867502870010404e-13
 1.0278278607996766e-13
 0.00010676737292669713
 2.2515473372449607e-13
 1.9429893620675348e-13
 0.00016420225438196212
 2.291192409409337e-13
 1.1064073106043654e-13
 9.189001014091314e-14
 1.808622425002876e-13
 1.4326533665995345e-13
 1.5347188038646042e-13
 1.4243261518137595e-13
 2.1005265127098383e-13
 1.775056338894354e-13
 1.2497124103789947e-13
 0.00013653501810040325
 2.2188368221758015e-13
 3.454236950726358e-13
 2.286186919029515e-13
 1.4484186148643746e-13
 1.8032825937781133e-13
 8.358096238225698e-05
 1.4340944068120393e-13
 0.000125728955026716
 3.910825927423006e-13
 3.083997087652973e-13
 2.5926101001293167e-13
 0.00013035486335866153
 1.7503622791632811e-13
 1.792893497510814e-13
 8.232264372054487e-05
 0.00010886072413995862
 2.1388931749875828e-13
 1.9862524168814955e-13
 2.6199859339340326e-13
 1.287954795982718e-13
 2.055013467337427e-13
 8.616023842478171e-05
 2.179304371512092e-13
 9.430126374354586e-05
 1.918579363305653e-13
 1.4298927168178432e-13
 2.0435733725891747e-13
 0.00012957630679011345
 2.5578489521761727e-13
 2.866103892846389e-13
 4.308524294716759e-13
 1.6995464009652433e-13
 3.1928030098243854e-13
 0.00014097648090682924
 3.0148417941820715e-13
 4.5372489402770166e-13
 2.2017951969034028e-13
 9.649647836340591e-05
 3.960019161544648e-13
 2.0163109734367551e-13
 2.3429194240080775e-13
 0.0001349101949017495
 2.3941696607014673e-13
 3.1872985153946765e-13
 0.00012875557877123356
 2.0408670684413793e-13
 1.109219053413435e-13
 3.163366920841404e-13
 6.185949376433936e-14
 1.3009562773846212e-13
 1.0972354345635885e-13
 3.0070162939516143e-13
 9.812331882349395e-14
 9.537264641229504e-13
 0.00013564535765908659
 5.722715053571581e-13
 5.370753212823043e-13
 2.3604113997578724e-13
 4.167954772548582e-13
 1.1707194729707743e-13
 3.783034269958657e-13
 3.0497541883382773e-13
 1.7714147748475184e-13
 2.594021731357893e-13
 6.443206428466408e-13
 6.838103759447545e-13
 0.00013373362889979035
 2.1351960455794072e-13
 2.2420010726414974e-13
 1.9009110691775577e-13
 5.107511635848994e-13
 2.538169327492845e-13
 0.00014601573639083654
 4.756972810451843e-13
 2.1210716017773523e-13
 4.3363874283386394e-05
 0.00013980973744764924
 0.00011490175529615954
 0.00012097758008167148
 0.00014470652968157083
 0.0001375464053126052
 1.8280613568039117e-13
 1.8242236876891277e-13
 2.518624685979992e-13
 1.864790873801203e-13
 1.7841710910331682e-13
 2.3280222151075836e-13
 2.1538651708397083e-05
 1.1586818473002108e-13
 1.2445017347380294e-13
 1.0305475819493565e-13
 9.926669008564204e-05
 1.1775416796158678e-13
 2.2232548105034083e-14
 3.43115238912034e-13
 1.6065942250610005e-13
 1.7272029076073614e-13
 2.465616144413374e-13
 3.4632054710971583e-13
 3.474482799994266e-13
 7.538583304267377e-05
 3.14118062073529e-13
 3.1515751380134516e-13
 3.493508379717042e-13
 3.008478069530668e-13
 1.859631020137073e-13
 4.2147380962913317e-13
 1.969015770743321e-13
 4.652080044971474e-13
 1.770136771536701e-13
 1.1419451538888237e-13
 5.22967086302728e-13
 3.0910525332904226e-13
 2.4640364618480626e-13
 3.0345531317789443e-13
 2.602413998274017e-13
 3.389370151186087e-14
 2.533050266935455e-13
 2.3905608937703493e-13
 0.00027279500500299037
 3.0657421046242916e-13
 2.3690722777622297e-13
 3.9101160460505713e-13
 3.46293035479589e-13
 4.3013127239664717e-13
 1.9311922937539916e-13
 2.2017255369138206e-13
 3.112690769198345e-13
 1.2887233597977388e-13
 1.5138876209488256e-13
 3.501177754834661e-13
 7.58727716071439e-13
 4.828722057620416e-13
 4.1445861499733727e-13
 4.805548862486797e-13
 2.1949312484746686e-13
 4.1887123652419034e-13
 1.5420389303574117e-13
 4.647679268353355e-13
 1.17223179947612e-13
 1.159068365374702e-13
 8.525823005488958e-14
 9.549199403218953e-14
 4.2265670130436916e-13
 1.312611586264112e-13
 2.484118054486839e-13
 0.00013087253319099545
 3.1126265302196254e-13
 1.3612001066240498e-13
 1.3087808289381775e-13
 2.375867785928826e-13
 4.2926025147632663e-13
 2.2597169361399105e-13
 2.029214741117863e-13
 1.4861721608135786e-13
 2.3419119291392954e-13
 3.8369090890610913e-13
 2.781113013494707e-13
 3.0821669543858177e-13
 3.583035832008946e-13
 1.8469069589660547e-13
 1.475023987500268e-13
 2.0104297187521075e-13
 6.796519727222949e-13
 2.9892012259544187e-13
 2.4433170872813215e-13
 6.971596151934822e-14
 1.9586278942034657e-13
 1.872324994697805e-13
 9.126881650618757e-14
 1.5300376254596265e-13
 2.4273169737208666e-13
 1.0494129030385116e-13
 3.1022509864794823e-13
 1.4020069014162445e-13
 1.42006943855931e-13
 1.7875368611523779e-13
 6.47448267958664e-14
 2.391634796022196e-13
 1.7977931426535476e-13
 3.014436302569562e-13
 7.170108148706056e-13
 1.149184507319781e-13
 1.6253003717187076e-13
 1.191323922107232e-13
 1.6344397894569457e-13
 2.1452716718935866e-13
 1.4138913835299444e-13
 5.379191490568862e-14
 8.485134930834651e-14
 6.127606018077603e-13
 0.00015852406795602292
 2.032315694856443e-13
 1.5475453221409224e-13
 1.31687250080198e-13
 1.0960128610888395e-13
 9.313828923041001e-05
 1.2139542030029787e-13
 1.436755581044405e-13
 1.6367437190734774e-13
 3.1325997026411534e-13
 0.00010449364344822243
 1.3266174454535512e-13
 1.567073429570645e-13
 4.5307364088774393e-13
 1.4473802202336766e-13
 1.5853342401860038e-13
 1.3978660622689792e-13
 1.2499211192971982e-13
 2.747269913731115e-13
 2.0241286132014619e-13
 1.25691164832957e-13
 3.0139668430288757e-13
 2.608749262618393e-13
 2.0476509214346211e-13
 2.202858528184068e-13
 9.043211058462619e-14
 1.8309075230319577e-13
 2.8062816827267856e-13
 0.00018019448907580227
 2.4717738706520054e-13
 2.7412051578287744e-13
 1.88162826248936e-13
 4.008954084498695e-14
 1.3388362684121913e-13
 2.508905626655289e-13
 2.640859807310353e-13
 1.7788529438518552e-13
 2.50605661439654e-13
 1.279221954059162e-13
 1.7734065897636458e-13
 1.9877858853292046e-13
 6.921407078117753e-14
 1.5263882009470403e-13
 1.446599323618944e-13
 2.6492610188944e-13
 1.1836678284662255e-13
 4.09703992059569e-15
 1.1849948919253478e-13
 1.62763303269281e-13
 1.735406794396016e-13
 9.422590339274242e-14
 2.8126727834830445e-13
 3.501474013078293e-13
 3.131938339315937e-13
 3.380210675707658e-14
 6.245697047654181e-14
 0.00011807666305685416
 0.00017421174561604857
 2.6947514654277784e-14
 2.0781937097851672e-13
 1.8219146081122767e-13
 3.772419388588938e-13
 3.0710457506015476e-13
 1.111622526341928e-13
 1.3498321113202677e-13
 0.00011918668315047398
 0.00016138111823238432
 1.4782451521547224e-13
 0.00014285888755694032
 1.875300045459105e-13
 1.773995176018034e-13
 1.5412008420780804e-13
 1.04086193602939e-13
 1.4668972145911313e-13
 1.5732688318347704e-13
 2.1879718902547557e-13
 1.3428148838093984e-13
 1.9400208842819053e-14
 9.431248371247897e-14
 1.0821528270915995e-13
 3.1878709656714193e-15
 0.00020386342657729983
 5.523920080033329e-13
 0.00013206539733801037
 9.43175320288446e-14
 0.00014371327415574342
 9.322069212478606e-14
 8.794439514733104e-14
 1.0090954222392867e-13
 0.00015218612679746002
 1.2379989611580045e-13
 1.5502375316604755e-13
 2.676835803797767e-13
 1.76865697109653e-13
 4.0458010341437936e-14
 1.857701411320592e-13
 3.291821838984771e-13
 0.00011766632087528706
 9.354443489349024e-14
 3.432147009088324e-14
 1.1435747097540694e-13
 8.927161852627374e-13
 4.953848898610726e-15
 0.0001244405866600573
 5.4101217456708e-14
 6.533727552049395e-14
 1.4406642654014867e-13
 2.256199919817639e-13
 6.555309951545435e-14
 8.822454621243772e-14
 8.738773864692267e-14
 8.13740351143788e-14
 2.3363185301314426e-13
 1.2462357805876484e-13
 2.42343390364011e-13
 3.4923134080599993e-05
 0.00011212918616365641
 1.2987901769692667e-13
 3.236298761529616e-14
 0.00012139634054619819
 0.00012361355766188353
 0.00011021438695024699
 2.2712627321296508e-15
 0.00010414708958705887
 5.8052588428836316e-05
 5.520771810552105e-05
 5.914219309600954e-13
 6.547910743393004e-05
 3.0810613392204256e-13
 0.00010208507592324167
 1.0226733603837732e-13
 7.243100704715927e-15
 0.00011604260362219065
 4.268475831581582e-14
 6.066560421331621e-14
 1.599117702404812e-13
 2.643764927031528e-13
 3.091737016802654e-05
 4.659844558829729e-13
 5.161672379472293e-05
 3.986194133176468e-05
 4.035156879315417e-14
 4.624319454920797e-14
 3.214915705029853e-05
 1.5797981683680212e-13
 0.00019302463624626398
 2.0102948711069046e-13
 5.875265196664259e-05
 0.00015086682105902582
 6.050863884379462e-14
 1.7002192839385422e-13
 7.444053511627968e-14
 1.1745753024719474e-13
 1.83851550520156e-13
 7.431069280052036e-16
 6.284176738008407e-14
 1.474127487828894e-13
 1.1726791683975418e-13
 7.121456609094842e-14
 1.3710973816808553e-13
 1.244580203870263e-13
 1.175036359445797e-13
 4.6553459329655433e-14
 2.32669244114303e-13
 2.46151623389812e-13
 6.134584874995961e-15
 2.3824844007369617e-13
 2.2068206094981446e-13
 3.4366137865136925e-13
 3.0133968237366915e-13
 6.144161005981145e-15
 1.3232902449795947e-15
 5.153680064494013e-15
 4.769376625406163e-13
 1.180274258725687e-14
 4.642645859767591e-14
 1.242361790700086e-13
 1.4475325506389108e-13
 5.211953373225608e-13
 3.6682579174739105e-13
 5.046519842635822e-13
 7.938112244355172e-14
 8.402726078956743e-14
 1.886534819420943e-14
 0.00011116194218629971
 4.818173312583218e-13
 8.282053021906391e-14
 4.4743627748179693e-13
 4.97438082478624e-13
 1.456239710523506e-14
 2.440297347061724e-14
 1.163158653595675e-13
 9.213642624672502e-05
 0.00010983541142195463
 5.358654600780277e-13
 9.681268102728485e-15
 0.0001258836273336783
 7.813344564056024e-05
 7.06706611633412e-13
 3.2453298691648884e-15
 1.5303117930839938e-13
 6.065844763194486e-15
 1.0077964125113775e-13
 1.1618328098639968e-13
 1.5115233825864494e-13
 1.3665907598256477e-13
 1.0782052469815798e-13
 1.4505826824006557e-13
 2.0988786609329318e-13
 1.2972328560737628e-13
 1.1755321108891659e-13
 6.147556422253508e-14
 0.00011877882207045332
 1.0513841350540207e-14
 0.00011612196976784617
 1.2679104727936208e-13
 1.8081396839855768e-13
 3.175485522861725e-14
 1.4910529679435652e-13
 1.7540203772932472e-13
 7.716498948606883e-15
 1.1223178419603186e-13
 1.232850356091414e-13
 1.8797077338660734e-14
 6.244890164068626e-15
 5.200863187787867e-15
 1.7598781861059148e-13
 1.2380291832935625e-13
 3.733497614798881e-14
 1.6044246009885854e-13
 5.517680615115287e-15
 9.728888295023122e-14
 1.6066180436274773e-14
 8.519304239926889e-14
 5.4295665728211484e-14
 1.7346703500703553e-13
 9.173761536117493e-15
 7.708310681105775e-15
 2.794527880856188e-14
 9.59596781918183e-14
 1.1115584906511156e-13
 1.937827882100146e-13
 5.487044195742752e-13
 1.3730848597882928e-13
 2.1780679321079964e-15
 3.0863763693204926e-13
 0.00011149667261634022
 5.576816135624552e-13
 1.9462975339463312e-13
 4.347800873667762e-13
 3.8723115425992605e-13
 9.026383309009402e-16
 2.310721058940146e-13
 2.1726481917949897e-15
 5.7435601617090125e-15
 5.597698970609454e-15
 1.8999755805796216e-15
 4.5093437447615847e-13
 2.0065620985523086e-13
 2.7680836138868625e-13
 4.897464270063601e-13
 8.755068068092009e-15
 6.784387471031519e-15
 2.5827002296925855e-15
 1.3252012334707963e-12
 1.3921105072737042e-14
 6.244414165433587e-13
 2.3620464528669458e-15
 9.410087455346411e-14
 3.2075327094892303e-13
 9.844816612316135e-15
 5.7521007949161776e-15
 1.0391129993405582e-14
 3.567588390505916e-13
 4.1247303424370163e-13
 3.713755817897225e-15
 5.041290193456838e-13
 2.842365557330362e-13
 5.88642849741472e-13
 2.605783969676645e-13
 3.1094758387063826e-13
 7.532146780439076e-16
 6.994671362297103e-14
 7.031048920164151e-13
 3.49658656521e-14
 4.747588498547894e-13
 1.311315558092177e-13
 7.657393836580425e-15
 7.128930150195056e-13
 3.2955102947755666e-13
 3.066705689305088e-13
 3.218425688716192e-13
 4.95801208248714e-13
 4.011322780371956e-16
 1.3707090340151981e-14
 6.619284249609336e-05
 4.1848986841001856e-13
 1.480370832157834e-14
 3.8662066712165377e-13
 8.271738624898717e-05
 1.5250794333995787e-13
 4.474585036263329e-13
 6.584614038913916e-13
 2.5602848834072045e-13
 6.516066576285964e-14
 1.5612695598160586e-13
 0.0012010204372927547
 4.3242896785068707e-13
 1.4185798802995864e-13
 8.043944606543271e-14
 1.6643046803991451e-13
 6.852997309165706e-14
 2.0695051846254114e-13
 2.557047455720163e-13
 0.00010886262316489592
 2.2723572426931044e-13
 1.542253873438107e-13
 2.210196950588536e-13
 2.1047717063162052e-13
 0.0001630280603421852
 2.0886268517657236e-13
 1.6659553782067543e-13
 0.00037666622665710747
 4.649423749648884e-13
 0.00025252901832573116
 2.168887476727832e-05
 1.6974860102617062e-13
 1.9061743286238886e-13
 1.1430945166118756e-12
 2.0342865033554786e-13
 2.8311001546571513e-13
 1.5687925676403924e-13
 4.3977384168159797e-16
 1.6242386667413011e-13
 1.8266016141039315e-13
 2.4804884166639007e-13
 1.7781605960614285e-15
 1.0094667072732544e-12
 2.4112715608383926e-14
 2.1433178040534961e-13
 1.8076690047174465e-13
 7.267251985734399e-14
 4.603437297562253e-15
 1.891186317791449e-13
 1.9797275526822061e-13
 2.7145625072728724e-15
 9.228777173074607e-15
 1.4311327857581178e-15
 9.646343240247296e-15
 3.8702649754734225e-14
 4.2903511689521e-13
 1.380190043200405e-13
 2.826994552080492e-13
 3.469993389848547e-13
 2.969398002223428e-13
 7.782077255822847e-14
 3.555196772826036e-13
 0.00015492785314563662
 1.6768844071559513e-13
 3.73841772425762e-13
 4.2489566010571467e-13
 8.332532797430958e-14
 3.1237298446680495e-13
 1.5350730669244639e-12
 0.00022198491205926985
 4.707726721474292e-13
 6.0350284340239535e-15
 1.6884281787369476e-13
 6.807744472314692e-13
 0.00019659163081087172
 2.4655773841857076e-13
 6.373363886343422e-14
 2.5251979327012286e-13
 3.3424570619958183e-13
 1.3652102655282126e-14
 1.9560767664916073e-13
 8.816015476778745e-15
 2.8269647365207484e-13
 1.6386440205499835e-14
 1.2339541035491573e-15
 1.0193957875701963e-15
 8.020567852451768e-14
 2.665033449998633e-13
 1.621714915134298e-13
 4.744181393220859e-13
 2.143155580303438e-13
 1.843139220891396e-13
 3.806115850008701e-13
 2.95055023165694e-13
 1.0364043065598516e-13
 1.1636179487409942e-13
 1.9627562650257474e-13
 1.213177372146393e-13
 6.713057979510287e-14
 1.3786893718684134e-13
 1.5627408221641215e-13
 6.008207305155736e-14
 4.602024056971077e-13
 1.1991419684477533e-13
 4.916617311304279e-14
 0.00018468743655830622
 6.305691931629553e-05
 5.3114437625683894e-14
 3.060128647876248e-13
 2.7020259537853877e-14
 2.3541184192982234e-13
 2.6641099807982183e-13
 2.2214233219835372e-13
 2.0015898880969838e-15
 4.630684653409529e-15
 1.8850769740747647e-13
 1.0393162025446046e-14
 0.0001320628944085911
 0.0001443454239051789
 1.0920443423243636e-13
 1.4628473129010833e-13
 1.3280848961533514e-14
 3.054670503089413e-13
 7.142431177747932e-13
 2.2788883410548855e-13
 6.284212516680099e-13
 7.433616439414537e-13
 2.4019757130554556e-14
 1.5186189437042807e-13
 7.632842925417438e-13
 1.3041251292842532e-13
 5.540752860862252e-13
 4.895132151190584e-13
 5.1555260711586e-13
 9.734323807089607e-13
 1.0735088897461872e-14
 1.066054362841573e-12
 1.689219375272319e-13
 2.6288422393799804e-13
 1.4298639854602724e-13
 3.2870155707541426e-13
 1.7533282497313868e-13
 1.411479033696164e-13
 2.2871797771689684e-13
 4.5751092123775747e-14
 1.2897739517028772e-13
 1.2257774276939332e-13
 1.2508430977196255e-13
 1.1826421732110542e-13
 2.0091386033712667e-14
 1.2834367900046995e-13
 1.3061077284819145e-13
 3.2093993668170714e-15
 0.00010503992234589532
 0.00011902757978532463
 1.1555438951624947e-13
 2.9985175973456677e-15
 0.000152922046254389
 2.746872282584356e-13
 8.34027535619522e-14
 1.047585886852602e-13
 1.5794075845353833e-13
 0.00015407949103973806
 6.90629465508602e-14
 1.2767183957176215e-13
 2.1549710800539135e-13
 0.00010603530245134607
 1.1605599565134989e-13
 1.7557701440743673e-13
 8.296119189841675e-14
 7.317032450857713e-14
 2.9787627984882714e-14
 4.36166029780128e-14
 0.00017907140136230737
 4.967753639006922e-13
 2.042011985935524e-13
 4.224925124378734e-14
 2.740632970132245e-13
 1.972182454238608e-13
 9.538928451107136e-15
 1.219162710239599e-13
 3.615796084852768e-13
 3.158855826652235e-13
 4.643516474112097e-13
 1.8881501451326749e-13
 3.3366866669833073e-13
 1.4284481529482779e-13
 1.7216247467222298e-15
 2.178255134859669e-13
 2.6025855732678127e-13
 1.916024440886191e-13
 1.3577703685766634e-13
 4.3041592967703324e-14
 1.2391408970961748e-13
 9.460283983053416e-14
 4.7139403688281015e-15
 3.780272468212158e-14
 1.4902348018791534e-13
 8.370013666533782e-14
 1.5973428634484532e-13
 2.338867489438956e-13
 5.197311832749914e-14
 0.0001404860377078876
 2.2955720440850924e-13
 2.9158823250906296e-13
 1.7739946339169477e-13
 3.859837661079543e-15
 8.024068470216181e-14
 3.1827116879896934e-15
 4.3124060095448e-14
 0.00016867811791598797
 3.800380691566796e-13
 1.1211258971969423e-13
 2.523684386468439e-13
 1.6210725253471003e-13
 5.187135985497415e-13
 3.194354774183755e-13
 1.4516915501725652e-13
 5.6195787633732744e-14
 3.0859386226933516e-13
 2.429162014767894e-13
 5.2396268882893074e-14
 3.675272976580435e-13
 0.00016887567471712828
 0.0001442605280317366
 3.1551589682946024e-13
 4.656891192111878e-13
 1.9995345711208007e-13
 0.00015538977459073067
 1.3615665838990088e-14
 1.2250206545775383e-13
 1.3589345306593698e-13
 1.985991564615059e-14
 1.422104214986522e-13
 1.7619849264523257e-13
 9.672630060732386e-15
 0.0002949017798528075
 1.5165894527626594e-13
 4.852310667047277e-05
 2.4599224567045663e-13
 7.026710891746765e-14
 9.810986375669017e-05
 5.697055935322383e-15
 1.1250575361468947e-14
 8.202967001125216e-05
 8.752822031965479e-05
 0.00011541217827470973
 4.462653730168305e-14
 1.1191248665623488e-13
 3.1244123160543112e-15
 4.47303149313477e-15
 2.1213365536832535e-13
 1.6336964333424353e-13
 1.6419995246298724e-13
 2.772236379258025e-13
 1.491665406645748e-13
 8.066567162498539e-14
 2.558798171178184e-13
 2.0457999172756453e-13
 1.900364360232082e-13
 1.0506033400832417e-14
 2.5212446605298033e-13
 2.1281853232815728e-13
 8.470984334890349e-16
 1.6634672697461717e-13
 3.1242171935445817e-13
 2.0790030667069276e-13
 2.2615942322015692e-13
 0.00012878772395197302
 7.440188872984144e-13
 2.337985219921096e-13
 1.6395672525811728e-13
 4.3816475226776674e-05
 2.0717101807937038e-13
 0.0001739305880619213
 1.7324573579110408e-13
 0.0001544629776617512
 9.111087535471074e-13
 6.599938152419826e-13
 1.9530442530151654e-13
 6.384560306653408e-14
 5.000655515759525e-14
 8.114347952239975e-14
 3.819169576402791e-14
 1.115500310937094e-13
 1.2975768192129838e-13
 4.211491435945165e-15
 7.367392964143307e-14
 8.289152174256742e-05
 6.7367723609345655e-15
 2.0801967055361983e-14
 0.00015480937145184726
 2.8169759819056395e-13
 9.594318476626937e-15
 7.744748852650529e-13
 4.597724483849496e-15
 2.6014102981128384e-13
 7.742417309759917e-15
 3.173502449325613e-14
 2.647449859165263e-13
 7.578053191537037e-05
 3.4079241707264674e-13
 0.00019768622587434947
 1.9299203890803945e-13
 4.681238578198299e-13
 3.1272738305193615e-13
 5.634379139467238e-13
 9.735192725202069e-05
 2.9807842934388706e-13
 1.3613551475347152e-13
 4.549752501831206e-13
 8.784290548646823e-05
 1.349342729564662e-13
 0.00023804954253137112
 1.4846566901219327e-12
 6.989259973728956e-13
 2.1527294920622997e-13
 2.3095888554105397e-15
 5.781913034290376e-13
 7.246387394843623e-05
 4.507097210097559e-14
 2.6473869754392587e-13
 5.371309340774892e-14
 1.8803460578951242e-14
 1.8036873738829472e-14
 3.362211225578504e-13
 2.342000528785578e-14
 4.689817327888091e-13
 2.3138690399479578e-14
 1.5582189198345454e-14
 1.9606757827007014e-14
 3.0535014620969303e-13
 8.347370104161422e-13
 4.5379300902918807e-13
 2.7359847243682567e-13
 3.6434248088142163e-13
 1.5508005036385386e-13
 3.667032209977257e-15
 7.130216013971624e-13
 1.3848866714863406e-13
 2.4695740244440323e-13
 2.9069387413697967e-13
 0.002445699879899621
 3.3964793325937104e-13
 1.704939997606333e-15
 1.9768389501035027e-15
 3.6351599356533593e-13
 0.0002847556315828115
 1.1684583693400558e-13
 9.610479187634191e-14
 9.286754308265865e-13
 1.5273737407218296e-13
 7.731524296651637e-14
 1.5860621464195562e-13
 1.5456008394258876e-14
 1.683955073975463e-15
 6.417808721525392e-14
 0.0001251446083188057
 1.6095652100641539e-13
 1.4819586801207568e-13
 1.3906410745168074e-13
 1.0205032619729076e-14
 1.0705275370597594e-13
 9.236369807007205e-14
 1.1017726851301687e-13
 1.2423343298919361e-14
 6.7182710437841634e-15
 1.0106934007162588e-13
 1.7947485674279368e-13
 4.2557580723356914e-13
 5.975830995406245e-15
 3.2117852214602616e-13
 4.163125939360239e-14
 4.941713813329252e-13
 2.0949262696757717e-14
 7.069330625037286e-16
 2.6287132193214546e-13
 3.387164409628801e-13
 6.365323849608084e-13
 0.00015482830349355936
 1.970004156548813e-13
 1.5876660202458412e-14
 0.00019567346316762269
 7.952641681185924e-06
 1.313117773153391e-13
 2.186020868445368e-13
 2.0013300099184367e-13
 2.9854718415316117e-13
 3.5631998111622376e-13
 1.3725129431423067e-13
 1.0872976374505863e-13
 1.1689390308914694e-15
 3.823757784471478e-14
 8.593189094324716e-13
 3.474491880187461e-14
 1.2617210336414442e-13
 7.364023975298898e-15
 1.5829361205057374e-13
 4.366959335919303e-14
 1.593066905605442e-13
 1.5670069290139562e-15
 2.3172251538915688e-14
 5.063460298293e-14
 3.4488425028171565e-13
 1.6228385551608077e-13
 1.147340279424383e-13
 3.3524086826865196e-14
 8.747596390464279e-15
 1.0749585019321183e-14
 2.4321693205438255e-13
 3.971545043789798e-14
 7.134041485811968e-14
 2.9523850066646463e-15
 5.2764690945499015e-14
 4.3459136164986437e-14
 4.992847354293498e-16
 6.71033595443099e-14
 2.8874607782905515e-14
 9.603953645808544e-14
 5.693806293420242e-14
 1.956780549226822e-13
 8.494588496152367e-14
 8.36058991677581e-14
 5.1087589426858024e-14
 8.493216591887176e-05
 1.3821913448855416e-13
 9.381464224134106e-06
 1.4244893581220365e-14
 1.0317575346331914e-14
 7.184046245259715e-14
 1.4579453638287332e-13
 1.0552265441651776e-12
 5.220249823774739e-14
 5.391689969925367e-14
 4.584030637716507e-13
 4.244410541347915e-13
 5.225731143383011e-14
 1.5624257936703786e-14
 5.5777712499758755e-14
 4.741344171660736e-14
 7.174925801059495e-13
 2.0148267684252583e-14
 9.076650902780682e-15
 5.840005670894322e-13
 2.9926777202204935e-13
 7.434331470747291e-13
 7.18272067257858e-13
 5.82264596780957e-13
 2.4558000828755512e-15
 5.1493247057825264e-14
 2.991728204756951e-15
 2.4673650472208878e-15
 1.5269986067701496e-13
 1.2794355418871417e-13
 7.144910612591135e-14
 1.1513122752591074e-15
 6.490549878156518e-14
 2.0069915442565665e-14
 8.038284393576539e-14
 1.4954800364643667e-13
 2.8260136201649355e-13
 3.4322707436612587e-13
 2.984582931275445e-14
 0.00016134296311065555
 5.84370740816173e-15
 1.0055915010463799e-14
 7.577044291203882e-15
 8.446232973380395e-16
 0.0002231034595752135
 1.85918094071022e-13
 4.066487543832181e-13
 7.9294625133044e-15
 6.843956757113072e-15
 1.1694848377468564e-15
 3.479275922273553e-14
 1.0532780160207866e-14
 7.972706425173753e-14
 4.372370097683069e-15
 2.441325306246512e-14
 3.9329460911965985e-13
 1.4142071404720218e-14
 9.907558714411513e-14
 1.2689178321371314e-13
 0.00012741460523102432
 1.087511530210427e-14
 8.169624305938254e-15
 0.000139488372951746
 1.1199056276518099e-13
 4.682142751988175e-15
 2.3655167468518467e-15
 0.00010861548071261495
 0.00014098110841587186
 1.295302569630924e-13
 0.00011513866775203496
 3.2117318245032667e-13
 1.8182410601013527e-13
 6.945246423128992e-05
 1.0716422324183461e-13
 2.567277716369193e-13
 5.520328651866641e-16
 3.908322250496853e-15
 2.426121403656476e-14
 4.018220624941657e-14
 6.918774753827571e-15
 5.503742535502287e-13
 1.2479992015398782e-14
 2.5694672626565274e-13
 3.4810950102310764e-14
 1.7564155154175393e-13
 2.9820969912192075e-13
 8.991235083940022e-14
 5.438351659736891e-14
 6.428213674249464e-14
 1.5455003813183432e-13
 1.2380383481900518e-14
 4.072131900342141e-14
 3.1994242324917543e-13
 1.413489551099767e-13
 1.3013586519158848e-13
 1.2732980089139728e-13
 8.456595341523043e-14
 3.673479977237687e-13
 3.5350984428162216e-14
 1.6596981764187974e-13
 2.602827350352277e-13
 5.189161275155618e-13
 2.2526531218169422e-14
 1.9538943098700414e-15
 1.8459796950580365e-13
 1.795855673371316e-13
 4.293728255431485e-14
 2.0927462779200823e-13
 1.5703685910233717e-13
 9.960498273614907e-14
 0.0001708684430923313
 1.0445403629500902e-13
 0.0001733604003675282
 1.534202452579958e-13
 6.759627427433855e-15
 1.187504142328294e-13
 0.0001585441641509533
 1.8804237138757285e-13
 2.1949528986368004e-15
 3.9262533111858455e-13
 1.8573146221955578e-13
 3.151645882205206e-13
 1.3965349330517102e-13
 1.2463384240401967e-14
 0.00012955060810782015
 0.0001633831561775878
 9.876091821585842e-16
 3.371159146108027e-13
 0.00016970049182418734
 1.2377899811892579e-13
 5.80769698825534e-14
 2.4150676575761254e-13
 3.600440597246492e-14
 8.917718451705026e-13
 4.4767717365199605e-14
 1.142237129533874e-12
 1.3283723621949906e-13
 8.29591386905526e-13
 1.3962390813838932e-13
 9.002387458536751e-14
 5.10945384851573e-14
 2.3014522145675675e-13
 9.937692758543032e-14
 2.5141810833760603e-13
 2.2004284245397132e-13
 1.150808100073078e-13
 5.445205918108709e-13
 1.0008627363304254e-13
 1.1377309684645898e-12
 0.0001478844933444634
 1.4049169000471956e-13
 5.5104504265808193e-14
 9.540685299083695e-13
 1.0806993863167469e-13
 2.013895235471186e-13
 1.4168667053417877e-13
 1.4452751061905245e-13
 7.091105724528826e-14
 3.513582382940611e-13
 0.00017696582654025406
 4.361172881162112e-13
 1.9412654806132829e-13
 3.3309122062126495e-13
 1.744514228170166e-13
 3.356447064728485e-13
 4.2140780204561953e-14
 5.299858384729024e-14
 5.594749381658548e-13
 1.0304552214767879e-13
 8.785498234941888e-14
 0.00013547760318033397
 1.3560715592976502e-13
 5.654962040085518e-14
 5.3567461339061595e-14
 1.03347472452716e-13
 1.7808183313400283e-13
 0.00012950021482538432
 2.1655934153135686e-13
 0.00015839461411815137
 8.283358807897878e-14
 8.919030607384276e-14
 4.99253755199304e-14
 5.334688040706942e-14
 0.0001320398587267846
 1.8955552459707509e-13
 1.1298691745664086e-13
 2.746834064457776e-13
 1.3489938875156648e-13
 6.967812963979206e-14
 9.943404438672587e-05
 1.0597975269718493e-13
 2.0601161293369585e-13
 4.534829068790665e-14
 1.3772584960512757e-13
 1.6570874175874523e-13
 1.2460749120903059e-13
 2.252238245079377e-13
 1.276970879298539e-13
 1.6794232020680977e-13
 1.7997722181941483e-13
 1.522355375441209e-13
 1.4159477084753347e-13
 1.704127019618723e-13
 1.49820612730181e-13
 1.2546899825528757e-13
 1.764579286725812e-13
 1.8234099939586773e-13
 1.5448560941773437e-13
 2.9098097087225383e-13
 2.3245560207621474e-13
 2.0933218537484005e-13
 3.0406319823095274e-13
 1.564800806291844e-13
 8.996476523817631e-14
 8.397511066507088e-14
 1.269442992564429e-13
 3.055579335560499e-13
 2.6663922263713e-13
 6.722724319504353e-14
 1.2618808179366142e-13
 1.6861410542540894e-13
 3.637036960664475e-13
 2.0661379237282146e-13
 5.887721272980137e-14
 4.633008386656368e-13
 3.780387461405077e-13
 8.002942113258943e-14
 1.5353714935724405e-13
 1.3658146065954196e-13
 1.1891278706068625e-13
 1.0541301311657245e-13
 2.0203283490616286e-13
 2.082735703736252e-13
 1.6135889553767907e-13
 3.99572058383188e-13
 1.2038694964956048e-13
 1.9013747011315668e-13
 6.329297166669107e-14
 9.96905804976668e-14
 2.33068257618832e-13
 2.42108931644211e-13
 2.9060225905340464e-13
 1.9254713654656003e-13
 8.226170531431057e-14
 1.8442676043024103e-13
 3.759393241587611e-13
 2.6105682828132803e-13
 1.838170593385438e-13
 2.0108007869456407e-13
 1.4986547159506758e-13
 2.621224363865554e-13
 0.00014670212112832814
 1.908573396981056e-13
 2.0211097877774475e-13
 2.772091096166912e-13
 8.348254406558356e-14
 2.290540261802587e-13
 2.214188847462356e-13
 2.2641243534963357e-13
 1.0890833861913057e-13
 2.7652646882384e-13
 1.4077790582572858e-13
 2.4914437375157805e-13
 2.3880092239574047e-13
 1.3543791197064003e-13
 2.6476192657547137e-13
 5.605411425822771e-13
 2.769844358214979e-13
 2.46067218250684e-13
 1.253890247925396e-13
 2.4971176385349403e-13
 2.8826770072550023e-13
 1.1622747577745562e-13
 2.4288668407264347e-13
 2.491753006185482e-13
 0.00012012785737169906
 1.5677609492732725e-13
 2.8504125058545493e-13
 2.2368429808058976e-13
 1.6471553125358557e-13
 0.00016458593017887324
 7.492223812732846e-05
 2.327467103595271e-13
 1.8860942267630992e-13
 2.5474083563056804e-13
 7.893624718712661e-14
 0.00010895324521698058
 0.00010262122668791562
 1.4191670841962045e-12
 2.5589342385508307e-13
 0.00012806087033823133
 1.3824187562912205e-13
 2.1445684312594582e-13
 0.0001163004053523764
 1.64299360249677e-13
 9.732786566019058e-05
 0.000128945306641981
 9.524136112304404e-05
 1.9054254159732442e-13
 1.7604175766867264e-13
 9.5560317276977e-05
 1.0247522502868783e-13
 0.0001441007188986987
 2.6930904338182127e-13
 1.5834877083609894e-13
 1.7376543454995785e-13
 2.0151466758287773e-13
 1.7063054528337895e-13
 3.8262305108137384e-13
 1.3464580741594928e-13
 3.275419757468867e-13
 1.368427127255295e-13
 9.154274696132961e-14
 2.0024674735226455e-13
 2.620361609986799e-13
 6.707332172312119e-13
 0.0002684930805116892
 1.1039411572377755e-13
 6.801911735677263e-14
 3.180752373727752e-13
 1.8008739031266652e-13
 1.5858556059056977e-13
 2.0316028319280338e-13
 3.0600223960633444e-13
 2.408170505455859e-13
 3.7397938285721466e-05
 1.3262370260162804e-13
 0.0001767817884683609
 2.2627110959645008e-13
 1.953823658851911e-13
 2.5769173578847615e-13
 0.00017136924725491554
 2.725005008967496e-13
 4.464060111786239e-05
 2.0923588111686903e-13
 5.800404373392659e-14
 2.0160243374874043e-13
 8.056169663664403e-14
 0.00015433075895998627
 1.3591107135123986e-13
 1.7940159178098797e-13
 1.8806888013069012e-13
 1.2874888600990925e-13
 2.0607858952290115e-13
 1.9932798087877318e-13
 1.6580434128530414e-13
 0.0001772549148881808
 1.829660148432513e-13
 1.7648110349401808e-13
 2.6960554557094174e-13
 2.1249928899846893e-13
 1.5707728629084372e-13
 1.6537815496382724e-13
 2.4187767132081983e-13
 1.448459814546929e-13
 4.246777896791537e-13
 2.652776544438684e-13
 4.307968099002274e-13
 8.916486120410724e-14
 2.0242145362236313e-13
 1.7583031113998365e-13
 2.0567513078946498e-13
 1.06956673064703e-13
 2.6780389971586827e-13
 4.624509325826254e-13
 2.0994264540805802e-13
 3.5667503022265845e-13
 2.333507464948731e-13
 1.458037656538666e-13
 2.3137814906225296e-13
 2.4079238494616184e-13
 1.3507817368980934e-13
 1.925961018271749e-13
 1.8593529222798305e-13
 2.331381344488487e-13
 3.3719397716722166e-13
 1.4106273928896768e-13
 0.0001597092777956277
 1.2727625485660365e-13
 2.950075080054848e-13
 2.5949519768218854e-13
 2.3567869118952534e-13
 2.1489098478086333e-13
 1.8869281137590121e-13
 3.2118521709444126e-13
 8.370868454221636e-05
 0.0001423197245458141
 3.9641013182493273e-14
 1.0467041594358281e-13
 7.467581376397261e-14
 8.815725113884426e-14
 2.0381560209090793e-13
 0.00012788275489583611
 5.3377065273177773e-14
 0.00012256094487383962
 0.00018136261496692896
 1.7227534774167524e-13
 2.7606229476874466e-13
 2.392373679802745e-13
 1.8023722705290401e-13
 1.1158713791306271e-13
 1.4984918145742598e-13
 2.7186106556047196e-13
 1.8159178858962594e-13
 8.29162891022861e-05
 1.9666031498589975e-13
 3.1679482171212414e-13
 1.182639462705623e-13
 7.745104606488376e-14
 9.54603819991462e-05
 3.941034578216519e-14
 2.501663427193629e-13
 5.360114953343979e-14
 1.008482983537104e-13
 2.711081142567351e-13
 1.0085095464903299e-13
 2.5373035920581155e-13
 6.776376741636156e-14
 8.864930274229965e-14
 5.8237757064733e-14
 1.6678192572665285e-13
 0.00015822173736523837
 2.204719967788954e-13
 0.00015123271441552788
 2.310008196011737e-13
 2.931753689643102e-13
 1.7250172915529022e-13
 0.00018818461103364825
 2.0726646852813058e-13
 1.6779560054781817e-13
 1.7434358535843575e-13
 1.2008491802936033e-13
 1.1411218378640925e-13
 9.872379450825974e-05
 1.457645581928041e-13
 2.5745573208058037e-13
 7.157820749960006e-14
 2.366566957592159e-13
 0.00012172465358162299
 0.00011895538045791909
 2.1999245415800506e-13
 1.1919271450909485e-13
 0.00017990802007261664
 2.3221908337228703e-13
 2.629643193734904e-13
 2.4221984552645626e-13
 1.5811412238091876e-13
 7.692563491583371e-14
 1.5477473903208194e-13
 2.1332592539235334e-13
 0.00013991670857649297
 2.2116312145374628e-13
 0.00017650444351602346
 2.6436575910164517e-13
 1.7249324527329052e-13
 0.00014224398182705045
 0.00012512960529420525
 4.445713545561669e-13
 1.6823048759172926e-13
 1.511874528565063e-13
 2.0932165506123979e-13
 1.6132284581544393e-13
 1.9664914770352315e-13
 0.00011528791219461709
 3.3174995411368313e-13
 0.00011891494796145707
 1.64292760168952e-13
 1.5972665627205646e-13
 2.053571613973293e-13
 1.8996809062876013e-13
 2.462416121701283e-13
 2.7862944156770153e-13
 2.2509946651875362e-13
 2.0135322987939464e-13
 1.0821720716801611e-13
 6.383167784488122e-14
 2.42687787184101e-13
 1.1144522940121152e-13
 1.3550084990675282e-13
 1.9425089249798522e-13
 1.694522072572674e-13
 2.0841518072987897e-13
 2.432826618110895e-13
 1.7819267925361232e-13
 1.80001291107644e-13
 4.904592357246607e-13
 2.506206234296343e-13
 1.7120030707754724e-13
 1.2164004612597035e-12
 6.878635031362657e-13
 1.7087373183066745e-13
 1.714388451080212e-13
 2.5694182025082224e-13
 7.17493676347658e-05
 2.0089813601749384e-13
 4.3468101839326534e-13
 2.4051886784309806e-13
 2.980905181981103e-13
 0.00013946587569080293
 0.00012110103853046894
 0.00012300275557208806
 1.6950805722167755e-13
 2.1682185398236992e-13
 2.1445590800157205e-13
 2.285651323156307e-13
 3.67718469606107e-13
 2.4343962718061107e-13
 2.737589072532992e-13
 2.1093058398015396e-13
 2.4196654879390933e-13
 2.98067831267651e-13
 3.0776867599585644e-13
 2.6850445694961977e-13
 1.901278071612944e-13
 3.2549231864485717e-13
 2.5878200949312757e-13
 2.2085024781182128e-13
 0.00011539187107700855
 0.00011827440903289244
 4.855129373027012e-05
 1.1174963271366398e-13
 1.8707511397191706e-13
 1.0711049424792438e-13
 2.492940478614897e-13
 0.00011035583156626672
 1.5428249769324637e-13
 2.023420900233372e-13
 3.086763700546613e-13
 2.1167291010260048e-13
 1.4229474532261727e-13
 1.9514943860095973e-13
 0.00013785154442302883
 1.925346817741036e-13
 2.0072905468869473e-13
 1.172891943073892e-13
 9.689604939808541e-14
 2.634772012111847e-13
 0.00013427421799860895
 1.725376162471995e-13
 2.244466954957544e-13
 9.554628923069686e-05
 6.009426354973424e-13
 6.374369348333131e-13
 1.5793470047389957e-13
 4.0050699302157655e-13
 8.430691718743291e-14
 9.688336285762489e-05
 0.00011836686462629586
 3.158377964544712e-13
 4.841449506923223e-13
 0.00012918765423819423
 1.300193405631006e-13
 1.3537852479664214e-13
 2.927969281960041e-13
 3.7461071571154303e-13
 1.698716986303292e-13
 1.5531187989338557e-13
 0.00012736686039716005
 1.370559481878031e-13
 1.4548023972559693e-13
 0.00016578799113631248
 1.37959739118787e-13
 9.903418417365334e-14
 2.1941457440007028e-13
 1.1342809287315236e-13
 1.2106883150089093e-13
 1.0247525891000572e-13
 1.3859281831982845e-13
 2.2964589214621856e-13
 2.491081342939627e-13
 1.2290529379822834e-13
 2.0348394464634462e-13
 2.9875144784245744e-13
 0.000129668100271374
 6.769628802839878e-13
 4.562325452324434e-13
 1.1004528451680207e-12
 2.439761175206112e-13
 1.30416741316898e-13
 9.567007509758696e-05
 5.58967043658154e-13
 1.1766758357609208e-12
 3.8944192380478693e-13
 4.792302080343369e-13
 2.8929812647023045e-13
 7.657335594594972e-13
 5.475164050437742e-13
 2.0778046167305164e-13
 7.086436472347746e-13
 0.0001228510373039171
 2.0593486497241104e-13
 3.3400008019740524e-13
 1.3524484266877468e-13
 1.2955069417404375e-13
 1.2048850415655177e-12
 6.991248400513295e-13
 1.871935359542068e-13
 1.9263486205484126e-13
 1.4451539465977492e-13
 5.136794310224568e-13
 2.1891945992547762e-13
 1.7875914778368168e-13
 0.000199992282432504
 9.502832836005837e-05
 4.5421704049884715e-13
 6.862080890492062e-14
 0.00017377553740516305
 2.2354352798101967e-13
 1.8195223160186874e-13
 1.3637993458073122e-13
 0.00012022814189549536
 7.56584049668163e-05
 2.6807248369904724e-13
 2.1237325049591749e-13
 3.082771126046435e-13
 1.5209540441332714e-13
 0.00012202170182717964
 0.00014139973791316152
 1.936885439361713e-13
 2.0919869298235277e-13
 1.3363512770328545e-13
 0.0002754321903921664
 2.8344172712038707e-13
 1.3704158250901766e-13
 0.00016273139044642448
 2.554716963150405e-13
 2.1725678168386248e-13
 1.9609086489985605e-13
 1.8710876489684558e-13
 1.5894062324953162e-13
 1.46668782804657e-13
 3.077109693352259e-13
 3.058777460918788e-13
 1.9345377350824672e-13
 3.1668542571292035e-13
 0.00022513513977173716
 0.0001616171794012189
 1.889697843733898e-13
 1.684395082180573e-13
 3.326674873072033e-13
 3.0322754940650953e-13
 6.127165831995574e-13
 2.2406455488753474e-13
 0.00018889334751293063
 0.00014715899305883795
 2.791622456203152e-13
 9.240689810563474e-13
 2.422860631741408e-13
 2.944161299305026e-13
 0.00017675467825029045
 2.401764225869185e-13
 0.00013736965775024146
 2.1426797510749884e-13
 0.00016365270130336285
 2.3232834384621925e-13
 1.9735322859433524e-13
 1.904353140024656e-13
 0.00012829656770918518
 0.0001455828023608774
 2.6816924874294157e-13
 9.999482117979339e-14
 7.782102327998086e-14
 7.519849407880072e-14
 5.5675052106551534e-14
 3.732908350918135e-13
 3.2637017003886437e-13
 7.193177938057474e-14
 1.374443365110417e-13
 1.1230332121062517e-13
 1.1357687251627169e-13
 2.4854831281118095e-05
 0.00011085239384556189
 0.00012373125355225056
 3.2385905797127634e-05
 0.000151243555592373
 0.00012070462253177539
 2.5772940716706216e-05
 0.00011682503100018948
 6.474459098189389e-13
 9.735342008454842e-14
 4.759070741655602e-13
 0.00012007059558527544
 2.4335785123175135e-13
 2.610870775219404e-13
 2.1781385831261268e-13
 0.00015805693692527711
 5.795407196274027e-05
 2.758451019685415e-13
 0.00020547556050587445
 2.081190444589917e-13
 0.0001935964828589931
 0.00019738879927899688
 3.666372218845415e-13
 0.00012391014024615288
 1.7366812740497728e-13
 1.9988065293619767e-13
 0.0001249953347723931
 4.135188014491725e-13
 1.0072999834416507e-13
 4.2596256925354903e-13
 3.3335722962428427e-13
 2.889340513807098e-13
 2.856535266573118e-13
 2.9894570976671253e-13
 4.107530288122163e-13
 1.7257094191147626e-13
 6.871274382813652e-13
 3.9520459387681894e-13
 2.490890794407813e-13
 3.9645850079435274e-13
 1.0940567570817683e-13
 3.166269872158234e-13
 1.7946950349456703e-13
 2.5554677731548514e-13
 0.00010435034346301109
 9.409553214725919e-13
 4.0478750451371226e-13
 2.0264485348000377e-13
 4.60048557408832e-13
 0.0001533418835606426
 0.0002457579830661416
 0.00016669975593686104
 0.0003630395221989602
 0.0001627909514354542
 9.912477253237739e-05
 1.7204839712191972e-13
 3.4843422635003063e-13
 3.0881734344213874e-13
 1.7688565998215389e-13
 0.0002515602682251483
 0.0001222881255671382
 1.9209188005433336e-13
 0.0001548419677419588
 2.998977409181085e-14
 0.00017673037655185908
 3.377326901216754e-13
 3.1986582436568933e-13
 2.881457008760413e-13
 4.734545655082911e-05
 1.3400329565600722e-13
 0.00012478626740630716
 1.5235145230888675e-13
 3.065882629016414e-05
 2.928011023743682e-13
 2.650618440014352e-13
 3.3102240024583673e-13
 0.00014855965855531394
 6.844957950056726e-14
 4.292314388035928e-14
 2.8145823345593346e-13
 1.4624687908176143e-13
 4.0140338427273325e-13
 1.8026584999025763e-13
 1.09232494739913e-13
 0.00015981544856913388
 1.7756885642861847e-13
 0.0005741292843595147
 3.781933262652498e-13
 9.589921683073044e-05
 0.00013249734183773398
 2.206485760433436e-14
 1.335276290578835e-13
 0.0004916801699437201
 7.189331518020481e-05
 0.00014963057765271515
 0.00010028672841144726
 1.2188492402864792e-13
 1.7815146601853071e-13
 1.7237582617801034e-13
 0.00023025734117254615
 0.00021323654800653458
 5.716269471656155e-13
 3.4621312806848437e-05
 0.0005243428749963641
 1.0740570217070144e-13
 3.9555183672761174e-13
 0.00015898351557552814
 5.110078484492353e-13
 0.00022128110867924988
 0.00041993611375801265
 0.0002961813588626683
 0.00020236600539647043
 0.0003519418532960117
 1.8334793861103649e-13
 1.8813939392948315e-13
 5.753445137847424e-13
 4.678825144162346e-13
 2.699223765507963e-13
 4.254560299985638e-13
 9.11639904191408e-13
 1.2989067287028089e-12
 1.0790356103204321e-13
 9.951641550287604e-05
 0.00018596180598251522
 0.00034819269785657525
 0.00021323136752471328
 1.3941906169042534e-13
 1.635491330038985e-13
 1.8233377589889355e-13
 4.0421004086965695e-05
 1.7574276181455545e-13
 2.5786146763857876e-13
 1.5426349705017356e-13
 2.656523547146794e-13
 1.6075080719671342e-13
 0.00010694185039028525
 0.0003299176169093698
 1.3704445564477474e-13
 0.00025022061890922487
 3.01990339202432e-13
 0.00023798842448741198
 0.0001713510137051344
 9.754871877713095e-14
 1.0367407988684779e-14
 2.294672562857744e-14
 0.0003552620473783463
 2.803789175231941e-05
 1.6690538586091284e-14
 4.3439229196660066e-15
 0.00035435421159490943
 0.00012722732208203524
 1.566512050014523e-14
 0.00035419061896391213
 5.129027170564177e-15
 1.4029448209987392e-14
 0.00032083899714052677
 2.0659836620878606e-15
 1.5500448147243162e-13
 3.8270081548219537e-13
 1.9330293388099967e-13
 4.0634574698106274e-13
 1.6355821319709307e-13
 3.468318297492057e-13
 2.058023754669333e-14
 3.273861623421734e-14
 5.171625931318924e-13
 2.171740028479932e-13
 1.1213133964101465e-13
 2.973428794850186e-13
 5.842867422528597e-13
 0.00012612900172825903
 1.2771213123499714e-13
 4.4362384317257753e-13
 3.6183675413553607e-13
 4.160565392642007e-13
 3.540208761993596e-13
 6.671609298791736e-05
 1.4438954589260367e-13
 0.00018002507567871362
 2.831841477892588e-13
 7.31913878462831e-13
 2.598327098184833e-13
 3.3247937823027707e-13
 2.377243909536253e-13
 2.1960187032536715e-13
 2.395874568617701e-13
 1.2229392574569092e-13
 6.818365363869816e-05
 2.8149122030703133e-13
 1.7595735252954464e-13
 2.3085485888370283e-13
 1.553982772540055e-13
 2.343226253222891e-13
 3.253454092504854e-13
 2.936674341202927e-13
 1.500383747365247e-13
 2.1122109595227145e-13
 1.9866798635879979e-13
 0.00010593762999633327
 2.5681280019229646e-13
 1.2262459385577185e-13
 2.601281820155399e-13
 1.3062893323458058e-13
 1.0152791693300578e-13
 1.5515431821266912e-13
 2.1822239924373238e-13
 0.00015713830362074077
 5.477347091512041e-13
 8.724871953386115e-13
 1.93607066142909e-13
 2.1852723623705383e-13
 4.0999186467702287e-14
 1.9531132353783898e-13
 4.762606867041164e-13
 1.3570352795037183e-13
 2.295182544454627e-13
 1.6774293542728969e-13
 9.384718479762966e-13
 3.380735090745962e-13
 3.2651488392383687e-13
 7.672373614252617e-14
 2.9169068961436284e-13
 1.9395987908236295e-13
 6.587965849930155e-13
 9.007420158013701e-05
 1.3864868183676576e-13
 7.863584525831697e-15
 4.4776411311370223e-14
 1.4702965610963702e-14
 6.011139394405951e-14
 1.7756069780727052e-13
 3.408767680016661e-13
 3.195638198505435e-13
 5.5691223659580513e-14
 9.309119772780983e-14
 2.3539762194070384e-14
 2.664962434756335e-13
 8.680069731781259e-05
 2.2456711986393145e-14
 6.351912946360797e-14
 4.452503632717403e-13
 0.00010852262494154274
 2.3115146949304055e-13
 1.538453473773002e-13
 1.5420267330829712e-13
 5.580276366858039e-13
 4.292512254932407e-13
 4.36678931946613e-13
 2.69897602531155e-13
 1.9329340984254074e-14
 1.6725392297804904e-14
 1.6352665613761017e-15
 2.0938993269305206e-15
 5.467942721867902e-13
 7.641657430212945e-05
 3.449229562992734e-13
 3.5328880256370668e-15
 5.3598432251745e-14
 1.793363397508633e-14
 1.0592340806553358e-13
 6.96753717005158e-14
 2.4754624280867547e-14
 5.251218839104344e-13
 5.379186768550426e-05
 3.2021642824321683e-13
 2.1190675895867844e-13
 8.054991271428183e-14
 2.4386295391885804e-13
 2.719745815279312e-13
 2.903830604791824e-13
 0.00025920712505467236
 2.290377360426171e-13
 2.064517854631978e-13
 1.3592371585907648e-13
 2.0812106378553796e-13
 3.667745089846325e-13
 2.497780357112872e-13
 0.00014767776883672923
 3.308478979061752e-13
 3.0842277516651695e-13
 2.650600550678506e-13
 2.920478529150339e-13
 2.592177774513038e-13
 0.00014977507817093283
 2.378938517531848e-13
 2.575628241501676e-13
 5.331734945039635e-13
 3.989707327532732e-13
 2.5056736199791096e-13
 2.1644537833050148e-13
 1.9479031018385107e-13
 1.249869348643462e-13
 1.353562037844161e-13
 1.720045953541513e-13
 0.00016875317669473588
 2.9885577519650486e-13
 1.1176146406987122e-13
 1.0011419183898404e-13
 0.00017005731933750212
 1.261767383284318e-13
 3.3656416412522483e-13
 1.7733863964981833e-13
 1.2342278349515567e-13
 2.0586384973011324e-13
 1.676386622833509e-13
 2.569931030135808e-13
 1.2422906399325168e-13
 1.792750653874589e-13
 2.585263546208555e-13
 2.2168242718931253e-13
 2.91592840368296e-13
 8.362618245882913e-05
 1.3047137155386412e-13
 2.1375276223513373e-13
 2.0493827988798952e-13
 1.20721317599555e-13
 1.4511845501316567e-13
 2.2050597296447566e-13
 1.691079866200304e-13
 3.9967852703652607e-13
 2.4188642625336265e-13
 8.420793630534856e-14
 3.322277349060432e-13
 1.2663184574285974e-13
 1.379056645354343e-13
 1.1017196269863527e-13
 8.298165214866426e-13
 2.913123030561654e-13
 5.391260016001341e-14
 3.5059661337294434e-13
 3.843753386325449e-13
 5.711024779172028e-14
 5.428342779618955e-13
 3.7912462882636055e-14
 2.3869548373446625e-13
 5.841872124934255e-13
 1.3524530345469798e-13
 2.391297609146553e-13
 3.3740702289411506e-13
 4.450278036707833e-13
 5.087517863586188e-13
 7.323081621353825e-14
 2.7093065407802173e-14
 1.3737768518248816e-13
 7.640388803131348e-15
 1.1893818449657673e-13
 2.615092116377976e-13
 1.3587097958778042e-14
 2.4480629112408336e-13
 6.387241674151237e-15
 6.671732393978558e-13
 6.754574791200188e-14
 8.426611052816599e-14
 0.000200288079213351
 1.8536238624751455e-13
 2.1216675063964047e-13
 9.823987733329972e-14
 1.6870473117450158e-13
 1.5113536033025017e-14
 4.176908520664782e-14
 4.6302990085678175e-05
 1.1886894463533637e-13
 4.360371113655559e-14
 1.1098151782610536e-14
 4.625916959059319e-14
 1.1479678969569806e-13
 6.239595022302161e-14
 1.804167438276133e-13
 1.7292382261356598e-13
 0.0001792881084838882
 2.0618809394232218e-13
 1.7422386233353904e-13
 3.41040184374114e-13
 0.0001267207262571901
 2.0812106378553796e-13
 8.713587848225429e-14
 3.643978022972727e-13
 2.0000675920138489e-13
 0.0001394177379552275
 7.711782601393935e-13
 2.266862777133491e-13
 2.344271966218253e-13
 2.4758255341705837e-13
 2.411386791200537e-13
 1.691394826931411e-13
 0.00019173311011400074
 3.4796400786782367e-13
 2.964375977760475e-13
 3.653830710215189e-13
 5.738061393222027e-13
 1.2316563784489643e-13
 2.1880267779897378e-13
 2.9427071131411797e-13
 0.00013480157940648496
 2.963992170191415e-13
 2.047276465109299e-13
 1.782877637841393e-13
 2.690161461649243e-13
 4.902428289710326e-13
 3.8508513868981686e-13
 1.7238216876071938e-13
 0.00010851284605450928
 2.201688674039956e-13
 1.9965019221190872e-13
 3.068386744773527e-13
 2.4130754360841833e-13
 3.115220212866754e-13
 1.2604854497406254e-13
 2.0956139926663064e-13
 5.891925944530307e-13
 1.8114668294023917e-13
 1.2687789187337817e-13
 7.970429578563198e-05
 2.0363725083353407e-13
 5.555585830784027e-13
 5.125095226682364e-13
 1.9301060587024327e-13
 1.0582078832990782e-13
 1.582488616059044e-13
 2.426572397878912e-13
 1.9002624452278682e-13
 2.5458546945925087e-13
 7.119103483804734e-13
 5.92248147225638e-14
 1.0249311165402841e-12
 2.359468685968896e-13
 2.5431742757715814e-13
 6.751934081283828e-13
 6.706384579613367e-13
 9.227021951401307e-14
 2.843133985620111e-13
 2.610608127243119e-13
 1.8826821070010158e-13
 3.451261628914515e-13
 1.8427377654006705e-05
 4.779981071329972e-14
 6.356777157634497e-05
 6.824552587544191e-14
 1.4655200067815316e-13
 2.3758759174451194e-13
 5.934296565431041e-13
 5.589517968473956e-05
 0.0001614211214473471
 0.00016777694690972567
 8.004361062852183e-14
 3.7343988578547593e-13
 1.5216192021660913e-13
 2.0492949785039238e-13
 1.280136343066382e-13
 5.357829319639108e-14
 0.00010854120046133175
 0.00016801613674033433
 4.2039901291049397e-13
 1.1840372703565e-13
 2.3810703300534974e-13
 1.3765227293519727e-13
 1.9100598381595335e-13
 1.561031306388655e-13
 1.5506034498936894e-13
 0.00010893830767599866
 2.1016315518928262e-14
 2.076518617428677e-13
 1.3722054091960811e-12
 1.4311583873289485e-13
 2.8628222839208184e-14
 2.0244420831545817e-13
 3.9502392610302195e-05
 4.395723693893794e-13
 4.580130220400991e-13
 6.932181066156284e-13
 4.213481505973421e-13
 9.877002594294026e-05
 2.4486340147351904e-14
 8.448883275944882e-14
 3.0409878716726457e-13
 1.5662688160333893e-13
 2.340334686028872e-13
 2.113863419158854e-13
 1.875669351824108e-13
 2.0450783807298561e-13
 4.622154980808701e-13
 1.9778921339294597e-13
 1.7682039101137026e-13
 2.26253735256636e-13
 5.904406737838874e-13
 7.153120869067553e-13
 1.6406223168202727e-13
 2.632318191544969e-13
 2.284628378406567e-13
 1.8432766435167586e-13
 2.960128073648677e-13
 2.7518243760071837e-13
 1.1910017785367322e-13
 2.8851701301506327e-13
 2.2518982121730313e-13
 2.9902341995742543e-13
 2.677785022799778e-13
 0.00013259668776299804
 1.9585182542587731e-13
 2.933668390679711e-13
 1.3715070745767832e-13
 2.962926128405319e-13
 4.526312406615907e-15
 1.3170302522180766e-13
 9.078829810334199e-14
 2.897933087074589e-13
 2.127370816399493e-13
 1.0338247185409655e-12
 5.19060380614611e-13
 0.00018262441153638065
 2.2138034135900375e-13
 1.3344224813680028e-13
 4.01719393630629e-15
 0.00011717415327439085
 1.1471987910408737e-13
 1.7636250532887532e-13
 3.431067821350886e-13
 1.0908996958807621e-13
 2.845713031537911e-13
 2.8889949243646185e-13
 8.872157836962297e-14
 1.426375022869214e-13
 4.541146376036559e-13
 3.520445111641901e-13
 2.260653686816938e-13
 9.152146949369458e-14
 1.2375858801302875e-13
 1.767741362361866e-13
 2.741232804984173e-13
 1.975303194666836e-13
 1.7165416765947683e-13
 1.257854091068003e-13
 3.221059622368974e-14
 2.3480891710170315e-13
 6.692605183152706e-14
 0.000232822829275392
 2.5304907366567597e-13
 1.2601914954266102e-13
 3.666264340729253e-13
 3.0248256698874043e-13
 1.46868072716487e-13
 2.5194432586202187e-13
 3.3895994420163333e-05
 4.32657212736786e-14
 2.0360309846510077e-13
 0.0015650676796212792
 0.00017240278248209506
 7.917325107152651e-13
 0.00010410301911178976
 1.7879576671205738e-13
 1.094096940324786e-13
 1.1926836471568003e-13
 2.846769044453912e-13
 2.8744061709821966e-13
 0.00015155304572544992
 2.860037578403425e-14
 1.2528060457529105e-13
 1.4084917856604234e-13
 1.4500983525067568e-05
 4.0046457361157806e-13
 6.763636010856736e-14
 1.2231785950864854e-13
 4.4389046203931887e-14
 1.0873538126756482e-13
 2.1979743329222923e-13
 2.0522865633483545e-13
 1.1266939529790132e-13
 2.175350353951673e-14
 9.082306711176089e-14
 6.529719256617716e-13
 3.864559226015446e-13
 3.2955547470646385e-13
 2.3312916267587136e-13
 7.392314028704244e-14
 1.73891622130308e-13
 9.37777619772727e-14
 1.4449188102515914e-13
 0.00015091280511114746
 2.429678637103083e-13
 1.9008716313235335e-13
 1.6998342566420382e-13
 1.1524583913048725e-13
 1.8400405710824325e-13
 1.9841657342752755e-13
 2.4206325962769504e-13
 3.9934283093887024e-13
 1.6713178421518676e-13
 2.314534469031321e-13
 2.9282780085286564e-13
 3.3468320888123404e-13
 1.9022646955899059e-13
 1.1452702664265652e-13
 1.357807502501071e-13
 5.641394469624306e-13
 0.00010036964522441849
 3.30703644807126e-13
 2.3827920431034044e-13
 1.8805708943206434e-13
 3.265192207325268e-13
 1.5081561216892525e-13
 1.3637431028196145e-13
 2.874920082811955e-13
 3.1085979059972124e-13
 0.0001768011279636994
 3.1848203002789177e-13
 0.00013559428043663502
 1.5383728362364235e-13
 4.436580361985923e-14
 2.342324197015383e-13
 2.523693873237448e-13
 0.00011781451757997274
 1.4224347611238586e-13
 2.8935922126265e-13
 2.7465378062141443e-13
 2.441806793655049e-13
 2.427226713890007e-13
 0.00017520073743071407
 0.0001314918918069452
 1.8438942321792606e-13
 2.981075943823269e-13
 3.5218190668449834e-13
 0.00013116543414071202
 0.00013134772598277777
 3.4566921265459516e-13
 1.461561279717926e-15
 0.0001450624840799719
 0.00016869298997335136
 2.2450602845964368e-13
 2.494848674438471e-13
 0.00012438390695024282
 4.490202155406353e-13
 2.1474925245186516e-13
 2.406833413126641e-13
 1.9146763710099768e-13
 0.00017029556329362094
 3.189305425621569e-05
 4.3724115175941894e-14
 2.0564007040171223e-13
 2.694567388227681e-13
 1.9357185667735755e-13
 1.0826281819815986e-13
 2.9460602794101343e-13
 0.0001392407139064744
 1.6302406744429093e-13
 4.415190814951314e-13
 6.915475136981541e-13
 2.6333419494463384e-13
 2.9525101981342505e-13
 2.1776864708202004e-13
 2.368038762041308e-13
 0.00011443161201896146
 1.7569047616478733e-13
 5.3876763890080975e-14
 1.3546134429009288e-13
 1.603417512695618e-13
 1.5122162216559855e-14
 8.676170676000239e-14
 1.3607296984064626e-13
 6.306593422777951e-05
 8.064075518632308e-05
 0.00015450040518771857
 9.9482406904286e-14
 2.3057312894918247e-13
 8.235861265974004e-14
 1.32812570620075e-13
 3.2045489173479144e-14
 1.2899391570089097e-13
 1.908895865199156e-05
 0.00012636082828976214
 1.7669568065648011e-13
 1.238051273912827e-13
 8.361592126159001e-14
 6.940924072475207e-13
 1.078862883361828e-13
 8.85022578226563e-14
 3.9524194464166107e-13
 0.00023216339468490332
 2.0429687604714246e-14
 2.4189041069634654e-13
 3.01204983806265e-14
 8.135348270694662e-14
 3.385992116029801e-13
 3.2474119507241994e-05
 2.4101470060163e-13
 1.0596625438013749e-13
 2.355377449071022e-13
 1.2290705562675863e-13
 1.2454857837348315e-13
 3.214675975502651e-13
 2.9043339456504003e-13
 3.6848077215358155e-13
 1.4072251664724172e-13
 0.0001436280581401661
 0.00011980569979641587
 2.8763601743475586e-13
 0.00015020728460513055
 1.6860970085408322e-13
 0.0001597613882040605
 9.129349928116426e-05
 7.304804005604792e-13
 0.0001223128056153655
 1.8247521007229428e-13
 8.397538849187758e-13
 2.928672116018355e-13
 0.000128266925457865
 3.830219832707399e-13
 0.00013266901078168303
 2.505861729056036e-13
 0.0001336218701908365
 1.762581779748279e-13
 2.1437257351208938e-13
 1.4871341191911164e-13
 0.00016574423352722079
 0.00010852180275833234
 2.79128445617588e-13
 0.00012369138130452484
 1.52990331991551e-13
 2.3445356983967103e-13
 2.855327465352969e-13
 2.5594923316191176e-13
 9.164603754704959e-13
 1.5601322317371213e-13
 3.6448321032341024e-13
 1.6137106570706522e-13
 3.5543028481348216e-13
 2.6269153410689305e-13
 2.2995028190614386e-13
 3.0708847465789335e-13
 1.0294094136137355e-12
 4.799247479460311e-13
 1.641030383412942e-13
 1.4499425965430746e-13
 1.0341340549733027e-13
 2.329379094126449e-13
 1.6885245372050273e-13
 1.8207555959898897e-13
 5.093891346057144e-13
 9.050371705592117e-15
 1.8461711922667517e-13
 2.070200022692703e-13
 2.7371995729025267e-13
 3.139615303848764e-13
 2.748627334851067e-13
 2.9425958468932284e-15
 1.3690906589848562e-13
 3.3166890068392742e-15
 1.6197190344600237e-13
 2.7808102500380405e-13
 0.00019702881400007755
 3.17178629281184e-13
 6.457764959713272e-14
 1.2810961330395748e-13
 8.507472883719641e-14
 1.8122047645060396e-13
 1.8681689767201248e-13
 2.3797153483884337e-13
 2.549763243424319e-13
 2.3177851781949754e-13
 3.638964130026068e-13
 8.518152026226744e-05
 1.0390604663571695e-13
 0.00016256327216979116
 1.0822661262186242e-13
 1.232324382512487e-13
 1.6934507453009867e-13
 0.0001161485561169684
 0.0001614060311112553
 1.7527765263508632e-13
 0.00013862304331269115
 1.1585671759798116e-14
 9.246424426904293e-14
 1.8181017401221883e-13
 4.302249726606533e-05
 1.2375105280792997e-13
 5.91699947502175e-14
 1.9697446256537743e-13
 5.1666997232229644e-14
 1.2843305791706422e-13
 0.00010810029925778508
 1.1596073493796988e-13
 3.8012124779209996e-14
 4.57968251266639e-14
 1.9008755615564088e-13
 1.4640342432294118e-13
 2.0575721844644929e-13
 2.0731422763382856e-13
 2.1764201226827373e-13
 2.069696275258312e-13
 0.00015380687545984983
 0.00011725397052941844
 1.143585280725251e-13
 2.0118562577605553e-13
 2.0938222130510026e-13
 2.4560957651367787e-13
 9.686262637842447e-05
 2.8387315826987336e-13
 2.9625011211537045e-13
 1.4751185841398173e-13
 9.542203182125175e-13
 3.612053418953348e-13
 2.1448477488441448e-13
 2.5861108502063523e-13
 3.270852877689792e-15
 1.1985517558901065e-13
 3.072604833325582e-13
 2.8199992796636153e-13
 5.040863017800878e-13
 3.736979801126361e-13
 2.8264576009545683e-13
 1.8921919153064293e-13
 1.231787295861292e-13
 1.0187183941464534e-13
 4.087359790905243e-13
 3.572772232143112e-13
 1.5423628357564417e-13
 2.9388636164397186e-13
 4.198977591410996e-13
 0.00021506163466256112
 1.338562100787824e-13
 1.806908707943991e-13
 3.1839423675697476e-13
 3.3338178680349106e-13
 1.3248820443512166e-13
 1.3633969712760485e-13
 2.954114817349529e-13
 1.3178882627123273e-13
 2.37455779865392e-13
 1.815192690168138e-13
 3.7748791722677644e-13
 1.8274570496180226e-13
 2.607932587331968e-13
 1.382289058606337e-13
 0.00015898438869044185
 0.00017339462647214532
 2.2218998288383446e-13
 0.00012076272832928225
 2.8158505800505995e-13
 1.4266186973074801e-13
 2.8079388857474297e-13
 1.8133162072581088e-13
 0.00021428780746646225
 3.0614389062016967e-13
 1.52912526933148e-13
 1.235516680284099e-13
 1.0636957081203852e-13
 4.8093656607097607e-14
 1.8036071768035011e-13
 1.7326347604915138e-13
 1.894344056618813e-13
 4.533276626804937e-14
 2.1839588514385722e-13
 1.5191045307522827e-13
 1.676294059073033e-13
 1.0386437261471204e-13
 1.6499697658503565e-13
 3.856583021683013e-14
 1.1381587133266896e-13
 1.4957468857240697e-13
 2.6593275650153847e-13
 2.260577792664864e-13
 1.3229898947197949e-12
 1.0478281382755167e-13
 1.5585140599946867e-13
 3.2448203195548087e-13
 3.086966175302325e-13
 9.470836658323489e-14
 2.606631002623899e-13
 1.2651683899741334e-13
 2.6243623160032703e-13
 1.0739333548967153e-13
 1.1312095872647795e-13
 5.495054823494161e-13
 1.219607910756676e-13
 9.37168636964969e-14
 0.0017724403878673911
 4.024823280646822e-13
 4.191771577196843e-14
 4.740005520790895e-14
 0.0006539023597724736
 1.4162543344022407e-14
 4.359640886551731e-15
 7.169892663524274e-14
 2.560348004302434e-14
 8.23842608173829e-14
 2.771836079773493e-05
 1.6706971025268018e-14
 1.8424451959757338e-13
 3.506882420090465e-14
 8.151783420376826e-14
 6.25435033624333e-14
 1.122964636318842e-13
 1.016846857908836e-13
 2.156456301504947e-13
 1.7610907307105683e-13
 2.0433652057720575e-13
 0.00013544867397285998
 0.00011906848521903157
 2.9652639393397406e-13
 0.0002590611984487623
 2.6134387080649357e-13
 2.094267901459057e-12
 2.2813226459826585e-13
 2.1177768469004404e-13
 6.991304914551535e-14
 1.5410174763856588e-13
 1.6147718199469724e-13
 1.2853220820573802e-13
 1.2507567681216414e-13
 2.339907781423456e-13
 1.845295021386112e-13
 1.8626189457991715e-13
 0.00014058794477023184
 8.923211562011923e-14
 1.6861638224997116e-13
 1.3571394984375484e-13
 2.557164549554791e-13
 2.0104289056004782e-13
 2.566130088369617e-13
 1.0303227455238373e-13
 1.0470387713313115e-13
 9.571606642566621e-05
 1.7457171504805385e-13
 1.4977388361654687e-13
 1.3360668094878486e-13
 4.0769549737064426e-13
 0.00020181109721306711
 4.1390033219367017e-13
 1.3736924195806993e-13
 0.00017961567209567875
 2.7673117074300535e-05
 4.4698964039684153e-13
 1.8642082506587637e-13
 2.6735967498074664e-13
 2.598072581724842e-13
 1.698527250923107e-13
 2.5779001871541196e-13
 4.111698774424827e-13
 7.229095794203388e-13
 4.217416617758457e-13
 1.1489045121087366e-13
 2.1095965415090373e-13
 1.5696353993042284e-13
 3.128369687865201e-13
 5.594091813040936e-13
 1.7207506849536286e-13
 3.3749096724731975e-13
 6.282735291220087e-13
 1.1558287692833152e-13
 1.38092946908204e-13
 1.1062008378531427e-13
 4.956822712703923e-13
 4.713759103777389e-15
 4.4395639508393314e-13
 3.0528295278005324e-13
 1.3417633771086769e-14
 2.578818777444758e-13
 1.0800697359050759e-13
 7.276065871770349e-14
 1.1573939506445696e-13
 1.3283779187311245e-13
 7.56575080091814e-15
 3.7271624859797764e-14
 1.5913937106027537e-13
 1.4001217448888353e-13
 8.018726741637616e-14
 1.7871805652134448e-13
 4.1837779578670145e-14
 0.00010761905286926776
 1.276438417447236e-14
 1.7623114068315154e-13
 1.6353442851193417e-13
 5.216803037910722e-05
 2.4174694703200418e-14
 1.8429974614573436e-13
 1.0174798286896602e-13
 5.156606139810303e-14
 0.00016647948359604925
 1.1683449008064416e-14
 6.899206346133724e-05
 0.00014618683781009167
 0.0002126287145074457
 4.199483303961825e-14
 0.00010164556442759931
 8.411236388384397e-14
 8.911416797627997e-14
 5.6414796472574816e-14
 1.9635660285233225e-13
 0.00011442172399256378
 9.56166637294982e-14
 1.8810136553828322e-13
 0.00017516261141281575
 2.1925709403451676e-13
 2.3367850081161545e-13
 0.0001776583812898025
 2.009685142910153e-13
 3.1967050534431607e-13
 3.033574639318276e-13
 2.7858187219738373e-13
 0.000113447051262483
 1.5842488182860742e-13
 0.0001424392976332456
 0.00012757934746332467
 4.0844066952379354e-13
 1.7243129667166013e-13
 0.0006569243269041181
 2.501349008563608e-13
 1.242208782668494e-13
 2.0177842686638914e-13
 0.00014166846813168377
 1.9020596458540345e-13
 3.995562832415783e-13
 7.705849711580823e-14
 0.00017084190039895475
 4.157512550374831e-13
 0.00024624980869702995
 1.3379308240728943e-13
 0.00010893655417021364
 0.0001246765023097396
 2.736903043608352e-13
 2.116354509175411e-13
 2.4590144373851097e-13
 0.00023183781013358384
 1.9714258166474846e-13
 2.2266499896065467e-13
 1.1364031867215282e-13
 0.000205607881071046
 1.7724343314654695e-13
 1.6978424417259108e-13
 7.325662700150698e-14
 2.1392794220115308e-13
 5.509708900057475e-13
 3.241797021796833e-13
 1.717333686281769e-13
 1.0197300225360181e-13
 3.344180130298441e-13
 2.9091486164478653e-13
 2.0401506818559095e-13
 1.846064398352762e-13
 4.8757168007868e-13
 3.4758209765256565e-13
 1.7392080072127503e-13
 2.0233771255706579e-13
 1.884685712615769e-13
 1.826383011840904e-13
 4.049686746967346e-13
 2.9311435548705356e-13
 3.0444001269600007e-13
 1.5604824290388342e-13
 7.203756363129143e-14
 3.4716969425120647e-13
 3.497162412088861e-13
 3.6501746449642963e-14
 1.0485819298359372e-13
 1.6007202887410171e-13
 4.263662177223654e-13
 2.4077977093151133e-14
 9.913524991134182e-05
 2.0342275498623497e-13
 1.155182584788514e-13
 1.901905282569727e-13
 9.508053930773128e-14
 2.751947432953761e-13
 1.5931898270267475e-13
 1.365192545598956e-13
 1.0912294288664692e-13
 5.852912284606132e-14
 7.689197043837803e-14
 8.566830919784149e-14
 5.4689390359017806e-14
 1.2042373391876748e-12
 0.00015231443103402853
 3.2818767235071045e-13
 2.471384913122626e-13
 2.1809255248105008e-13
 8.780403839983922e-14
 1.2300192331685111e-13
 1.2274479121911902e-13
 1.1401563558294942e-13
 4.177814845918344e-14
 5.351721195649868e-14
 1.216415884035607e-13
 2.854777164987797e-14
 3.492730871234098e-14
 7.739562300507902e-14
 3.143501355485495e-13
 2.0415033595913568e-13
 1.59274110285261e-13
 2.486788444437671e-13
 1.7069561096625524e-13
 2.3679552784740265e-13
 0.00036162263131700456
 3.2544071062144686e-13
 1.3658114895141737e-13
 2.6271988599370355e-13
 1.9624377806375798e-13
 2.1178936696845257e-13
 1.0056507086493929e-13
 2.0686830883281243e-13
 0.00013482250506058335
 1.3550454974666643e-13
 1.3031942061939028e-13
 3.0452233074594603e-13
 3.896154232574389e-13
 9.201506608524576e-14
 1.8642028296479013e-13
 0.00011706846271408722
 3.2590024971225484e-13
 3.997379684206326e-13
 2.0301010763938698e-13
 2.9786335073792025e-13
 0.00015616422751918435
 2.4436361137705753e-13
 2.8380569378969045e-13
 3.826617570989316e-13
 7.62808707258783e-13
 2.1362298323508722e-13
 4.4806834024330167e-13
 2.462567910005431e-13
 9.137767718056869e-14
 1.259722035885924e-13
 2.4396570917975535e-13
 1.6469590719426358e-13
 1.7400542270083752e-13
 1.6275204111921432e-13
 2.236819128358103e-13
 8.800859359325841e-05
 3.342467632967e-13
 2.355008820332377e-13
 1.702606426071812e-13
 0.0001168716189567931
 2.0565165781243067e-13
 6.510509362525618e-13
 2.16162943664569e-13
 2.1633146933975472e-13
 0.0001656788372201845
 1.0737240361147898e-13
 2.5463122279092976e-13
 2.4748822782805213e-13
 2.509720675638455e-13
 1.7257063020335167e-13
 1.1185675188830554e-13
 2.0057813374628475e-13
 2.5573461534186825e-13
 1.8634547301488863e-13
 2.227857926351967e-13
 1.3493121008532893e-13
 3.306684150127838e-14
 2.8878958144122613e-13
 2.2637528787269878e-13
 1.0111546609780156e-13
 3.333760405319769e-13
 9.937414389635246e-13
 1.7559274889146492e-13
 1.4374092194291421e-13
 2.894926187874472e-14
 0.00010353796096751466
 9.614681826305288e-14
 2.5140042906593094e-14
 9.885996813112797e-15
 6.110308656617769e-14
 1.637656346252167e-13
 3.4822101799281135e-13
 9.857051156206276e-14
 7.305953259907627e-14
 1.226996613036893e-13
 2.476817308107865e-13
 9.254522739506402e-14
 4.146183346165344e-05
 2.5027099533406205e-13
 6.339444621377213e-14
 9.614436525563763e-14
 6.642422207972856e-14
 2.93241695032212e-13
 2.5867854950081814e-13
 0.00016005980432964861
 2.0832584247086616e-13
 1.8007733433751671e-13
 7.549788973246901e-14
 2.80009335318777e-15
 2.0975530882517968e-14
 2.472063352632059e-13
 1.54919154761457e-13
 1.9328482770471916e-13
 1.6550037165372067e-13
 1.2219390809527914e-13
 1.8973292717754803e-13
 5.491499905474484e-06
 1.8790372903476626e-13
 1.6077727528224922e-13
 1.8966357889609042e-13
 2.07784920454486e-13
 2.8485544543814523e-13
 1.3659285833488022e-13
 3.820408074096948e-13
 2.796576989080868e-13
 2.9323378035635284e-13
 2.8598171465492317e-13
 2.0544376204585657e-13
 3.7384854868934003e-13
 0.00014250713866204023
 1.867621996724106e-13
 2.735710963319704e-13
 2.6319040263150795e-13
 5.6906090321717784e-05
 1.0520434350069774e-12
 3.8620544479464614e-13
 2.445437244629617e-13
 2.5430051402326737e-13
 0.00012077197607140988
 2.0132643653320709e-13
 2.910081843467832e-13
 3.085992561751433e-13
 1.1906443983956266e-13
 0.0001346421631751582
 2.5734316479002206e-13
 1.5231681204947584e-13
 0.00010939765343209729
 2.6799035538448146e-13
 1.8261386597762802e-13
 3.664999076793962e-13
 0.00011036798969144002
 2.0031848087850163e-13
 1.7292374129840304e-13
 3.2605168565069675e-13
 2.553682092176768e-13
 3.31653378805169e-13
 7.125710747369132e-14
 3.7432649211202595e-13
 2.1295438286036972e-13
 1.3677966636919947e-13
 2.456956079560646e-13
 2.0581618549210534e-13
 1.124323548216781e-13
 2.924388975335951e-13
 2.527508367530795e-13
 1.976136404036391e-13
 1.4544451526401353e-13
 9.762520652989437e-13
 1.9626414751207355e-13
 1.1999524095716863e-13
 2.1116197982881668e-13
 5.845504473262625e-14
 3.2675820599639693e-13
 2.4748895966451856e-13
 1.4425606705264354e-13
 1.9855989140220298e-13
 1.638249269315245e-13
 1.7351970012756401e-13
 4.795196900143905e-13
 3.1372135249861655e-13
 2.4335112917828194e-13
 8.209555133137716e-14
 2.5023209958112413e-13
 1.3958503949050571e-13
 2.1314319666870807e-13
 2.3222114335641475e-13
 1.50235347166211e-13
 8.473818570659333e-14
 2.1666758895388417e-14
 8.08209971387211e-14
 3.0773341232019635e-13
 6.837460827559261e-13
 2.198118802861776e-13
 2.0745280222399937e-14
 1.516927046214117e-13
 3.769369256827193e-13
 0.00017437865608371794
 1.2485157222311138e-13
 0.00016421967302449048
 1.0746240594432244e-13
 3.4012817637650876e-15
 0.00010654134530341253
 0.00011019374505849555
 8.871063619153574e-05
 0.00012572197010740638
 1.8521730644430884e-15
 0.00020696534193120897
 4.816039263894588e-14
 6.0545498854480684e-05
 3.6175427345526423e-13
 3.241267040721141e-05
 2.415133522858104e-13
 5.67426693739298e-13
 0.00015940101002343
 2.8799323494553553e-13
 4.677286661279589e-13
 3.501845352322369e-13
 0.00014325551455840468
 9.562358907087495e-14
 1.1977265425115735e-13
 2.603617733736019e-13
 6.488922355170346e-13
 1.9448081112118792e-13
 1.686234702216738e-13
 5.223935975635918e-13
 2.6401352892085894e-13
 0.0001517367345513776
 3.0106722236772354e-13
 9.907494677463546e-05
 1.709608068176452e-13
 1.865622321342228e-13
 0.00011133718362543732
 0.0001501912483945489
 1.4608286639811868e-13
 2.499043723694361e-13
 1.5359367694801201e-13
 1.6118137098446172e-13
 9.954091994028233e-14
 1.4587081000570767e-13
 9.782176493899897e-05
 1.2380266083134028e-13
 1.190046460897501e-13
 1.5174127687873906e-13
 1.507191588331555e-13
 1.6381809645783785e-13
 3.0138185783817883e-13
 6.0662769101327285e-05
 1.6489221555011924e-13
 4.0790385392314166e-13
 0.00013198592932894826
 8.202848403016105e-05
 4.011480546611129e-13
 2.2237595066147003e-13
 1.6046994462393105e-13
 5.8610316045815125e-05
 6.148895411936528e-14
 1.8863868258243988e-13
 1.940479705088774e-13
 4.252722577303275e-13
 3.508538132333122e-13
 1.7215916192636627e-13
 1.2519605035836434e-13
 1.343880247969137e-13
 2.265298408923866e-13
 1.95937680685411e-13
 1.7254179042556356e-13
 1.6253494318670125e-13
 2.1282866961847002e-13
 2.5812446798056943e-13
 2.447500481363857e-13
 0.0001538658543722704
 1.2650075214767909e-13
 1.1876815449087669e-13
 1.4790096502115962e-13
 9.335843323453677e-14
 1.121899068871196e-13
 1.3238650627134252e-13
 6.52645797648288e-14
 4.8698726122639244e-14
 1.3342078093378507e-13
 1.6430495744339246e-13
 1.3194093983603244e-13
 1.3192378233665286e-13
 1.5518226352366493e-13
 0.00016651359328534454
 1.0178014301590738e-13
 9.158142587383303e-14
 5.932706176369276e-14
 7.686039982636797e-14
 4.1259852386890325e-14
 1.5718487980393575e-13
 9.460265348328577e-15
 2.7108178169647085e-14
 2.8529988701370135e-13
 7.931716129163865e-14
 4.8135577961723117e-14
 8.531183029979184e-14
 3.236094118369559e-14
 2.7625633985256526e-13
 1.1630534012816492e-14
 0.00014373427256941795
 9.584147304996307e-15
 1.8705023153205852e-13
 1.8721203515377483e-13
 1.6560708425254755e-13
 1.6969284592945055e-13
 1.439425293368879e-13
 9.979361358537081e-14
 1.866881283352391e-14
 1.7135843796440425e-13
 2.023973707816068e-13
 6.749384192517027e-05
 1.1576767918863168e-13
 1.135926341053542e-13
 2.2144105668066294e-13
 1.0319245458134674e-12
 2.2601068423461906e-13
 3.581610872060992e-05
 0.00011349330452503636
 2.891774547684328e-13
 1.1256579300405675e-13
 1.9614416698916087e-13
 5.968138852043003e-13
 7.967204912300019e-13
 0.00022045447258278728
 2.769480879436653e-13
 2.166750801132697e-13
 1.5854757285695131e-13
 0.00016939922352321446
 3.3804548244843746e-13
 3.739367214310174e-13
 7.108241946440774e-13
 1.7654607430920427e-13
 3.195453342035026e-13
 1.1248260352661466e-12
 3.240674059396681e-13
 8.115579063806833e-13
 1.3051375030628115e-13
 1.6413079391690982e-13
 0.00013079127529636025
 1.9223885721134093e-13
 4.4647112070785033e-13
 4.604465680263514e-13
 1.652494601659532e-13
 1.6354066267442596e-13
 9.946827432896765e-13
 1.7498857723084738e-13
 3.028681092812763e-13
 1.4995089317373228e-13
 1.9189848549181626e-13
 0.00013154525368008763
 1.6847006916679425e-13
 2.0919003291750005e-13
 1.183176278306275e-13
 1.1135204900074996e-13
 0.00040408610948361456
 0.00013168976875022054
 3.74046795056579e-13
 1.8007912327110132e-13
 9.267492714570835e-05
 3.5026004991355053e-13
 2.148284263155109e-13
 1.4798860921427792e-13
 0.00017806192045100033
 1.8487049727438504e-13
 9.85933882279022e-14
 3.339495292711131e-13
 0.00017210435180459172
 2.303652297944766e-14
 2.5170026602376475e-15
 7.619797262777006e-13
 2.0598323394183105e-13
 2.47499069849777e-13
 3.0389552636497785e-13
 0.0001611637999303639
 4.379650125636153e-13
 6.33346998978046e-14
 5.942303940575933e-13
 6.419037393637361e-13
 1.6134644076522264e-13
 1.1907296437914383e-13
 1.3579319147003638e-13
 2.065044505837263e-13
 3.605668281309038e-13
 3.0646158896176223e-13
 2.4905636364022654e-13
 2.369537942595312e-13
 1.4659959715352527e-13
 3.4647336540592766e-13
 1.7798355020706702e-13
 6.601091743531351e-14
 0.00011021664249710739
 1.1090612342347025e-13
 4.6911229105916705e-14
 8.157368010242028e-13
 9.052281087261818e-14
 2.8023444025374045e-13
 2.4484309978783925e-13
 1.7579064289299784e-13
 0.00017274566926062107
 1.092109326692077e-13
 4.99080431929505e-13
 3.399206914209141e-13
 8.25611212967696e-14
 1.429559324649804e-13
 3.095171146293152e-13
 3.024974747686121e-13
 0.0003184036468155682
 0.00023324920039158314
 1.9816308695960044e-13
 1.1265933932275152e-13
 9.902780584525317e-05
 2.4315122940272993e-13
 5.363227968831728e-14
 1.5049974341849875e-13
 0.00018100820307154208
 1.5410472919454021e-13
 1.0573318479437099e-13
 7.860458703205786e-13
 1.1652278534418636e-13
 1.7492090946275712e-13
 1.452241376199287e-13
 2.8976392682858454e-13
 1.3624248485031437e-13
 4.985554612375875e-13
 3.1623583417704493e-13
 5.493919121718482e-13
 2.645375509358755e-13
 3.5244590991349856e-13
 3.607683271046602e-13
 2.4467179838568538e-15
 2.907435034914252e-13
 2.967189211347532e-13
 3.1067956909359984e-13
 1.4016199767659387e-13
 2.012667105460303e-13
 2.919737476965445e-13
 1.1905947961462354e-13
 1.69217626564723e-13
 1.0488918083693607e-13
 1.442594416319054e-13
 3.55286384080139e-13
 4.901367939985635e-13
 4.201183671781461e-13
 1.523840461366971e-13
 1.491202045742282e-13
 2.0311485512177624e-13
 7.306083364168325e-13
 5.976208568812813e-13
 2.6698313156624243e-13
 1.4413380970516865e-13
 0.00013179340749047697
 2.451390869809278e-13
 1.1789453148534218e-13
 3.0663042634507254e-13
 3.157564677390076e-14
 1.1638770730602183e-13
 0.0001853566791396588
 6.601440314529805e-13
 1.806194218712323e-13
 2.657130429312843e-13
 1.0539897947470234e-13
 7.600288670986388e-13
 4.993977236952829e-13
 3.4024866257809094e-13
 3.107549491687678e-05
 2.736903043608352e-13
 1.4958867478043203e-13
 0.00014573677617590874
 2.6895394006527795e-13
 0.00010742638551164418
 2.5247244074023956e-13
 9.979723836295307e-05
 3.950414214498599e-13
 4.0206667205680557e-13
 2.6691843180159935e-13
 1.3658862994640752e-13
 1.9168671370247553e-13
 1.7930975985697845e-13
 9.669413029598714e-14
 2.322078889848561e-13
 2.0114106506676638e-13
 2.209151508643717e-13
 8.31733996164985e-05
 8.876320495678283e-14
 0.00014735218428540975
 0.00016642977425362915
 1.7675329244942056e-13
 0.00012405867164488882
 2.424383664743207e-13
 2.894040530224823e-13
 3.9591626418283843e-13
 0.00013577037316281348
 1.2931939319307112e-13
 0.00015532832185272127
 2.0193455197922705e-13
 0.00013259371917229146
 0.0001321215386269614
 2.0942399019379526e-13
 3.975499942264482e-13
 2.1356293198725868e-13
 2.1203258062079539e-13
 2.530699445574963e-13
 4.4058433659212304e-13
 1.9065186983389243e-13
 0.00014025220298208296
 1.9612837829502405e-13
 5.464294923658575e-13
 0.00013551228039432317
 1.2375688039460708e-13
 3.514397974024863e-14
 2.5145094611090518e-14
 3.166055674466532e-14
 1.4360026026356137e-13
 6.482488835004088e-14
 8.759957819889919e-14
 8.39473415369281e-14
 2.600022248281514e-13
 6.724721962007157e-14
 1.4795035043011634e-13
 1.1999162243241795e-13
 5.432591835695562e-14
 6.627411428894794e-14
 0.00014332922000903636
 1.8776699758828869e-13
 2.238590172606858e-13
 9.757608810572263e-14
 1.271087591734818e-13
 1.596812959636651e-13
 9.263249211742194e-14
 1.0172736947516164e-13
 1.650843903851923e-13
 3.765774818020873e-05
 0.00019263268040958792
 8.147870805786869e-14
 0.00015193672152236104
 3.513792718162073e-13
 0.00017943608690984547
 0.0001710748765617609
 7.61006925878438e-14
 1.3459905119726084e-13
 1.4199394698238832e-13
 2.5589080482921016e-14
 3.34008916445111e-13
 2.9307700472221143e-13
 2.4727875996832793e-13
 2.0093064853014125e-13
 2.5958854748923954e-13
 1.2405868162184558e-13
 4.757218585531818e-14
 1.8210061170975678e-05
 4.469835417596213e-13
 1.9571875316173187e-13
 2.2093195599804522e-13
 1.8826433467733494e-13
 9.336409819088801e-14
 2.943517825315656e-13
 1.4724166845633477e-14
 3.7087493449591835e-14
 1.3223891925061293e-13
 1.439486923486121e-14
 2.4883285197423687e-14
 1.3891489412769242e-13
 3.046236426627012e-14
 6.029965887504804e-14
 3.2759678216670585e-13
 3.2760866095675814e-14
 2.8635622519035397e-13
 1.0240656114985161e-13
 7.269854748574722e-14
 1.030131248315122e-13
 2.7447375901506858e-14
 1.494145959572441e-14
 6.116958881693252e-14
 7.514854285183524e-15
 6.1348402554295585e-15
 2.5486509875206204e-14
 6.956819153950203e-14
 1.6715582639836163e-13
 1.7409699712683108e-13
 3.8212502281344263e-13
 2.821289480248873e-13
 4.0662910321884183e-13
 3.9474901212394053e-13
 2.322462155316535e-13
 1.83047180928389e-13
 0.00025062504573725164
 1.364468840648822e-13
 9.291187598137185e-05
 7.398783327542194e-14
 0.0002552092482801527
 8.472357876598835e-05
 1.0501953581938672e-13
 4.816904253940324e-14
 9.368910134461769e-14
 1.699765579210675e-14
 4.741573209369673e-14
 3.124639761341308e-13
 3.062515790009518e-13
 3.195750413430287e-13
 2.8286669339315507e-13
 1.2909751121847196e-13
 1.140489612472262e-13
 2.0770817249320117e-13
 2.6022454048361954e-13
 0.00010473674774402753
 4.1476587789301966e-13
 1.1942804059063283e-13
 1.933763750256584e-13
 2.0607807452686921e-13
 6.098135234625102e-13
 0.0003526745713315904
 2.1261014867060557e-13
 4.249307611510489e-13
 5.725722439819947e-05
 1.4948476755472645e-13
 1.9758097881319298e-13
 0.00013350683730095625
 4.277939660823904e-05
 0.00011205851478734985
 2.350587172822438e-13
 1.3838554596950353e-13
 1.379513501044774e-13
 1.8418637925607384e-13
 1.0783831239005032e-13
 1.6576021425688398e-13
 1.4269390790494496e-13
 2.207782703400954e-13
 2.1359770777194115e-13
 1.7801575101158984e-13
 1.9495678942743622e-13
 2.275767194050843e-13
 1.7877177873899114e-13
 4.072709634783678e-05
 0.00013897844473831356
 1.4076626420490151e-13
 7.854661474189506e-13
 1.8658650471035931e-13
 1.5384243358396166e-13
 1.912722909745701e-13
 1.9103162519733263e-13
 1.660377564605131e-13
 1.9787266985517304e-13
 1.506193309181239e-13
 1.279696428034896e-13
 1.2764602200752984e-13
 1.8393069727874745e-13
 1.9235710301077763e-13
 2.1343842492027587e-13
 1.972803431032899e-13
 4.5202459397070127e-13
 1.625978269127054e-13
 3.7823875433627696e-13
 3.684737519445147e-13
 0.0003779470862355083
 9.735592730207229e-14
 1.1421956045906678e-13
 8.778040956874261e-14
 0.002292801858857274
 2.879614407168274e-13
 3.7566903255716044e-13
 2.562695335887183e-13
 3.109661779378964e-13
 1.9664078579426786e-13
 1.8670767785566172e-13
 0.00020277409930713475
 1.714879594664348e-13
 2.7868153748208946e-13
 1.5434280643909087e-13
 6.332995690172538e-05
 1.8884239061812275e-13
 3.40680852669098e-14
 2.166400332780441e-13
 1.6595432710334035e-13
 2.5288424783040386e-13
 0.00012794778740499169
 2.2022006885159123e-13
 1.6630962015526385e-13
 6.158909103201604e-13
 3.0410518396008224e-13
 9.825253539366349e-14
 1.824202952322579e-13
 3.457300906065802e-13
 0.00018955906853079796
 2.4903226724694305e-13
 2.668439471123496e-13
 1.1406374705435346e-13
 2.3989425897152916e-13
 3.27856177536473e-13
 1.7408497603524364e-13
 3.2178147407919966e-13
 2.855199529496616e-13
 3.016441805538117e-13
 2.94106590210258e-13
 1.722249187881275e-13
 1.9386829110384224e-13
 2.10920948133346e-13
 2.8748837620391765e-13
 1.7929975809193727e-13
 2.24413749302238e-13
 2.2514933981868795e-13
 1.543257709124557e-13
 2.392891115289564e-13
 2.8160243234487403e-13
 2.2941165026685306e-13
 2.383394588460763e-13
 1.6344750260275515e-13
 1.8452516532992125e-13
 2.901664639901741e-13
 2.534127150743276e-13
 2.1275251796838007e-13
 3.58482648152858e-05
 2.922079624708557e-13
 1.9916339898898988e-13
 1.2709828306999016e-13
 0.0001100128865800798
 1.0318926702695963e-13
 1.9014734990545346e-13
 2.8657902873679975e-13
 3.236483075898938e-13
 2.979355857076621e-13
 2.3652816359166773e-13
 1.2270481126400862e-13
 2.5376434894391897e-13
 2.833178570221806e-13
 2.7891193044374263e-13
 2.289032678681746e-13
 4.14545513801462e-13
 3.1625759953565757e-13
 2.167871188552689e-13
 3.2225551437406463e-13
 0.00010116564953932539
 3.421495942471098e-13
 3.527925564530965e-13
 1.4428573353458818e-13
 1.3188510342414944e-13
 1.460791259006236e-13
 1.431592881349572e-13
 2.733386433861895e-13
 6.071059860347436e-14
 1.147609297088431e-13
 2.1605086426498832e-13
 2.4556240532547235e-05
 8.528288210178647e-14
 9.438990252385801e-14
 2.3506752642489526e-13
 6.368186820969804e-14
 1.1722502309130522e-13
 6.003379894982744e-14
 5.228151963546264e-14
 2.1668369952054095e-13
 2.858931082323768e-13
 2.004675857822727e-13
 1.290540347113553e-13
 0.0001366639044135809
 1.5453052249272958e-13
 1.5841740083361727e-13
 2.0501031156982402e-13
 2.527329203121792e-13
 1.31217722776876e-13
 1.558315922047665e-13
 1.6247867309394926e-13
 1.074207129497795e-12
 1.552288842170818e-13
 2.5861151870150423e-13
 2.8969087870721333e-13
 4.8710276263908e-13
 1.9119323908366875e-13
 2.4950885541691337e-13
 3.463081600998952e-13
 3.7675440024698137e-13
 3.085023827110317e-13
 2.978288188987266e-13
 3.3825161638648127e-13
 1.969026883815589e-13
 6.018720000470698e-14
 9.234462966436346e-14
 3.2459627298314295e-14
 1.1025460480595939e-05
 3.900325700433027e-13
 3.0371422065668396e-13
 2.1458735396245876e-13
 2.76129623723656e-13
 0.00011398264177842066
 3.1100295949659795e-13
 1.9322529145292255e-13
 3.5081971507498755e-13
 3.2611999038756334e-13
 2.577713433329909e-13
 2.2197688294683243e-13
 2.479933305151588e-13
 1.6744534903599673e-13
 1.5809726303713661e-13
 1.538236633338505e-13
 1.8268015138794835e-13
 1.1171882104317465e-13
 1.7419118719056575e-13
 8.462705498391357e-14
 1.3732892318978063e-13
 4.494479807315259e-14
 5.985001990532757e-14
 2.4354319559313775e-13
 3.174798477497548e-13
 3.8352968804306053e-13
 1.8040800244759764e-13
 3.32759942647462e-13
 4.102170534682481e-13
 2.1228136436179934e-13
 2.7108792099127255e-13
 1.5810006841025792e-13
 1.195462050749066e-13
 0.0001984706468647346
 9.974053682526574e-05
 1.470908356053513e-13
 3.1725284461395654e-15
 2.940976319898078e-15
 3.0370607728192906e-15
 1.3207457791818665e-14
 7.579978413333171e-15
 1.8660408572621252e-14
 2.610556898690469e-13
 1.7124587067384595e-13
 1.9146157912135892e-13
 1.423917272069461e-13
 1.5092969734252504e-13
 2.328617442100278e-13
 1.7849891215723085e-13
 2.1124479932226742e-13
 1.9886499944606756e-13
 1.883803714148452e-13
 1.6301184306479616e-13
 2.5509729419982696e-13
 2.2723546677129447e-13
 2.3822046765764604e-13
 3.3430609626058927e-13
 2.9047738606818863e-13
 0.00013084076636005193
 1.3505045877177518e-13
 3.1485803005625035e-13
 2.3596703475729786e-13
 1.547945257217298e-13
 1.42389721432927e-13
 9.546504483193968e-14
 2.1674526865141097e-13
 1.4320432318269682e-13
 2.1877742944088202e-13
 1.6518217186862333e-13
 1.8038710445072298e-13
 2.8449974581040705e-13
 1.7701884066651657e-13
 2.8350509873736884e-13
 1.3909133447873728e-13
 3.6907144549715165e-13
 1.5492289525895209e-13
 3.2102190914221063e-13
 0.0002188617509091273
 2.442453520250937e-13
 1.756313193837511e-13
 1.23641467073346e-13
 3.677160030461646e-13
 2.955580116585643e-13
 1.865377020600703e-13
 0.0001441160129616037
 2.2268141107104067e-13
 1.9562423783734545e-13
 3.2180784729704537e-13
 2.0994958430196192e-13
 2.3375691573374047e-13
 2.1573408749524237e-13
 3.5525724614675347e-13
 2.9456095223569234e-13
 3.627269654343096e-13
 9.501551021667831e-13
 2.922526858104707e-13
 4.834677580153879e-13
 0.0002267903182655573
 1.6389805636805865e-13
 1.0177018190844767e-13
 3.2303153207902113e-13
 2.162504929899972e-13
 1.282315860483621e-13
 1.7860361898203864e-13
 7.360923665305358e-14
 1.7327309834343219e-13
 1.490980868499095e-13
 1.9799747507775328e-13
 1.9375275580983675e-14
 2.0164022497071513e-14
 6.0822132513837016e-15
 7.93988965829169e-14
 5.530350618643612e-14
 1.1132159308409849e-14
 2.516872640680244e-15
 4.136016141663597e-14
 1.201610019168145e-13
 1.4880841513447568e-13
 8.894294873632198e-15
 6.882539107860505e-14
 1.3124985581876303e-13
 9.985848275660333e-14
 1.5702131435368916e-13
 3.9830795996523283e-13
 3.692848164846968e-13
 2.1044010446984868e-13
 2.7064646097169076e-13
 2.4878300916748863e-13
 3.515908809752222e-13
 2.847314669197215e-13
 1.564614459043448e-13
 1.3122230353105474e-13
 1.178275820011912e-13
 3.4619621622558605e-13
 8.138751987889908e-14
 1.3375392915633555e-13
 4.341786533166442e-13
 2.183817634105606e-13
 2.9918184899987987e-13
 2.0516426827831696e-13
 3.6113007115951e-13
 3.124499357159971e-13
 3.1195629846686446e-13
 1.5798477706174124e-13
 3.0866842827374785e-13
 3.1021151901573785e-13
 2.890675979833057e-13
 1.6883915869136262e-13
 1.3140148149258513e-13
 1.4529963874871515e-13
 2.5366533418051673e-13
 9.06982754417078e-14
 2.009600981716514e-13
 4.788637239831143e-15
 1.8209428919151865e-13
 1.2310454305247687e-12
 1.6318833762594964e-13
 1.997569996784257e-13
 1.9423162080436929e-13
 1.9638677077778166e-13
 2.2300730869156266e-14
 2.6932308718808674e-14
 2.8847635543359507e-13
 7.31554031761783e-14
 3.8198350732487896e-13
 3.084762805437291e-13
 0.00012226657418068498
 2.596924682674723e-13
 2.176369300705902e-13
 1.6635290692700033e-13
 1.8213081325220426e-13
 0.00011303006613161415
 3.024727007489708e-13
 0.00011460920359240845
 2.862748016072003e-13
 2.049624982540174e-13
 2.986520265032405e-13
 3.6492467034299203e-13
 3.049905163490796e-13
 1.9331374879767022e-13
 5.432674167298035e-13
 3.179021987060465e-13
 3.106536295566231e-13
 2.0865739149521223e-13
 2.5543822157296503e-13
 2.4364836320386885e-13
 2.733981931905133e-13
 3.4681862958775567e-13
 0.00017888036381918937
 3.9033004801437843e-13
 0.00030058776610530913
 3.9704432233320097e-13
 1.9205726689997676e-13
 0.00022013876878190786
 0.0001594477507751435
 0.00011892018665093929
 5.926550483009718e-13
 4.2186976026252487e-13
 1.7764671569713009e-13
 2.358894600918565e-13
 1.6232867372338589e-13
 2.3360699767834003e-13
 8.571989689246107e-14
 1.735146179298805e-13
 1.2560581101692808e-13
 2.2406305055702042e-13
 2.0438887398960964e-13
 3.6695193867015974e-13
 1.887999847606514e-13
 3.9882610018346365e-13
 2.4881450524059934e-13
 1.3439913786918167e-13
 1.96391663240085e-13
 1.6311802711506396e-13
 1.4943504333259083e-13
 1.2224462165189715e-13
 2.5001287390184757e-13
 2.690156582739467e-13
 1.3786992652132374e-13
 1.9068312196151432e-13
 3.989224654278069e-14
 5.882815935775998e-14
 1.5196033992768976e-13
 1.4118208284310402e-13
 1.1543896264246123e-13
 1.8107672479505954e-13
 2.357495980116059e-13
 9.795981895877048e-05
 9.779504762263969e-05
 2.0332806347899551e-13
 2.394261004734499e-13
 2.685512131683082e-13
 0.00013414137356448919
 1.7344903725097227e-13
 0.00021995208226144314
 2.5658078092738457e-13
 0.00014502494013868272
 0.00011024334526155144
 3.258597276560582e-13
 0.00011902539699804038
 5.765171954408288e-05
 2.803789175231941e-05
 2.12003825546302e-14
 1.0975137357087383e-13
 0.00013453773863147944
 1.011149307729789e-13
 1.9524247669988615e-13
 3.311120569892377e-14
 1.968802860541699e-13
 1.914191326063061e-13
 1.8521830933131839e-13
 2.752522331155721e-13
 1.929763857391742e-13
 1.9915948230864178e-13
 3.1364337125736053e-13
 1.7503988709866025e-13
 2.4950991251403154e-13
 3.1472535081539244e-13
 2.9590688081261585e-13
 2.588100361192863e-13
 1.2321964466561336e-13
 2.5733823167013725e-13
 3.448928696889869e-13
 2.3457616600032483e-13
 2.1020842401811568e-13
 3.396284447253206e-13
 1.0895722936084609e-13
 2.381411040586201e-13
 1.1204060547170477e-13
 3.2129683570809864e-13
 6.274335570414027e-14
 1.2243117557633222e-14
 3.226402164099168e-13
 2.542454636579594e-13
 2.2531430117923162e-13
 2.785072519828624e-13
 2.4752533464740545e-13
 3.3028717564762e-13
 2.4510509724282037e-13
 2.949234823371172e-13
 2.96577188805755e-13
 4.545112116532968e-13
 2.0023540388703492e-13
 2.4962556978078143e-13
 3.4771716213820303e-13
 2.0327817662653402e-13
 2.5983916082140956e-13
 2.1070008259828354e-13
 2.922149284698139e-13
 2.815747038743127e-13
 9.171683594891289e-14
 2.496927632104212e-13
 1.8957224841558568e-13
 1.8790711716655528e-13
 0.00017079120152629912
 3.8058214891188713e-13
 3.2211464940680445e-13
 1.8682505629336044e-13
 9.194782614940777e-05
 2.704862158905974e-13
 1.596811062282849e-13
 2.271673382172809e-13
 3.305171891385128e-13
 3.00037203198808e-13
 4.0469594364024586e-13
 2.9357262064030887e-13
 2.1439577543858057e-13
 2.957998158480829e-13
 2.4178456545925764e-13
 6.318242370267901e-13
 2.1437353574151746e-13
 1.7007498653767023e-13
 1.4562023733111912e-13
 1.999677279231754e-13
 2.2135535049892796e-13
 3.435697093576856e-13
 1.6158500590075092e-13
 1.3619145958557177e-13
 1.6368650141915242e-13
 7.110742658751612e-14
 2.568593395705504e-13
 1.3203052204053406e-13
 1.3426628244547073e-13
 1.43994814986656e-13
 2.034854625293861e-13
 1.1359771630303772e-13
 1.7546076082949197e-13
 6.084741543087302e-13
 2.887063960295422e-13
 6.696779090466232e-13
 4.755055398909802e-13
 1.5118167947993782e-13
 3.009287155401885e-13
 2.6598715634554293e-13
 8.57018381500256e-14
 5.296696580143513e-14
 4.5248564416828715e-14
 2.0037101386189034e-14
 5.981945218032705e-14
 9.85642977283617e-14
 1.1030366276940616e-14
 1.2785893220915168e-13
 4.941956132514802e-14
 8.456105417666351e-14
 3.7032192362531496e-14
 1.9756973614488407e-15
 4.115616623678398e-15
 9.012239976372623e-15
 6.231626475147571e-15
 5.817133019991047e-15
 1.3678113004213233e-13
 1.7560383485867859e-13
 1.8200537106084769e-13
 2.363239541124801e-13
 7.067602254308414e-14
 5.016301501785392e-13
 4.422054627854777e-13
 2.331974132026293e-13
 3.413459835968635e-13
 2.3738546935450633e-13
 3.8205319441951546e-13
 3.5802895479060404e-13
 2.731157043144722e-13
 0.00011946650192840025
 2.7812103206396876e-13
 2.092420881743065e-13
 2.2414778095680016e-13
 1.4443903972177763e-13
 3.5735945994909424e-13
 1.8499299856734874e-13
 1.8179027890235372e-13
 3.1151841631445187e-13
 2.2094970980861967e-13
 4.953508848763721e-13
 2.787876537697215e-13
 2.4369197523625707e-13
 1.8294938589243082e-13
 1.5271807527351272e-13
 2.683827823608126e-13
 1.3669591175137497e-13
 1.7282761322328505e-13
 1.1059350050329764e-13
 1.1207420218652467e-13
 9.182928804299037e-14
 2.012887062976046e-14
 1.837059150633369e-13
 8.503545361349812e-14
 1.1139901528360932e-13
 1.6303661708443745e-13
 0.00013336075062397867
 1.0791688316623763e-13
 1.7002314812129826e-13
 0.00011694581189658493
 2.8353307115341897e-13
 4.689573924500368e-13
 2.299981494320591e-13
 3.102259660096862e-13
 2.4259920786660893e-13
 3.4566490295095953e-13
 2.0380905622029155e-13
 2.1925897783579146e-13
 1.7183299325530116e-13
 0.00012823307770304382
 3.607823946278482e-13
 1.680199897399412e-13
 1.3770873276332946e-13
 1.0734811477230988e-12
 1.6642271599438124e-13
 4.1795503147833146e-13
 2.3456800737897687e-13
 3.069876167507979e-13
 0.00011689762322930619
 1.2220760970023392e-13
 1.4791245756418797e-13
 5.829814712574044e-13
 1.6920151260993443e-13
 8.186622901936932e-14
 5.161680883603893e-14
 2.7861678350733776e-13
 1.53725841192838e-13
 3.6184076568357426e-13
 2.1025131776656464e-13
 3.1131155053994164e-13
 2.9436823529953304e-13
 3.4029449722493277e-13
 3.4572816614772406e-13
 4.2735696166758264e-13
 2.744777875037657e-13
 4.081034894244141e-14
 1.5085385740055968e-13
 2.05593680101257e-13
 1.3954791911862524e-13
 2.073075191328863e-13
 2.8765181968141984e-13
 9.515387609793091e-13
 1.1210767015233658e-13
 1.3102584609740037e-13
 3.44344154969492e-13
 3.249919051321465e-13
 3.6536127855785194e-13
 2.0923397021054002e-13
 1.4260783580497677e-13
 2.3824844007369617e-13
 3.4434919650959406e-13
 3.823263591568732e-13
 7.466695718747612e-14
 1.14919223226026e-13
 7.117055425900909e-14
 9.456636997995718e-14
 1.0574343728116456e-13
 8.952674756049217e-14
 8.384348852133114e-14
 2.4345385733412495e-13
 7.932383591126302e-14
 2.7059424647269022e-14
 2.2230738842658748e-13
 1.4124741957652343e-13
 4.935090422257538e-13
 1.8276615572528077e-13
 1.4679766733791122e-13
 1.639290781027189e-13
 1.7660502780233317e-13
 4.599555870725414e-13
 3.730482990658285e-13
 2.378599433302403e-13
 2.1541778506394688e-13
 5.013919509612441e-13
 2.9962081535446494e-13
 4.192822304627253e-13
 3.367525984628028e-13
 2.0580652254024306e-13
 2.202644398255002e-13
 2.897977539363661e-13
 2.1454181747121437e-13
 2.0548914945930224e-13
 5.495519946226157e-13
 2.7054107652052517e-13
 3.302940874364696e-13
 2.469392691630684e-13
 4.3899454384155323e-13
 0.00011455129424575716
 5.216147609329869e-13
 2.1261879518293114e-13
 3.1797191290573734e-13
 2.558117834314949e-13
 2.1236350622889227e-13
 2.173427860211949e-13
 2.4514439957157297e-13
 2.8416188130840625e-13
 2.955273558421373e-13
 0.0001402469351887703
 0.00011531003838172182
 6.303152986532334e-13
 2.410403690880636e-13
 1.3071195601593866e-13
 2.283988157023714e-13
 2.618673778254782e-13
 2.2673293906434744e-13
 2.147406330445939e-13
 0.0001418955798726529
 2.839511395111294e-13
 3.0985240415115634e-13
 2.874511880694014e-13
 2.676338155000596e-13
 2.8623867056980223e-13
 2.351591415084703e-13
 1.4882011096541137e-13
 3.286962444847691e-13
 1.2405285403516847e-13
 2.1886350154085021e-13
 1.8422400107145909e-13
 1.9396448694159601e-13
 0.00017346585809718817
 1.851815006675625e-13
 1.7128278775781908e-13
 2.0934637487077246e-13
 1.5650148134011325e-15
 2.1991167008472657e-15
 2.30087839209745e-15
 4.410199690250277e-14
 1.6986837487304417e-14
 5.162102706011626e-14
 5.78097657160455e-15
 2.0551577339890034e-14
 4.5448500106577694e-13
 1.4680849580710892e-13
 1.8158818361740242e-13
 1.9814896522630382e-13
 9.597285802447758e-14
 8.774466477836848e-14
 1.4364357414035217e-13
 2.1994229625500045e-13
 1.83421290309016e-12
 1.800453774784827e-13
 2.0070558171166042e-13
 1.265792890425485e-13
 2.8350976080671053e-13
 2.0692258670407249e-13
 2.3433902388014793e-13
 2.1974788525294664e-13
 1.9493915758960617e-13
 1.7337558255378638e-13
 2.0214823467489679e-13
 0.00015284560504369438
 4.860213084612042e-05
 0.00015613446885254234
 0.0003655631735455245
 0.0003982687194366008
 0.00010400215978734195
 0.0005280188634060323
 0.00026382613577879965
 1.9786750634232658e-13
 6.834193855363019e-14
 4.3905380226654314e-14
 1.1217362352574159e-13
 4.212838980660952e-14
 2.8187538024179726e-13
 1.9736993886031867e-13
 1.2319855693335852e-13
 2.4296902922764374e-13
 8.943982842757672e-14
 0.00022705445007886738
 1.0588770393274091e-13
 0.00010174396447837353
 1.9978663905531602e-13
 2.540995571505972e-13
 3.260582992839489e-13
 3.0488261112786297e-13
 2.59876105010437e-13
 5.860930772823292e-13
 4.1261376368569025e-13
 1.9599186368898097e-13
 2.427795648980019e-13
 1.764518842454696e-13
 1.513141554328884e-13
 2.3853778652847824e-13
 3.2674690318874877e-13
 0.00011543326399987563
 1.0509215703615252e-13
 8.474557183389339e-14
 6.858692081076687e-14
 5.600336885317088e-14
 4.855549962752212e-14
 1.5579481064606493e-13
 1.6120366489163346e-13
 1.4469424736065356e-13
 1.4647626915640505e-13
 1.7217088486235627e-13
 2.5305996989750945e-13
 2.62641335546307e-13
 1.7554738858307356e-13
 1.923043294700319e-13
 1.95249496908953e-13
 1.9433968865591178e-13
 3.0839060146704844e-13
 1.4651470412341966e-13
 1.329912200330463e-13
 6.027379658747611e-13
 1.2315510753129616e-13
 3.108672444896571e-13
 2.6909466950726657e-13
 3.325585520939228e-13
 3.972277693407855e-13
 3.7048061016578537e-13
 2.9392788658717806e-13
 0.0011234711855649948
 0.00012218300253152847
 9.30135891810506e-14
 1.1899770719584618e-13
 3.225272696485981e-13
 1.0542137502582774e-13
 2.0942183195384566e-14
 0.000353004114003852
 1.3102905804633636e-13
 8.241821667417243e-14
 1.0734188332032352e-13
 1.5892442797958012e-13
 1.5713317691283535e-13
 1.7479050704646143e-13
 1.9705364998155034e-13
 4.864037774984786e-13
 1.595581712544522e-13
 1.1453467026797254e-13
 2.0907860403922285e-13
 1.118506871324032e-13
 2.2754137441426125e-13
 1.7992257802992156e-13
 1.9671363062773173e-13
 1.712989423701891e-13
 2.2805273836891404e-13
 2.1093698077297163e-13
 7.748670276383138e-14
 1.0690924599592033e-14
 1.4996679028808635e-13
 1.2798879252436113e-13
 1.5651836651840029e-13
 1.7463908466054667e-13
 3.1584400351190867e-13
 1.677580193900144e-13
 1.963998083089058e-13
 1.3571213380511593e-13
 1.7194173873320145e-13
 1.6393707409374098e-13
 1.4751527365082506e-13
 2.417108397115286e-13
 3.812604800011027e-13
 6.485168847249201e-14
 2.586368890323404e-13
 3.68036032422428e-13
 0.00017244259652215987
 4.2772767749540974e-13
 3.849063808566283e-13
 2.073756341343727e-13
 1.8765928210245225e-13
 2.2943146406155523e-13
 3.6368285227968145e-13
 3.9125885691049245e-13
 4.999669298358378e-13
 3.387621671895047e-13
 1.4623729744506209e-13
 2.3323227030247473e-13
 3.2963787407157275e-13
 0.00013864597713109106
 2.5867361638093334e-13
 3.261851238330754e-13
 2.2140091409522666e-13
 2.37989044703929e-13
 4.479086914734032e-13
 3.9824878963166943e-13
 2.4710957021931157e-13
 2.87115790127343e-13
 2.7568821791418285e-13
 3.1105164017414255e-13
 2.9034142711575894e-13
 8.507201710017398e-05
 2.9750721296295524e-05
 4.7487919800914824e-05
 0.00035293109249323606
 9.771683835424483e-05
 0.00015232425357680768
 6.016961221259019e-15
 4.7924179713912125e-15
 1.0954954933646566e-14
 2.6404271767622133e-14
 2.5504670261595336e-14
 3.3977966382332803e-13
 4.867076251573177e-13
 3.8204649947110036e-13
 3.3611798782619273e-13
 4.304986543027939e-13
 3.08629451205647e-13
 4.336724122172564e-13
 2.6885321858571842e-05
 2.437529616084594e-13
 1.1086042430189999e-13
 1.46510218236931e-13
 8.892712277273548e-14
 1.4455605224124313e-13
 1.2920587722561189e-13
 1.242187505200859e-13
 1.3820300698123844e-13
 1.0002103176731322e-13
 2.005014535476357e-13
 1.5763388858114347e-13
 1.6968547335467765e-13
 1.9644091312377016e-13
 2.8467641655441356e-13
 2.1690779055706655e-13
 2.7132514442661237e-13
 3.3236344991298405e-13
 2.0649133173743922e-13
 2.3547594538327055e-13
 1.7709691677546269e-13
 2.440370496827049e-13
 1.9145290550397903e-13
 2.5487018094974556e-13
 3.0339221261145577e-13
 1.953793707766896e-13
 3.886519469968597e-13
 0.00013578112702816725
 2.90615838685615e-13
 0.00011809507122961804
 1.7917466826628675e-13
 2.8463399714441506e-13
 2.2182322439393692e-13
 1.6648980100380378e-13
 9.258772812022545e-14
 1.167716639528804e-13
 1.2400852371884097e-13
 5.004371957518898e-14
 6.531316557468331e-14
 1.943774764897547e-14
 9.135936771638084e-14
 1.020494520592892e-13
 1.4486114673258055e-13
 8.579398127039894e-05
 0.00013070940622128546
 0.00010513693996472284
 1.88106122475315e-13
 1.4402177096316943e-13
 1.6511749920903457e-13
 1.965247490567576e-13
 1.4127826512833064e-13
 2.5627945403859653e-13
 1.2693025883830922e-13
 0.0001732676464598626
 1.1462800652249638e-13
 1.490392824345793e-13
 1.4614336487934337e-13
 3.222670611272016e-13
 1.1438590417738037e-13
 1.8140988657013718e-13
 3.04851440315404e-13
 3.4313461902586717e-13
 7.427862146869302e-05
 0.00010477467731107026
 6.772825030844365e-13
 1.1912230913051908e-13
 0.00010636938532115892
 1.7093695436985051e-13
 1.238016986019122e-13
 2.1508822826109275e-13
 4.179669848072831e-14
 1.188293848085678e-13
 1.411121518029787e-13
 6.04629261696972e-14
 1.064399761906143e-13
 8.46054183743089e-14
 3.56941581326764e-13
 2.9690594600950693e-13
 3.5769195765034123e-13
 2.3290944910561717e-13
 1.0869885043061564e-13
 1.964949470495414e-13
 0.00014667882351204753
 1.430444982299453e-13
 7.258519414861386e-13
 3.8738074705467473e-13
 3.2084380183032557e-13
 3.166135702139389e-13
 3.3493756271089914e-13
 2.860992421704206e-13
 2.0545628458094878e-13
 1.810297517359366e-13
 2.0474492598305388e-13
 7.036350126686519e-14
 8.398696809308603e-05
 0.00014922491391189396
 3.2046701447033255e-13
 0.0001367353688692674
 0.00011985577293671668
 0.00011794928286690265
 1.5011009471023462e-13
 1.997942962331592e-13
 1.493731353885419e-13
 1.861844825448017e-13
 1.4690050391397147e-13
 1.9493726023580432e-13
 1.6853274960489106e-13
 1.9173516398705848e-13
 1.9651405611283146e-13
 1.9149825225984324e-13
 3.4578638780438653e-13
 3.369606839647571e-13
 2.4718050414644643e-13
 2.504216452259289e-13
 3.1261056026785083e-13
 0.00012726799468509853
 1.7448249876178545e-13
 2.4672034163938927e-13
 2.4194917445409525e-13
 1.317521260276941e-13
 2.9203210487847853e-13
 2.68155045694482e-13
 2.810514408008169e-13
 3.388472228499362e-13
 1.5700345212289746e-13
 2.462927865126696e-13
 1.2731313128299532e-13
 2.1114211182400588e-13
 1.2488895009300782e-13
 1.3889467375717557e-13
 1.1535608893890187e-13
 1.1078930063938494e-13
 1.7982086631361527e-13
 9.42450666661411e-14
 5.816838167822108e-14
 1.1433985269010405e-13
 8.123867924940756e-14
 1.7328884637998754e-13
 2.442585521865437e-13
 1.9613378575335932e-13
 1.585513404595007e-13
 1.8564423815477932e-13
 2.4229820623847265e-13
 3.072428650472553e-13
 5.795302931120572e-13
 1.774198734975918e-13
 3.2483193110159625e-13
 3.374665455933845e-13
 3.2765240173815435e-13
 2.99088770243372e-13
 4.3857224709537013e-13
 2.0972482919160568e-13
 0.00013771910744253546
 5.571521976416305e-13
 3.016711771879066e-13
 0.00011096159869339317
 3.244032375625955e-13
 2.4927751377835927e-13
 8.733729614084779e-15
 2.2044100214928947e-14
 1.1150681208460869e-13
 1.7722656702650122e-14
 5.696637416343145e-14
 2.5238840829560835e-14
 7.268491364342822e-14
 1.7422368276255422e-14
 1.1252120518971329e-13
 2.841466211628285e-13
 6.344709778177346e-14
 3.005486213635694e-13
 6.100000604462863e-13
 6.513553802225958e-13
 0.0001166334914159961
 3.431090318545965e-13
 4.40516167380528e-13
 3.684494116057424e-13
 7.679245152096559e-13
 2.77544019667772e-13
 3.393658238540903e-13
 3.1080200262392776e-13
 3.25813947219325e-13
 1.9640354880640087e-13
 1.5222771773595184e-13
 2.3824551272783046e-13
 2.372568016616866e-13
 2.369325438969505e-13
 1.4761022265608048e-13
 3.576012099285042e-13
 3.6451088458386294e-13
 3.0852374149382966e-13
 3.1496081242220197e-13
 2.0042150718994206e-13
 1.8142114872020387e-13
 5.778533034017652e-13
 1.4981520527184572e-13
 1.5226371324807836e-13
 2.5815889139954584e-13
 3.4544990566015565e-13
 1.7664819260132525e-13
 4.870616171666342e-13
 0.00014426979760173708
 2.9074046772534223e-13
 2.0317016298510016e-13
 0.00015501774032600224
 2.8222259598753574e-13
 6.21540308370222e-13
 0.00014090639888308942
 1.651375433966984e-13
 1.5833234517318578e-13
 0.00015365991566795856
 2.7506428666897176e-13
 0.00014215934788808227
 0.0001096315827453509
 2.3594751573006133e-14
 5.5631402804713626e-14
 3.780334471023897e-14
 1.2126444867786162e-13
 8.129238113826348e-14
 5.2213479172875596e-14
 9.413761545458421e-14
 1.3230543505389492e-13
 1.18478753825986e-13
 4.007465203865329e-13
 0.00010367386857979
 1.239348115236391e-13
 4.842494135716413e-14
 1.3279800165338224e-13
 1.3038279223637206e-13
 2.5667144733405867e-13
 9.559333983026261e-14
 1.900400138903774e-13
 1.3450505086890635e-13
 1.37352314851652e-13
 1.324144922399198e-13
 8.474662893101156e-14
 5.191610487863263e-13
 2.88597054240447e-13
 1.7399535317316056e-13
 2.240471398901392e-13
 2.4365836496891e-13
 0.00011610591172939166
 0.00013189938908908516
 0.00017136623500846326
 0.00011855846241815016
 0.00014147914771456271
 2.0169025412471175e-13
 2.584877841285693e-13
 1.4972020205648168e-13
 1.6069098634184653e-13
 0.00013102494995109737
 2.195430252524555e-13
 1.1604237536155804e-13
 2.1363470617107722e-13
 1.6817989600785566e-13
 1.7899185822747854e-13
 1.3193729420622746e-13
 8.907752635423094e-05
 1.7094011210867788e-13
 2.2454061450894597e-13
 3.2199966976641237e-13
 2.4636876197990654e-13
 0.0001307573838857934
 2.463800376825004e-13
 2.671619707145939e-13
 2.9876266933494267e-13
 2.996149064526249e-13
 3.0611881844493094e-13
 0.0001034415909089148
 7.273942732866079e-13
 2.0709557116069255e-13
 2.8798792235489035e-13
 2.71782569323184e-13
 2.345566503612201e-13
 2.7177912698128637e-13
 2.670449310900741e-13
 3.0040561509701857e-13
 2.786699907289525e-13
 2.634511261489364e-13
 2.2678880258128475e-13
 3.970963640374803e-13
 3.0995453599580447e-13
 3.392311388392133e-13
 2.5300565136866793e-13
 2.9309939349707326e-13
 2.7756849553181584e-13
 2.9250419360943303e-13
 2.368503613722761e-13
 3.1720042174485097e-13
 3.585721400790193e-13
 3.305473570639622e-13
 3.2497995180319483e-13
 5.169913976088569e-13
 3.5142535040853795e-13
 3.5085836688243666e-13
 3.0896072917944994e-13
 3.2709140842905604e-13
 3.182248301675239e-13
 3.2336384004488794e-13
 3.301717623263589e-13
 4.422644162786066e-13
 3.4577931338521106e-13
 3.763142683750609e-13
 0.00016728411719668657
 0.00011953078501392156
 3.057424918708612e-13
 2.582809183540591e-13
 9.438794950256124e-05
 5.207142226085204e-13
 3.1710631299627923e-13
 1.680104894184048e-13
 2.1451513254524407e-13
 1.9066584248939034e-13
 3.769411811762463e-13
 1.2473808336070646e-13
 2.854357646509681e-13
 4.2660035118151363e-13
 3.9166882085696353e-13
 2.9444936072708927e-13
 3.7047247864949173e-13
 2.937661236230432e-13
 2.801669215634489e-13
 2.2733171681915687e-13
 3.211277001691909e-13
 3.897339807650002e-13
 3.483593079799119e-13
 3.2995120849942106e-13
 3.3374331401790636e-13
 1.9893953834542594e-13
 1.3296874994302155e-13
 2.42912867555109e-13
 2.561022411935038e-13
 1.668914843561825e-13
 1.8712860579660207e-13
 2.592172624552719e-13
 1.9263455034671667e-13
 1.9946118866819018e-13
 1.8209399103592122e-13
 2.1848844890433317e-13
 0.00012087436334695667
 1.069055529322703e-13
 0.00012729242735076696
 0.00025328059564344585
 8.730812987778336e-05
 1.3307496109834366e-13
 2.720799659790968e-13
 0.00012882229930255562
 1.043636544914052e-13
 1.0106628397675219e-13
 1.4341708430651995e-13
 2.3219769748443475e-13
 2.0085444266994268e-13
 0.00019843137124553323
 3.160180450656469e-13
 1.5274988305474801e-13
 1.3598109725905527e-13
 1.878504133929343e-13
 2.35410161416455e-13
 2.2972503890481e-13
 2.949894560393129e-13
 1.1907337095495851e-13
 9.75215866177645e-14
 1.2341760642978206e-13
 1.3214634193760982e-13
 1.5036065383229602e-13
 2.502327229973733e-13
 2.410448685270794e-13
 3.0585801361233955e-13
 5.970243288459798e-13
 3.0463129306428083e-13
 2.962727719407754e-13
 2.7489721111419174e-13
 3.6545199917463467e-13
 5.422917974048924e-13
 3.12688988742503e-14
 1.654495225718311e-14
 0.00015634500596206635
 3.7537071432940106e-14
 1.021584753639962e-14
 1.1165408062095011e-13
 1.1787011491360463e-14
 1.7987836968633847e-13
 9.436363772622955e-14
 8.742642941788736e-15
 1.282681101090477e-13
 3.081265982380482e-13
 0.00011201146844541654
 3.937372888666857e-13
 2.8655853731573977e-13
 9.578453481762228e-13
 8.736981407450606e-13
 5.422400674087377e-14
 1.8888634146368988e-13
 2.0219409913729836e-12
 2.7072658351223744e-13
 1.6484919982892587e-13
 1.8575695452313634e-13
 2.8466660452475256e-13
 1.6067167399064913e-13
 2.370605068583581e-13
 3.0743167885559364e-13
 2.206178219710947e-13
 2.1981598670190589e-13
 2.0452278651043876e-13
 1.80057994881265e-13
 2.7857368647098146e-13
 2.8915945701236956e-13
 3.026098252187359e-13
 2.1343284127908757e-13
 2.73419009872225e-13
 2.782879178833686e-13
 6.879370120435602e-13
 1.5184033229972277e-13
 2.3677099777325017e-13
 1.5676243397995393e-13
 2.392697585201775e-13
 1.9479514843604578e-13
 2.7875610348650215e-13
 1.8881483833041446e-13
 1.9973492261168846e-13
 9.132420568467442e-14
 2.3736270110888413e-13
 1.6991415869790916e-13
 1.8428513652146011e-13
 1.0963783727462387e-13
 8.482200131079004e-14
 1.306133478283511e-13
 1.3241633030141534e-14
 3.2207333029260444e-15
 4.287770140977204e-15
 2.799380786720892e-15
 8.467337752173301e-14
 2.789864583316727e-15
 3.2952190509669826e-14
 1.2745461966650468e-13
 1.0911334769742043e-13
 9.525875066174194e-05
 1.9049865851439307e-13
 2.039785576774325e-13
 1.0429196839901317e-13
 1.7147961110970666e-13
 2.651782602097058e-13
 1.9219281927659176e-13
 1.2358808366887825e-13
 1.359581392780529e-13
 1.3030012182072004e-13
 1.8005322439170607e-13
 1.3135865550677195e-13
 1.872875633876156e-13
 0.00013326782209333032
 1.1351311465226596e-13
 1.5281479965982558e-13
 1.0526399630422789e-13
 1.0503770975830301e-13
 8.529890692443587e-06
 1.2706650239380918e-13
 1.5555047213396817e-13
 3.3211448998912707e-13
 1.5426397138862402e-13
 3.264542228122863e-13
 2.285725591005122e-13
 2.6247331131462603e-13
 2.0327308087632334e-13
 3.1658562490294306e-13
 0.00014154125528875738
 1.9351111425064405e-13
 1.5096414786655576e-13
 2.5295743147704663e-13
 2.2682120667371491e-13
 1.580985911847979e-13
 2.898730517772452e-13
 2.903868551867861e-13
 2.8751228286182096e-13
 3.441619547944058e-13
 2.6788562145461936e-13
 1.8617980692293284e-13
 2.9727649920700816e-13
 3.50519472388372e-13
 3.2370333085014746e-13
 3.759742354687151e-13
 1.8674788820373378e-13
 1.7126503394724463e-13
 1.3264287942755387e-13
 2.7285124029954866e-13
 2.6281228712385363e-13
 1.8451051504806554e-13
 2.093110976425852e-13
 1.1781896259391994e-13
 3.912426480880138e-13
 0.00012433898518793285
 1.8196917226081383e-13
 1.5571253325370044e-13
 6.633426989123559e-13
 3.451422361886586e-13
 5.38565502958277e-13
 2.238691681035257e-13
 2.420126815963486e-13
 5.388311867006446e-13
 2.7962411574579404e-13
 0.00016159104416146874
 2.655967622482852e-13
 1.727425440103264e-13
 1.5300437240968467e-13
 3.4145901167334514e-13
 3.41570847127437e-13
 1.0161093293810028e-13
 2.7469048086495307e-13
 3.8571974932642694e-13
 3.6458550479838425e-13
 3.775655732073807e-13
 9.549554479430442e-14
 1.331737861263657e-13
 1.2873041391539553e-13
 6.052466470715667e-13
 1.9216030676394436e-13
 1.2005228354396852e-13
 7.144740811781958e-05
 1.4968111656816357e-13
 1.099584155282371e-13
 1.1269460977467519e-13
 1.8290318532735578e-13
 1.1457610034348864e-13
 2.8081367526439083e-13
 1.7729542064071763e-13
 1.2245116216575563e-13
 1.0669375403787526e-13
 1.1287192426372161e-13
 1.4561146884604914e-13
 1.3756010219800885e-13
 1.153874223816867e-13
 1.559942902932751e-13
 1.9605692259559368e-14
 2.883388785981239e-13
 1.0983179426701795e-13
 1.614431651515355e-13
 1.768197032206171e-14
 1.3803401374386584e-14
 1.1624239710985446e-13
 1.2173350164273317e-13
 2.5350015597953857e-13
 8.677817985676059e-14
 3.7546998659081926e-14
 1.3274807414333928e-13
 6.927715610102313e-15
 0.00010281011782353744
 1.0995828508516322e-14
 8.382590411734614e-15
 3.014945064439001e-13
 0.00012660084757953882
 2.1101095046618945e-13
 0.00012778915697708726
 0.00023282882466446608
 7.673058280488476e-05
 9.825018403020191e-13
 7.935792382340878e-05
 0.00016035186126828194
 1.8351566468712e-13
 1.5318626087664627e-13
 1.628660043200697e-13
 1.2602896157232202e-13
 1.3778924832716366e-13
 1.2740160218027013e-13
 0.00012542815238703042
 0.0003811378264799714
 2.0674453360229605e-13
 0.00011251947580603883
 0.00014139378617983311
 3.466892300584695e-13
 0.00013200198009144515
 0.00011727774108294398
 4.2293444679590564e-13
 4.4716078170976836e-13
 4.9064339691540226e-05
 1.5327665962090904e-14
 3.5545148096595425e-14
 2.5720589124245824e-14
 1.3641672969195995e-13
 1.6175479196096215e-13
 5.031068064324101e-14
 6.408215429652697e-13
 2.298123171796951e-13
 9.328791943574374e-14
 0.00017222107271663845
 3.1985937336276304e-13
 5.498734605667577e-14
 1.9542409411630463e-13
 2.0258178001861943e-13
 6.109274327745218e-13
 0.00010676303645595908
 2.2616031768694922e-13
 1.8036363147368867e-13
 2.44947020566072e-13
 2.0153070022250336e-13
 1.731061041038151e-13
 1.6204496511990074e-13
 1.821297832601404e-13
 1.8598299712357241e-13
 2.403262051170474e-13
 1.0487441874673133e-14
 1.541000095269581e-14
 1.7086278138872535e-13
 2.1709419201557112e-13
 5.724529465907235e-13
 1.0209269817344421e-13
 9.668576967669651e-05
 2.332183654096126e-13
 2.9849625375610866e-13
 1.077146116984333e-13
 2.1084134058883125e-13
 5.24543516261522e-13
 2.812463532463755e-13
 1.434271538341969e-13
 3.355419512119512e-13
 1.9153519644887068e-13
 2.5174572712907684e-13
 3.357994221228622e-13
 2.675601168573849e-13
 3.0902770576865524e-13
 3.6705778390724864e-13
 1.8587670465308737e-13
 2.4983820893186015e-13
 2.7050331917986836e-13
 2.0378157169521904e-13
 1.4320483817872875e-13
 0.00014225702034309506
 2.965061464584029e-13
 2.1283827836022368e-13
 1.8154729564297256e-13
 1.8902070121791514e-13
 0.00014948565512895584
 1.0329423948129968e-12
 9.499579535542438e-15
 1.0679371917224432e-14
 4.0294468608113865e-14
 7.231075547370347e-14
 2.0193596144205128e-13
 1.4037774035639133e-13
 9.105016680931513e-14
 1.4844699634027764e-13
 1.2165781077856652e-13
 1.3124046391744387e-13
 1.3123956945065157e-13
 1.449317147414822e-13
 1.6368078225269256e-13
 1.1349334829140884e-13
 1.8225819345494415e-13
 6.567467246030786e-14
 1.322061627924767e-13
 2.4003848496552405e-13
 1.955710712733122e-13
 1.8943753629565435e-13
 1.2025783472334461e-13
 1.49415432825796e-13
 1.753818986739708e-13
 0.00013351993402466178
 2.3238575235125236e-13
 5.434952076062427e-13
 2.0147548722686953e-13
 1.890979641752319e-13
 1.0530614466368327e-13
 1.162148041645647e-13
 1.4649554085002098e-13
 1.5098623848582016e-13
 1.3908866463088754e-13
 1.4311136639893335e-13
 1.8352773998881605e-13
 6.936380181170321e-13
 2.0362334594067194e-13
 2.3121871713278896e-13
 1.8272754457541313e-13
 1.5799290857803489e-13
 1.6732829585894976e-13
 3.0660294182000003e-13
 1.7485127657822924e-13
 4.0804965201028665e-13
 3.191481909477212e-13
 1.511193107499656e-13
 2.863987530205697e-13
 0.00016376016719732434
 4.592419652026114e-13
 0.00011182072194060311
 3.6731549876364844e-13
 1.6742167277105507e-13
 1.275750203177592e-13
 1.7802583409179396e-13
 1.1919054610474988e-13
 1.1405581882596716e-13
 9.839633448305296e-14
 2.4941908347703157e-13
 2.0653278891800964e-13
 2.0922372450001003e-13
 3.74056173405371e-13
 1.1425800897860855e-13
 1.344285875106918e-13
 1.82843635523032e-13
 2.9804668932528755e-13
 0.00014024775009602308
 3.274875216927736e-13
 2.8902507015309e-13
 3.156622641227458e-13
 2.6135942910766874e-13
 4.1502283380789873e-13
 1.9140610862770913e-13
 8.526512101525441e-05
 0.00011440749949542806
 1.6134658984302136e-13
 0.00014169867790769786
 6.295555981909728e-13
 1.5775393686669192e-13
 7.411188633274501e-14
 6.167260441485717e-14
 1.3011079301634976e-13
 1.68254997337091e-14
 1.7349872081552642e-13
 4.0188321827295745e-14
 3.2204295653814885e-13
 2.808941772756979e-13
 0.00011986174649791792
 0.00011716692097252235
 0.00010380917956354097
 0.00012423437146935612
 1.9683640297123856e-13
 1.992933948294709e-13
 1.897300946993724e-13
 0.00012525447527877986
 4.565624137434221e-13
 3.367816550810254e-13
 0.00012822012649849057
 0.00014214817201718688
 1.488236481749991e-13
 1.9174343102862368e-13
 1.7973312725280688e-13
 1.4383473253588852e-13
 0.0002699395117815584
 1.1538059190800004e-13
 1.656568626847918e-13
 2.028406739448818e-13
 1.8244252137679384e-13
 1.1874537269272734e-13
 2.5054860191219518e-14
 1.2220885653273228e-13
 2.975523405684792e-14
 5.799500419831349e-14
 3.0662474105993057e-14
 1.0209610663402396e-13
 1.1497087190701777e-13
 6.989795840652707e-14
 1.0501058437520014e-13
 2.5959259291859563e-14
 3.3185727657623204e-14
 1.2205808466812101e-13
 1.188456427589574e-14
 1.1934316111305437e-13
 9.968500363274208e-15
 1.2309358922240297e-14
 4.103716657802422e-15
 1.548224100463534e-14
 6.270483264569915e-15
 0.00013191478501539677
 2.0407063354693084e-13
 0.00011681781325023621
 3.99908811577962e-13
 0.00012232289009261876
 2.2175913449301587e-13
 5.487376740877844e-15
 8.460276885524989e-14
 6.056873752546821e-14
 8.266500141742086e-14
 1.9120554477832646e-13
 1.71595132851185e-13
 1.9335253613039088e-13
 1.6786553158794348e-13
 3.44033802097618e-13
 9.538744306144403e-14
 1.10204502316337e-13
 9.802539503852778e-14
 8.316555723166669e-14
 7.244205235679146e-14
 8.536541021590335e-14
 1.477928429595085e-13
 1.4499145428118615e-13
 7.53844008700641e-14
 2.0226963821316085e-13
 1.81325725376498e-13
 2.153430022190997e-13
 3.063934197501672e-13
 1.3890571906680776e-13
 1.2579160261171063e-13
 1.562565723513265e-13
 1.7511515783448506e-13
 3.280641275131557e-13
 1.6840966555325965e-13
 2.4080675062494727e-13
 1.3817567153396465e-13
 1.339984574038125e-13
 1.5229015422855985e-13
 1.128701082250827e-13
 1.7713140795707488e-13
 1.4783500487149104e-13
 1.4742723643441924e-13
 1.1112739553434739e-13
 2.5153558164299483e-13
 1.3652219545828848e-13
 0.00011765561066567898
 2.485884490876361e-13
 2.5735812678000236e-13
 0.00012110797979403287
 0.000125962367746979
 0.00012906725169159472
 0.00011004352563759312
 2.8267684959275285e-13
 1.7662104688943164e-13
 4.1687104614628046e-13
 2.6337420200479855e-13
 2.1677088292773594e-13
 3.22242693683375e-13
 3.8050035072956234e-05
 3.0010450504866504e-13
 0.00011050264583900571
 1.455238653105123e-13
 3.0167334559225156e-13
 1.2489220269952528e-13
 4.606728952298578e-13
 2.2957216639848954e-13
 2.759259834506089e-13
 4.654009924838498e-13
 5.584201790043153e-05
 3.245912653243588e-13
 4.550291350310931e-13
 0.00018005567835643888
 2.069837899167093e-13
 3.1166448545214e-13
 2.0637872378929945e-13
 2.3160900280982943e-13
 2.1761775324466437e-13
 1.98576913376311e-13
 1.9177508973206026e-13
 2.3484155158709497e-13
 1.717167396773564e-13
 3.07118317322691e-13
 1.1165633034045802e-13
 2.1944574521252924e-13
 3.313037507095967e-13
 2.686742159047767e-13
 0.00011107942555099726
 2.560506602751478e-13
 3.545911394370327e-13
 2.406317332892538e-13
 6.500152521272951e-13
 4.312041988665388e-13
 3.375605188166847e-13
 3.0835127203324153e-13
 8.7620194303209e-13
 0.0001487896661274135
 0.0001310678053414449
 2.464386117048689e-13
 3.101635701746597e-13
 1.3684630414522586e-13
 2.517583580843863e-13
 2.356432919885937e-13
 3.2936809746600404e-13
 5.472269230637206e-13
 2.4741520681173523e-13
 2.437163426800837e-13
 2.9360070147657624e-13
 2.622394489060209e-13
 3.5212547396142047e-13
 0.00014023859694134444
 0.00010867581295315176
 1.5253290709497935e-13
 4.690801783460707e-13
 4.627384629987685e-13
 9.704584226710722e-05
 1.7193462365644452e-13
 2.7204239837382016e-13
 6.362213544625767e-14
 6.603516290639572e-14
 1.8560729396575187e-13
 2.953182945582278e-13
 4.725443330361699e-14
 1.5542473178701416e-13
 5.74952412069063e-14
 7.504315501253786e-14
 0.0001328474609181285
 3.3167159340166674e-13
 2.0347868626580806e-13
 8.962612553162219e-13
 1.5064102851410077e-13
 1.4262848985636262e-13
 2.1759628604164916e-13
 1.996463432941964e-13
 1.5201436030093385e-13
 3.501785179101796e-13
 1.1696856861993093e-13
 1.6583795155265119e-13
 7.331290387052256e-14
 2.0233913557241717e-13
 0.00012360638356767595
 2.1274404763890753e-13
 1.573563870350958e-13
 2.0387562623368216e-13
 4.185331009716464e-13
 1.802072488628348e-13
 0.00011341339268255979
 1.1889876019507972e-13
 1.4119090553828262e-14
 1.481637485227158e-14
 6.651568130924129e-14
 7.86705736091544e-15
 7.679575291658081e-13
 1.0591514102396837e-13
 3.932631672566578e-15
 2.9648354084310657e-13
 2.0138469884745103e-13
 4.073885597356136e-13
 2.1661811884163273e-13
 2.1074133649094662e-13
 1.7723485439685716e-13
 5.157921615858707e-13
 7.811296504371332e-14
 2.3643186610996028e-14
 4.1332036534655336e-14
 2.6140483007364157e-13
 2.2156037312974497e-14
 4.493658524169601e-14
 3.0930241549410875e-14
 2.0481604964556893e-13
 4.425266576790765e-13
 1.9618689810728396e-13
 3.467975418555008e-13
 2.58103678403912e-13
 2.1068596086498692e-13
 2.1202790499892654e-13
 3.153380876731726e-13
 3.0833229849522303e-13
 3.030566249340172e-13
 4.795583418218397e-13
 3.786640326384344e-13
 1.00325028503951e-13
 7.946758756680744e-14
 7.605796146972071e-14
 1.18938035418778e-13
 1.3183920101467184e-13
 3.437860890062594e-13
 1.6162039154915542e-13
 2.8100894007565547e-13
 2.742253852380111e-13
 2.0823765617666162e-13
 3.3215059392147084e-13
 2.463564020751402e-13
 0.00011877858196385205
 1.896973382412362e-13
 1.611052735444804e-13
 4.233734131504907e-13
 2.8420454466389355e-13
 2.1494404292467933e-13
 2.657398769350533e-13
 2.5636995781494476e-13
 2.053129530537462e-13
 1.8064080775908459e-13
 2.5632591210168754e-13
 2.4705386933270013e-13
 3.725775926926439e-13
 2.9839084219988876e-13
 2.1503568511330867e-13
 3.0555516884051004e-13
 3.601796595351092e-13
 4.864975609863986e-13
 0.00012583681382238865
 0.00011446739517850801
 0.00012197138130431995
 0.00012195039744256064
 2.233897067977983e-13
 1.9181844426643252e-13
 1.7392066519600347e-13
 0.0002331004070583731
 2.391268064637353e-13
 8.95644843694754e-05
 2.7261409817937177e-13
 0.00010850746184587479
 0.00013919471530243754
 0.000224081173655577
 0.00011763758811866865
 0.00011011494643753394
 2.569134141539031e-13
 2.363945627789632e-13
 1.0589550341211923e-13
 1.8106253529912714e-13
 1.141109369539109e-13
 7.431293129684172e-14
 1.3746524806044352e-13
 1.8688083849513482e-13
 2.433367634994965e-13
 2.014101911510316e-13
 2.2558468764852235e-13
 2.4109498577250255e-13
 2.6920669469673864e-13
 2.612346916477243e-13
 1.9010273498605568e-13
 1.8333443690585725e-14
 7.391766506607139e-14
 2.56124382634745e-14
 5.2564570941380714e-14
 2.9914703255761593e-14
 5.2638340734822986e-14
 7.270036352438614e-14
 8.616690667191326e-14
 0.00014499094686470926
 0.0001593733177287504
 0.00013530590513255447
 0.00017939666577149183
 2.657546491896534e-13
 4.518720379564911e-05
 0.00024875873350538313
 0.00013045915693510324
 0.00015385140432044864
 0.00019122833327855915
 1.3565719186002523e-13
 4.582765712594396e-14
 1.3754573651922342e-13
 2.4217974698673324e-14
 7.853267325720961e-14
 1.1933733352637726e-13
 8.991557634086336e-14
 1.876696633382538e-13
 2.330765517654515e-13
 1.6179986766628324e-13
 1.3553863435246394e-13
 2.600446984482585e-13
 1.4900743399576255e-13
 4.676744356905439e-14
 1.1059140663785202e-13
 1.808286762786538e-14
 6.030036021832837e-15
 4.9101496218289294e-15
 2.0384781305982612e-14
 1.0884022700577596e-14
 9.56328911867017e-15
 6.066868741324422e-14
 8.64608609859284e-14
 1.3596892708966912e-13
 1.4897057553753257e-05
 7.832363189663738e-05
 6.254668551264331e-05
 4.013727811980061e-05
 6.489108636742458e-05
 3.205591987600481e-13
 3.67552871276787e-14
 5.473919736687094e-05
 1.8052010895223264e-13
 9.639077730438927e-14
 1.4394014409210842e-13
 8.662239186303568e-15
 2.2023844269028307e-14
 1.2391482154608391e-14
 6.9612627734947936e-15
 1.4544268567284746e-13
 1.2959653856176446e-15
 8.755858180425208e-14
 8.833178058356012e-14
 2.8477220581635265e-14
 1.983017970750428e-14
 1.485124042244646e-14
 4.9282369092747136e-14
 6.258342233117151e-14
 1.577122086355784e-13
 1.2753689705886917e-13
 1.578701226820009e-13
 0.00012474646791815758
 0.00011682632612064481
 0.00013958827184978873
 2.0332372514531016e-05
 1.6006933192119766e-13
 1.9375630657195164e-13
 5.436580005624414e-14
 2.772128772192406e-13
 2.3467503507406014e-14
 1.1184368047586352e-13
 1.6001932309599176e-13
 9.042049606885344e-14
 1.9772348363623904e-13
 0.00011479745444376022
 6.809079059166834e-05
 1.0967147329177251e-12
 2.6061219697039173e-13
 0.00030212788260541856
 0.00011745829397113994
 0.00013099641364533454
 1.0493104501683764e-15
 4.907698308479575e-16
 2.9785807711079065e-16
 1.0809053084965539e-15
 1.8939029896225187e-15
 4.6731608146154905e-15
 2.435218639153941e-13
 9.113953894964583e-14
 6.416240016507077e-14
 4.675290170741593e-14
 1.1725036631708707e-13
 1.5145300107360232e-13
 0.00012815209629479796
 0.00013577663048636168
 1.8334835873937833e-13
 3.6452717472150453e-13
 1.1044516131731089e-13
 1.1708690928705773e-13
 1.468690620509694e-13
 2.2308214574651847e-13
 3.751986243395733e-13
 2.527121036304675e-13
 2.1925525089082354e-13
 2.1114671968323895e-13
 2.1517200998397157e-13
 1.7311899255714053e-13
 2.436395540612174e-13
 1.543261368306889e-13
 9.35291747479125e-14
 1.430035967029883e-13
 1.5586334577589317e-13
 8.383806073420513e-14
 1.9353160567170402e-13
 1.7353950036973903e-13
 1.6151109041764172e-13
 2.5383357525263217e-13
 1.9446025193749217e-13
 6.858186571813765e-14
 1.7908195542801209e-13
 1.6686383720078413e-13
 3.2528856995159283e-13
 1.2580287831430448e-13
 1.3678024912786718e-13
 1.0226325672770334e-13
 1.84273142534927e-13
 1.8685121267077165e-13
 2.0097289175728672e-13
 2.2437483999677293e-13
 2.7533493063627845e-13
 3.103563955310362e-13
 2.450254083831427e-13
 0.0001244952145498246
 0.00012283262913115323
 8.859424560072812e-14
 9.817344107432291e-05
 2.448256170278079e-13
 0.00015962449833750725
 0.0001172109114122577
 0.00012989358219783753
 0.00012071650417055935
 0.0001221710699610412
 3.0207344245192008e-15
 1.8374039862165256e-15
 5.482490207805134e-15
 1.8490649617464334e-14
 5.703130008587144e-15
 1.657805701526724e-13
 2.4308736989477053e-13
 3.3665865234455694e-13
 0.00026174166123382747
 3.73341765488866e-13
 1.0809210378983844e-13
 2.1959799430260052e-13
 2.178989952882071e-13
 2.2731484392284756e-13
 8.058065831620127e-16
 4.458542571055511e-15
 1.9995887727590955e-15
 6.180308560521696e-15
 4.023428945831029e-15
 1.0384407770529583e-13
 9.087389586485972e-15
 9.652909439654411e-15
 2.8938253838562203e-15
 1.7533829341784615e-14
 2.0962325638870273e-14
 6.846884441791962e-14
 8.440581675435432e-15
 8.771626715177883e-15
 6.192806531658433e-15
 3.767468921469369e-13
 1.300674384819775e-13
 2.3796435199945065e-13
 2.1190980827728856e-13
 1.4481630142022112e-13
 2.5104855802711434e-13
 1.9121138591753073e-13
 1.4601167497296785e-13
 1.8113848366130975e-13
 1.704190852021628e-13
 2.2228238401398454e-13
 1.1412866365943103e-13
 1.1864151967713038e-13
 1.8703933530022504e-13
 2.005658416041542e-13
 1.759208691264405e-13
 1.8142854840003109e-13
 3.384464475168769e-13
 1.0728795103850594e-13
 1.0794159619950672e-13
 1.7122429505061348e-13
 1.468758789721289e-13
 2.0081915188922828e-13
 1.5972233301589367e-13
 1.714273119074114e-13
 1.4811670770095708e-13
 1.7825949321249174e-13
 1.7105463096314666e-13
 1.6504249952375288e-13
 1.5082615603505267e-13
 1.6702797185717128e-13
 1.6269754640751977e-13
 1.9263053879867847e-13
 1.449998026379143e-13
 1.3156331221935574e-13
 1.685591770328454e-13
 1.453792462932299e-13
 1.4594254353194475e-13
 1.5749383676551265e-13
 1.059153172068214e-13
 1.7941735337007048e-13
 6.151276319907306e-13
 3.1424995526781185e-13
 2.342282184181199e-13
 2.6840031933095254e-13
 1.8416975030525334e-13
 2.0324566411388661e-13
 0.00016598307411186397
 0.00014427445421461016
 7.134184124879539e-05
 0.00022513513977173716
 0.00036908339825458825
 0.00032510096207261086
 3.444285539444536e-05
 4.001296635604973e-13
 0.00014024024130776525
 8.270892431028187e-05
 0.00014217529678717256
 3.927199277581339e-13
 2.728966683705758e-13
 0.00017541508714202791
 2.0262265444052213e-13
 1.5049178808505814e-13
 1.6269480879703424e-13
 1.6512561717280105e-13
 1.3543833209898187e-13
 2.238834795722025e-13
 2.0039674672282792e-13
 2.150062490243257e-13
 2.555649648069286e-13
 0.0001340307353530079
 0.00011255789286224172
 0.0001818587479647249
 3.0100805203416015e-13
 0.0001340607850579545
 0.00010951894364552572
 0.00011932777852052823
 9.973542910302058e-05
 6.160258934906349e-13
 0.00012673593300860375
 6.549561240576374e-13
 5.116183084824533e-13
 4.2474395311672963e-13
 3.5625411583424527e-13
 0.00013995425251778215
 9.796527602806346e-14
 1.7016307796418467e-13
 0.00014193476818036288
 1.4047923523226313e-13
 1.761846013048976e-13
 9.354529547896465e-14
 1.6667453550146816e-13
 3.6936577928192715e-13
 8.271520675427052e-14
 0.00016408678493462503
 2.1527472458728741e-13
 2.120451302609419e-13
 2.1480844989048287e-13
 2.428329618549968e-13
 2.071126744499635e-13
 2.499700208109801e-13
 2.1497421085012874e-13
 2.2794803154410626e-13
 1.1076575312345127e-13
 1.5446708311311202e-13
 1.525129984325871e-13
 1.4003895428254393e-13
 3.233476854325179e-13
 1.8707157676232933e-13
 1.8979106751904756e-13
 2.025856153838046e-13
 1.9525997301244463e-13
 1.8129764454023062e-13
 1.9289914988691176e-13
 3.856276734569286e-13
 1.4745230860965797e-13
 1.7336128463763673e-13
 7.812014519004151e-05
 1.442678035411607e-13
 1.5067695456952562e-15
 5.558571130643989e-16
 1.878932741070983e-15
 2.3703729984966924e-15
 3.7505019706216e-14
 5.833884367072422e-15
 4.001527638430348e-14
 9.274058707401875e-15
 1.0720564823515303e-14
 4.3125571202225904e-14
 8.626714793902313e-14
 2.52529811975823e-14
 2.5196419725496445e-14
 2.8217657499344552e-15
 3.0564675681903075e-13
 1.7709630691174066e-13
 1.9480055589438106e-13
 1.5502649077653308e-13
 1.1928572550296695e-13
 1.5573729372081457e-13
 1.249631772842416e-13
 1.7118450483088327e-13
 1.168809650843941e-13
 0.002043374115601182
 0.00017499105888418853
 1.294300224722461e-13
 1.275074880749405e-13
 7.300875805608606e-14
 1.5543070845148999e-13
 1.5833695303241885e-13
 1.5093290929146103e-13
 1.0681960280504652e-13
 1.1064933691518064e-13
 1.358208250729076e-13
 5.811126861827998e-13
 2.8162146009300115e-13
 3.814498901206359e-13
 2.1582791164074383e-13
 1.9411412039392617e-13
 5.62427058051207e-13
 4.514078726699372e-13
 2.9706120376060685e-13
 2.8156944549377616e-13
 2.5005838328803764e-13
 5.648845106953626e-13
 3.1558758969811584e-13
 0.0001906889956444502
 3.6198946401153065e-13
 3.2810099038702023e-13
 4.19713092406071e-13
 3.5052248104940065e-13
 3.392474289768549e-13
 1.3649813972258645e-13
 1.7029114934580952e-13
 1.3727476729126498e-13
 1.648355253290254e-13
 2.392139221082945e-13
 1.2794115539140755e-13
 1.7027012937619046e-13
 0.00024115396081469953
 5.742290522903204e-05
 4.725778416595633e-14
 3.174981707664698e-14
 5.6050680725472715e-14
 1.8334782002642387e-14
 4.538171867376345e-13
 2.249589234240134e-14
 2.6873899020831912e-14
 3.135838778689504e-05
 5.6237190604194534e-14
 2.886517540900968e-05
 5.091670561194715e-14
 6.735540944435847e-14
 7.114546175497963e-14
 9.486489149562391e-14
 1.1947165262302106e-13
 1.796631555551001e-13
 8.25657765898477e-14
 1.1189976083323533e-13
 1.2781979251072495e-13
 7.302625454030931e-05
 3.3802331051401013e-13
 2.0903297268028836e-13
 1.982963354065989e-13
 2.1780344997175682e-13
 2.11172428827254e-13
 2.4685714084850263e-13
 0.00012307820725254714
 0.00019992208399344236
 8.817416469273504e-14
 8.214511292318691e-14
 5.132173474446753e-15
 1.2645291172681816e-13
 7.997136210625283e-14
 1.162370167565735e-13
 0.00010413273412268609
 0.00010891269630519673
 2.4004208993774756e-13
 3.2420797275133084e-13
 6.865453436874849e-14
 9.928909365693184e-14
 1.8641558701413055e-14
 1.9681249292520346e-14
 4.990299690946394e-14
 1.629356981909698e-14
 1.914444622795608e-13
 8.23213279634678e-15
 1.4170298777687468e-13
 1.858329842004819e-13
 9.086087188626274e-14
 1.3101936798941977e-13
 2.176545483558931e-13
 0.00016216441872529685
 1.6380131842921863e-13
 5.670639264686479e-14
 1.1110464084125235e-13
 8.127951978999237e-14
 0.00017605515313334763
 4.138844087719917e-05
 0.00015950287343002856
 0.00017464823031332344
 6.393393414327875e-05
 0.0002207831130363047
 2.6556737793725915e-05
 1.0212878177699725e-13
 1.241518416935164e-13
 2.0723319707396243e-13
 8.80707385817435e-14
 6.67473888660286e-14
 3.178047289307401e-13
 4.623884283273816e-13
 2.8622669691205985e-14
 6.716961107331235e-14
 1.9055831673893409e-13
 5.011976280506168e-14
 4.296654923670838e-14
 6.851977481497212e-14
 2.6590551592195477e-13
 2.7181997429813476e-13
 1.779947581470251e-13
 3.3536050997838573e-13
 1.813086627448085e-13
 1.9998746040271465e-13
 0.0001521160447737202
 1.124090309224425e-13
 1.3760560616318807e-12
 0.00025954924058169127
 6.326486372536938e-14
 2.548085338918444e-14
 5.809496086235308e-14
 7.38580000652668e-14
 1.1342618196682336e-13
 5.86282799109987e-14
 1.0403422982569084e-14
 3.350838622415489e-14
 7.600994147787497e-15
 8.350746716302357e-14
 8.889721742749972e-15
 2.845231103672241e-14
 2.9161541887853804e-14
 1.5516526865461122e-13
 1.4616145750309673e-13
 1.455635742150796e-13
 4.916207686170987e-14
 1.2301845739998152e-13
 1.2026934081890012e-13
 1.8217027821128273e-13
 1.6113862631381148e-13
 1.3703837056008167e-13
 1.4914440938772894e-13
 3.0209916599549524e-13
 1.4868009980736202e-13
 1.1806761080965233e-13
 1.2343765061744588e-13
 1.5051307910522033e-13
 0.00017310804105363786
 1.4176650847165517e-13
 0.0002885436697397381
 2.646365385942234e-13
 4.1437242092462467e-13
 1.409284744024325e-13
 1.637690905196415e-13
 2.015154129718713e-13
 2.545690437963377e-13
 1.4386224416601534e-13
 3.217336065532844e-13
 1.196488383630595e-13
 3.0142861405686727e-13
 2.494651349643079e-13
 5.189363478860787e-13
 3.0417061556119174e-13
 3.139776036820835e-13
 3.825970573342885e-13
 2.523468359185571e-13
 2.967380030929889e-13
 1.383725084383794e-13
 1.674038376453177e-13
 1.477929378271986e-13
 1.9860602420464224e-13
 1.6811782543348086e-13
 1.1168658635733394e-13
 1.4717404812208956e-13
 2.0583246207721978e-13
 1.3882365851487777e-13
 2.223806804934475e-13
 4.5050961794629654e-14
 0.00012810264888685197
 1.192767672825168e-13
 3.5053065152920986e-15
 4.2883495115131256e-15
 1.3650211061304318e-13
 1.6223850876021656e-13
 2.941893487173365e-14
 5.768026030764095e-14
 1.776201527439042e-13
 1.2079509755739265e-13
 1.8532202682164378e-13
 8.481156586487987e-14
 1.6060155321514363e-13
 2.2664473921761574e-13
 1.7886207922743202e-13
 2.0351823254004947e-13
 0.00013345126353669912
 0.0001418640313204378
 1.9639182587041087e-13
 1.677312667014083e-13
 3.6957188611491665e-13
 2.365163186829333e-13
 2.4016582451068247e-13
 1.0331969654830964e-12
 7.269564957823604e-05
 2.7066792817470597e-13
 7.982396346051246e-05
 1.0852284376043977e-13
 1.5287673470892882e-13
 0.00022138225904200226
 4.930889816465514e-14
 0.00014715790166519582
 2.4317757551552133e-13
 2.9075995625939266e-13
 1.7350666259643988e-13
 1.2781998224610513e-13
 2.8480055770316315e-13
 2.0491219127321408e-13
 1.8296750562123848e-13
 1.8955898049149988e-13
 2.428512035565489e-13
 2.9770519274600893e-13
 2.748057586609426e-13
 2.4738934858992145e-13
 2.362637266817985e-13
 2.340334686028872e-13
 1.9563052620994587e-13
 5.477124830066682e-13
 1.840759803698605e-13
 0.0001703884481685236
 0.00014165192260406911
 1.919862110000975e-13
 1.8291685982725625e-13
 1.8220890291367753e-13
 2.0296881308914244e-13
 2.030371855886448e-13
 1.6021864011287607e-13
 0.00015557876031380147
 0.00014035924687050283
 0.00010127823770744726
 2.0151781176917793e-13
 1.936207948529181e-13
 2.2656400681334704e-13
 2.326326251859273e-13
 3.3806535045324826e-13
 2.4408941664763595e-13
 1.8944265915091935e-13
 4.690054226062779e-13
 4.83608704297811e-13
 2.4246864281998737e-13
 1.318988456866857e-13
 1.659545303912477e-13
 1.284817114895545e-13
 1.9037934206531104e-13
 0.00014715504948981106
 0.00018641439964994788
 0.00014657812425866723
 3.4147999098538273e-13
 4.3413550207017926e-13
 3.663319376578239e-13
 3.486441007855695e-13
 5.41638836646513e-13
 2.489262593795283e-13
 9.914473776007071e-05
 5.164012691238895e-05
 4.160119715379551e-05
 3.8785104685204463e-13
 2.0256000110747963e-13
 3.007808845739701e-13
 2.2126995602531757e-13
 2.307145631225832e-13
 2.287591773994513e-13
 2.531290335758968e-13
 3.1834281846894463e-13
 2.923203129209795e-13
 1.0426348098693111e-13
 5.716534016986241e-13
 0.00017158973787445575
 8.561916095811001e-14
 2.8289163004312223e-13
 3.3263010943730686e-14
 3.0686247271503875e-13
 3.7814868424079773e-13
 2.625382279197036e-13
 1.0350492571321521e-13
 3.4439139907915806e-13
 1.8703005181912313e-13
 4.040503825616937e-13
 3.31664844243143e-13
 3.031922044156865e-13
 1.6913574219564603e-13
 1.0495697735403431e-13
 8.013572715560163e-14
 1.2813537665808117e-13
 1.730738355366565e-13
 6.170105116935776e-14
 1.2052494148106357e-13
 1.3309966735534917e-13
 1.342338376954591e-13
 1.2651532111437186e-13
 2.2641705676139379e-13
 3.8721955329668045e-13
 2.435738514095648e-13
 1.5705584619288282e-13
 2.7731397907182487e-13
 4.562639870954455e-13
 2.6159079785127715e-13
 3.113780663432236e-13
 3.226341448777509e-13
 2.9982965979793996e-13
 2.336737303220565e-13
 1.315856603366361e-13
 1.7304216328069277e-13
 1.5696108692300759e-13
 2.294527957392989e-13
 1.7612319480435346e-13
 2.2122380967035116e-13
 1.9846044295793175e-13
 0.0001872237480711192
 3.880566928991108e-14
 2.0753865748353306e-13
 3.142567315313899e-13
 1.5394350833149162e-13
 5.285884577266309e-13
 2.1040596565394254e-13
 1.970755373129074e-13
 2.5261487780064984e-13
 2.0976586624383425e-13
 2.3431986060674925e-13
 1.7596484707706195e-13
 1.929890031419565e-13
 1.6832498936358853e-13
 0.000208883939194493
 3.502253825490853e-13
 0.00012141904153395444
 1.3986615956130405e-13
 9.230336899543681e-14
 1.9259797885218602e-14
 1.013226368041728e-13
 3.3323658502754094e-14
 1.3679183653858562e-13
 8.947513379098382e-06
 4.236648737995091e-14
 4.983559002752144e-14
 7.335719352926859e-14
 9.561801220595023e-14
 4.672401788391456e-14
 1.2775711207262813e-13
 0.00010518480121390894
 1.4705683231471672e-13
 4.829313184018247e-05
 4.061777227493818e-13
 0.00019251526100561023
 4.1588125087796413e-13
 3.260310044942566e-13
 2.5822613903929426e-13
 0.00010659871622920036
 2.385053146734123e-13
 8.393311873078346e-05
 0.00012160597543697804
 2.0313605127424833e-13
 0.00012606287782546133
 1.7605132575284482e-13
 8.084741779041185e-14
 0.00011158150300616398
 1.1201708506082542e-13
 1.9101181140263046e-13
 1.5395291378533793e-13
 3.881640018091326e-13
 4.560036701538317e-13
 2.1753657360699952e-13
 3.462177918488185e-13
 2.0271574674955717e-13
 4.403694206164821e-13
 3.3480539846607316e-13
 3.2933684533838214e-13
 5.024145704503324e-13
 3.725853718432315e-13
 1.538446697509424e-13
 1.824669023731476e-13
 2.003914747897642e-13
 1.886906565240834e-13
 2.393829221219307e-13
 1.8940365497776418e-13
 5.546952328884525e-13
 3.386585445668694e-13
 0.0001610241160960868
 4.08702694083829e-13
 3.2496501691826885e-13
 2.4999007855117106e-13
 1.8705988093139364e-13
 2.714846847762936e-13
 3.540925419629609e-13
 3.9683341790559823e-13
 1.9433493171888e-13
 1.2164311983912934e-13
 4.257571345078759e-05
 4.775231354869902e-05
 2.1909618487959276e-13
 0.00015490587975364178
 8.555737498680549e-15
 4.923214681523853e-15
 4.846005087282782e-15
 7.654394492914197e-15
 8.22613241494843e-15
 1.1145968486548936e-14
 4.07838232586652e-14
 1.0625967336932995e-13
 3.0112818163487154e-13
 3.425067304427265e-13
 2.8499042860861967e-13
 3.2909547482973256e-13
 5.576467447099276e-05
 3.3839402634183724e-13
 5.3579067753162235e-05
 3.5631458721041565e-13
 2.9574316628457054e-13
 2.540306289974814e-13
 4.40293255413865e-13
 2.2728757623820955e-13
 5.342236527282329e-13
 5.649732526431805e-13
 3.4581029446228984e-13
 2.865516797369988e-13
 3.4610172800625394e-13
 3.565045665360894e-13
 1.6982416991759286e-13
 3.542388008360292e-13
 5.303664950793985e-13
 2.5945036592235626e-13
 6.694405636385389e-14
 0.00016235320072155446
 0.00013064034283161163
 3.306466699829619e-13
 3.845968411363837e-13
 1.7394390778007612e-13
 1.7324152095515855e-13
 1.4848259882911663e-13
 1.723706220075824e-13
 6.218342626842371e-14
 8.488540680908971e-14
 5.862067016700057e-14
 1.0502955113695506e-13
 1.4466426578245255e-14
 1.031286584314518e-14
 2.4395641553425808e-14
 1.692466526897595e-14
 8.522111984740448e-15
 2.0798473891487507e-14
 2.8007777981607987e-14
 1.5255986645962456e-14
 8.752831901111258e-14
 8.737820444406838e-14
 9.694860609839664e-14
 2.0711005881222239e-13
 1.9334145016317722e-13
 1.1356498694995582e-13
 1.414852799806396e-13
 1.4876194351885752e-13
 1.586586358169953e-13
 1.4981256252905029e-13
 1.015638514587601e-13
 1.1433508220054511e-13
 4.4621809502584653e-13
 1.7188476390903734e-13
 2.32367483544646e-13
 1.3691763109564825e-13
 1.9885722029547998e-13
 3.3835786819938485e-13
 3.443132823126305e-13
 5.461916726193228e-13
 1.6122884548708943e-13
 2.6699703645910455e-13
 1.0527759626522901e-13
 3.5359508290117025e-13
 0.0001006334277917631
 2.3678303477936424e-05
 9.086722124523536e-14
 1.3561807926665281e-13
 3.9989178960385396e-13
 1.1349009568489138e-13
 0.0001787086366675794
 0.0004835575236938894
 0.000138366682222113
 3.505263570721673e-13
 1.8394036023060972e-13
 2.9783212571535267e-13
 2.645345964849555e-13
 2.661201337419983e-13
 3.211878191796552e-13
 2.130703789402985e-13
 2.565978571116012e-13
 2.0561514730427222e-13
 2.962397850896775e-13
 3.806541670411945e-13
 3.0929439239803236e-13
 2.867930773507027e-13
 3.123824712358142e-13
 2.0171252092682918e-13
 2.1530734552015207e-13
 2.3366348461152653e-13
 0.00017678574658930302
 0.00017809976998250932
 0.0001193001662613824
 1.4279575514652282e-13
 2.952760919886638e-13
 7.326346425145722e-14
 9.597820462659001e-05
 2.3984910195104514e-13
 1.9824922682220442e-13
 2.50940327545246e-13
 1.5724467355374833e-13
 2.2104488920683674e-13
 2.361266293170877e-13
 2.288831830229293e-13
 2.579124522457399e-13
 1.333242462828524e-13
 2.2678510274137115e-13
 2.6459998480277136e-05
 6.720697274431586e-05
 3.7756213086548307e-13
 0.00016501342179253697
 4.3995617695843925e-13
 6.676185148535296e-05
 3.120189653524341e-13
 3.2776369509116e-13
 3.268898823502453e-13
 5.978214884932997e-13
 6.45403598186628e-13
 1.758806452258413e-13
 1.0729152212941157e-13
 1.4495643455101487e-13
 1.6191659558267846e-13
 1.1129228913225528e-13
 1.273592911904889e-13
 1.32165288370574e-13
 1.4152662874099275e-13
 1.3716970810075113e-13
 1.1765923250885851e-13
 4.5309445756945566e-14
 3.179695276609579e-14
 4.689999744903611e-14
 4.9457203469324e-14
 1.2858704173061147e-13
 1.2181380036613287e-13
 2.3459649479105893e-13
 1.5162505040584862e-13
 2.598097518374809e-13
 0.00010007309901993722
 8.699742465978488e-05
 0.00010765184561023489
 1.6407261291782882e-13
 2.4912439732655e-13
 2.4906192017636053e-13
 1.0878359844868069e-12
 0.00014036142965778708
 0.00016442974447272718
 2.727529031625042e-13
 1.8620170780681705e-13
 3.2671155819792574e-13
 2.2195027933602507e-13
 2.571076489731039e-13
 1.690266985621483e-13
 1.9885365598083793e-13
 2.732905861248941e-13
 3.3406057867862993e-13
 1.377388600311974e-13
 2.9470631664196834e-13
 1.5340623194491643e-13
 2.4398693243728176e-13
 8.872959006112069e-05
 1.32041458929949e-13
 1.5751497870787612e-13
 9.903238846380516e-14
 1.0511731730281776e-13
 1.6565262074379195e-13
 2.5169845591435647e-13
 0.00011997217370662838
 0.00010043261863756925
 1.1153910098055803e-13
 0.00010374491102993488
 0.00012597785098478198
 2.117465409826394e-13
 2.52581023587814e-13
 2.8335637330435814e-13
 0.0001817921147448942
 2.074881472148224e-13
 2.4976364292744746e-13
 2.0451915443316093e-13
 2.3827120831931836e-13
 2.3388642368324386e-13
 2.700049927563397e-13
 3.065716083772152e-13
 6.223947274447764e-14
 7.003046824079553e-14
 7.92369371071383e-14
 3.901773584671746e-14
 0.00011451840691734105
 4.6562732646361973e-14
 8.116857497952878e-05
 1.2338147539238398e-13
 0.00011056480434490368
 1.435673682801536e-13
 1.6863806629342087e-13
 1.2087634495769328e-13
 1.5742732096223067e-13
 1.597405882699729e-13
 2.624536330451954e-13
 1.274433846214923e-13
 1.1002427403395201e-13
 9.84439851685337e-14
 1.0642214106487691e-13
 9.261132307000416e-14
 1.0250242495069006e-13
 1.108669295149349e-13
 2.1777582992141276e-13
 5.165887249219958e-13
 2.7373402481344067e-13
 2.692497646280406e-13
 4.0162464283108323e-13
 3.824965788979534e-13
 1.4181281745694746e-13
 2.5954211653120285e-13
 2.1442889781495e-13
 1.1214664722043743e-13
 1.8618469938523619e-13
 2.5234718828426317e-13
 1.2065596731360845e-13
 1.5794414658532735e-13
 1.8667947504664995e-13
 1.5611603264471807e-14
 9.236133654221511e-15
 2.0900822576570138e-14
 3.417164351504111e-14
 1.6183923098140804e-14
 3.012389667681088e-14
 1.9810277821375594e-14
 4.4334754780144675e-14
 0.0004502884694375098
 0.00021208242105785757
 0.0003448181669227779
 3.118478240395073e-13
 7.300156166416619e-14
 2.2832807151061674e-13
 1.4653157701972896e-13
 0.00014802855730522424
 3.5279654089608037e-13
 5.172652670776268e-13
 1.1440600257515282e-13
 9.149583488857888e-14
 3.6795666882340206e-14
 7.116852815619926e-14
 6.159069294072589e-14
 1.4337169689307427e-13
 1.21318753654176e-13
 2.1837017599984215e-13
 1.8634991824379582e-13
 1.8770767817692657e-13
 3.1271800470314415e-13
 3.765579970234356e-13
 0.0001739763538353145
 1.9501968670596753e-13
 1.5929353105667565e-13
 2.0750073751255038e-13
 0.00015567874652333558
 5.447862755532384e-13
 0.00015615572920069098
 1.2890812820399306e-13
 1.14203080586045e-13
 6.606314127566293e-05
 8.900028609058752e-14
 8.662420281947691e-14
 4.413462325637829e-13
 1.8358150286404418e-13
 1.176108635394385e-13
 1.1346039532162885e-13
 2.5786810837688523e-13
 1.985240720729295e-13
 1.4880025651312773e-13
 1.849558375378868e-13
 2.556891601657868e-13
 3.786133461868707e-13
 2.907124953092921e-13
 4.2558101140399707e-13
 3.931687874575429e-13
 3.464926370995436e-13
 3.1286382989534345e-13
 6.648069139462975e-13
 3.7769790008253257e-13
 2.109873961739922e-13
 1.1945159488283008e-13
 1.5350304238381796e-05
 1.227539256224222e-13
 4.6222191520247854e-14
 7.918962523483647e-14
 1.0766449122456834e-05
 0.00010176632349612191
 3.178277953319597e-13
 2.7147961613113725e-13
 2.4793307597942293e-13
 1.942216868019639e-13
 2.985043310622937e-13
 1.7741779996093693e-13
 1.9486446961244908e-13
 1.8554072395236126e-13
 1.4990326959330585e-13
 1.7911910290494687e-13
 1.9338235169013424e-13
 3.0839041173166826e-13
 1.325938192792489e-13
 9.799744972753197e-14
 2.305079955036704e-13
 1.2475427863065797e-13
 5.1056730322523655e-14
 1.1428747217264584e-13
 1.5662274469442454e-14
 3.1437477404291925e-13
 2.995983994745488e-13
 2.7072907717723416e-13
 2.973391660925778e-13
 2.849118781612231e-13
 3.451956331456535e-13
 3.0187769059671077e-13
 3.474100347677922e-13
 1.8567970511834675e-13
 1.5498268900876466e-13
 3.7174896407726754e-13
 5.6536074649962687e-14
 1.310038805968361e-05
 2.4466065566726425e-13
 5.947965837549418e-05
 1.4884420735869486e-13
 3.0293993767520344e-13
 2.46304631421404e-13
 1.8511327724585885e-13
 3.3941225410671905e-05
 2.038605287184303e-13
 4.000467015430331e-05
 1.5421783245983534e-05
 1.0222960580277482e-13
 8.572764216173076e-14
 1.2449670975911431e-05
 2.6820266927490843e-13
 1.0444826291844053e-13
 5.2128227000800345e-14
 7.62227409722982e-06
 4.7676519985629176e-14
 4.721292530106974e-14
 0.00015761845861561596
 0.0001587924489285797
 0.00015567569062113762
 0.00037990210694260895
 0.00015918690769467503
 9.688376303529367e-05
 2.5851507891826164e-13
 2.7512876959318033e-13
 1.9018914589920277e-13
 2.0849684825852144e-13
 2.3897751182458404e-13
 2.7843694147197673e-13
 2.1747270054651296e-13
 2.337243896685659e-13
 2.7231794835595735e-13
 1.7972964425332777e-13
 1.8028279064920272e-13
 2.0905296265784357e-13
 2.1631203501581292e-13
 3.1699312228947174e-13
 2.0804922183908364e-13
 2.0319070861626876e-13
 3.903056805705518e-13
 4.755661467924222e-13
 1.9145728297025044e-13
 2.0679500321342525e-13
 2.2242281530037572e-13
 2.5436277433302235e-13
 1.8098971757071758e-13
 1.983259205733806e-13
 0.00016236372175626457
 7.1970462158788e-05
 0.00017303643107879907
 6.526574725285172e-05
 3.167198156006634e-05
 0.00018503049795981497
 0.00014063027629163116
 2.2469699711979985e-13
 2.5389916948406754e-13
 0.00022151008306536824
 3.169459887431003e-05
 3.1162241840784755e-13
 2.4080978639103023e-13
 2.462831100082802e-13
 1.7236869754872625e-13
 1.5431979424797987e-13
 2.35304831175398e-13
 2.2174283080284712e-13
 1.841143882318208e-13
 2.3309742265727185e-13
 5.4093648370291333e-14
 2.955904089747309e-14
 4.3057862776554184e-14
 8.689122148576936e-14
 7.98656794994898e-14
 1.7111976440865873e-13
 1.9633109699622453e-13
 2.2771148573512423e-13
 0.0001228492910740897
 4.3662187580728595e-13
 2.7122908411413016e-13
 4.867174371869787e-13
 3.733361818476777e-13
 2.4907487639232173e-13
 2.642284448964999e-13
 5.340473217074759e-05
 3.8157065669012363e-14
 2.1405388244788263e-14
 2.653590746388903e-14
 4.701755884585143e-14
 6.866743637460107e-14
 6.08220749155966e-14
 5.868051135065819e-14
 3.486215493803818e-14
 3.862238491265241e-14
 2.1586911132329828e-13
 0.00012946421338710934
 0.0001291668158955872
 0.00013116617628838867
 0.00010982383537339047
 2.530254380583158e-13
 1.057055715202905e-13
 0.00014967926836106926
 1.7446334904091393e-13
 0.00013857558951713145
 2.202180088674635e-13
 2.5746063809541087e-13
 1.897117445776031e-13
 0.00019917079771403223
 1.948946646429528e-13
 3.0760282016852047e-13
 2.4695726691913167e-13
 2.7473176186267045e-13
 1.7519835679869616e-13
 1.1299805763396314e-13
 1.6231390824504935e-14
 9.897395335483998e-15
 8.633007232260875e-14
 1.4570894539761917e-14
 5.270705712970194e-15
 6.388959456968268e-15
 8.33772748108988e-14
 3.1181621954617933e-13
 2.274776233265191e-13
 1.7636441623520432e-13
 1.65579247361769e-13
 6.639947177700979e-15
 8.71228866909093e-15
 1.0999233580964284e-14
 2.1035836240230685e-14
 1.6217091214289388e-14
 1.8791613976150943e-14
 1.9193529415557214e-13
 2.1806559650453666e-13
 2.163089585921485e-13
 1.9006458462211134e-13
 2.2683898758934368e-13
 2.4256199262703837e-13
 3.268280828264136e-13
 2.2190002656533037e-13
 1.0605324127568871e-13
 1.9123278535791016e-13
 9.273496277524898e-14
 8.091047092300546e-14
 6.502060717096525e-14
 7.299784149546185e-14
 0.0001575178321218118
 1.5283979390803316e-14
 1.3879061745367127e-14
 1.493457152379734e-14
 1.5114483015860047e-14
 1.835343875033861e-14
 1.5939987773726932e-13
 8.011119877551504e-15
 3.4244600156854016e-14
 1.3953816129907287e-13
 1.2921170820042079e-14
 6.47102475228277e-14
 1.3255302617250914e-13
 1.1093533589575516e-13
 5.923177394525844e-14
 0.00016792945098131895
 3.202577092409342e-13
 9.349454804102875e-13
 1.6514141941946503e-13
 0.00013952601875644177
 1.6347566475418546e-13
 1.6228899192387292e-13
 0.00016943518130574375
 2.796217847111232e-13
 1.4142960619908246e-13
 0.00015354507195297629
 8.811071893433109e-05
 1.9634142402191745e-13
 1.8969771771199656e-13
 1.622234112449647e-13
 1.2740661661531788e-13
 1.6120427475535548e-13
 0.00017943854618351907
 8.978291742879618e-14
 1.4074239820457968e-13
 9.66536082397905e-14
 1.0786814150232082e-13
 1.0254667395185463e-13
 1.6839005504646481e-13
 5.479935217623036e-14
 1.0407821116444407e-13
 0.00015463524323422462
 2.7043634259066307e-14
 1.685637069650473e-14
 1.9846467134640444e-13
 0.0001384889183100313
 1.8269145419559651e-13
 1.418571071156935e-13
 1.7954785065405626e-13
 2.030775992246242e-13
 1.450895068151603e-13
 2.253997634154778e-13
 2.483979547659304e-13
 2.4513003389278754e-13
 2.4380961117197175e-13
 2.5859476777793933e-13
 2.460062318784817e-13
 2.2106718311400847e-13
 2.231500032499889e-13
 1.5291049405407459e-13
 1.3042354468553036e-13
 1.3643879320617003e-13
 1.1763284573848565e-13
 2.2753820312290673e-13
 1.3342109264190966e-13
 5.078446344009002e-14
 1.6796859855696539e-13
 1.0989692771253001e-13
 1.3123146503941224e-13
 9.727848816190252e-14
 8.039293379223308e-14
 2.8308057937673214e-13
 2.1508080147621123e-13
 7.634525607189135e-13
 6.421881255935791e-14
 7.721208790606796e-14
 9.3734847900033e-14
 0.00017485691932961345
 1.9554292267440904e-13
 2.8914181162201236e-13
 1.6761590759025585e-13
 1.874396227423067e-13
 2.0849805443343833e-13
 1.6553551335663635e-13
 1.4627287282884677e-13
 9.001183994125292e-14
 5.630948994844037e-14
 6.40575036048828e-14
 5.410116663473116e-14
 5.691845920367117e-14
 6.873530065433509e-14
 0.00014688300143461674
 5.3940060968163395e-14
 7.528209284256293e-14
 6.380446437035184e-14
 6.294887300219848e-14
 8.365417326948801e-14
 4.966474822544475e-13
 4.241523582013129e-13
 3.649524801287163e-13
 3.758596081940291e-13
 3.611596969838732e-13
 3.001328027253669e-13
 3.419318864508747e-13
 3.0656141687679384e-13
 1.224241790841879e-13
 1.4486555130390627e-13
 1.8012173241648e-13
 3.695161852283052e-13
 1.347596079864788e-13
 2.2026228497368239e-13
 1.6113807066019809e-13
 3.2775111834595916e-13
 2.967538324447072e-13
 3.423771953881688e-13
 3.009101485779847e-13
 3.4007163946837837e-13
 3.222963345858587e-13
 2.269385037962507e-13
 3.6534561183645953e-13
 3.1067225072893556e-13
 2.9046090619516685e-13
 1.854259204948222e-13
 1.6471568033138428e-13
 1.5438491414096478e-13
 1.6471568033138428e-13
 1.8213242600293583e-13
 2.4971580250658654e-13
 1.9005526048342797e-13
 1.8846706693106258e-13
 1.1365249561780255e-13
 1.2819655276566366e-13
 8.886164373778094e-14
 1.0927116009988927e-13
 6.467153472900639e-14
 6.805557365482245e-14
 1.0086720412909311e-13
 2.1093818694788852e-13
 2.830565914036659e-13
 5.5260451162914e-13
 1.8710858871399255e-13
 4.953749541646013e-13
 2.1568186960811003e-13
 6.638997001573443e-05
 1.596569183554431e-14
 1.2887084520178671e-14
 7.829811628158774e-15
 1.7158221051654168e-14
 2.2154997834141626e-13
 2.0814093179034876e-13
 2.8610471739139165e-13
 3.0724592791839256e-13
 1.943267595450049e-13
 2.2184101886209284e-13
 2.4245248820761733e-13
 1.656807422376408e-13
 2.876403000333372e-13
 2.0279738717314533e-13
 4.0852670096618027e-13
 1.5938071446387064e-13
 1.5178071473276322e-13
 1.8415976209273932e-13
 1.5538644589779826e-13
 1.5809407819325494e-13
 1.4948226033720258e-13
 1.7042267662185917e-13
 3.0415855381202284e-13
 8.55502366903238e-05
 3.279985685367137e-05
 3.2445636346904727e-13
 1.480926113076736e-13
 1.860507191017713e-13
 2.698197839202249e-13
 3.568271979975668e-13
 2.0343367832312276e-13
 2.364787510776567e-13
 3.5961736518340393e-13
 4.991983931258714e-13
 2.474452663169674e-13
 2.617032567216182e-13
 2.9184280317916256e-13
 3.041104152355645e-13
 2.4806843862065775e-13
 3.113887186295683e-13
 3.046068985153999e-13
 1.9218245159331737e-13
 2.0364566695289799e-13
 2.2151604281341747e-13
 1.940390529460087e-13
 1.7892916423685457e-13
 1.7947165834638484e-13
 2.457855967363809e-13
 0.00013455873704515398
 0.00012645803508348763
 0.00014299423492047936
 1.214033078711027e-13
 1.4528992158674425e-13
 1.3360123283286812e-13
 1.8830119755119945e-13
 1.9044844640127984e-13
 2.000268711516845e-13
 0.00011238948354730383
 2.0796389512810903e-13
 2.1178680554082008e-13
 2.3353644322196554e-13
 3.036254244987574e-13
 3.089244897218346e-13
 2.592240116137956e-13
 2.472074465704327e-13
 6.533218654654685e-14
 1.7367067528008262e-13
 1.1605011385456415e-13
 5.28073610772499e-14
 0.0001656179956626147
 4.016428303225267e-13
 1.4852062044405298e-14
 6.674475289949675e-14
 1.638090704747519e-13
 4.215104556625632e-13
 2.09897728944931e-14
 8.624679204323471e-14
 6.287491123657674e-05
 1.4951665665112468e-13
 1.3182596019564036e-13
 1.5268359764442768e-13
 0.00016569213767070323
 1.966328169083001e-13
 2.2231630598945618e-13
 2.8097654953575246e-13
 4.270083500115471e-14
 3.1615043970343454e-14
 5.975875041119502e-14
 6.433084452509355e-14
 4.3259947897110115e-14
 4.323510408195397e-13
 2.921961988772842e-13
 2.965718491100555e-13
 3.425596124036895e-13
 3.391250496566356e-13
 3.1393217561105635e-13
 8.238403042442125e-14
 8.518880045826904e-14
 4.840137012430794e-14
 2.6259793357808967e-14
 6.715132871417881e-14
 8.047843838012662e-15
 8.657886283987629e-14
 1.9296020402174985e-13
 1.873497830397891e-13
 1.7465637768519782e-13
 1.0922056851601566e-13
 7.555308917557568e-14
 7.167813705858533e-14
 9.851441765216379e-14
 1.8098951428281024e-13
 5.290002648167952e-14
 7.322804472173483e-14
 2.12324840868916e-13
 2.4124837327485493e-13
 2.6277187348787423e-13
 2.485089228582843e-13
 2.6120446951216625e-13
 2.0603745760298248e-13
 1.6215850819241429e-13
 1.8662603743207357e-13
 1.5058309146050858e-13
 0.00016578201029915363
 1.8420636923362904e-13
 1.882030230444809e-13
 2.486286729882353e-13
 1.2477676227320988e-13
 1.6091788275149344e-13
 1.396338150357404e-13
 3.702741509670898e-14
 6.174376873495369e-14
 3.098487178637699e-14
 6.134875322593575e-14
 4.65749400851978e-14
 6.479112222863154e-14
 6.432485430809057e-14
 2.4757799976793393e-13
 3.298863189993978e-13
 4.819643800146878e-05
 0.0003498527512419969
 0.00033037769026122987
 0.00026619815616868436
 0.00014986413589213043
 4.490717422488827e-13
 0.0002621516468934715
 0.0003297982329968363
 1.6710260562421975e-13
 5.632689478144055e-15
 3.637587650664803e-15
 5.147210426842885e-15
 3.2647101947563036e-15
 3.9581747981239784e-14
 1.2198677974055525e-14
 4.266621845866632e-15
 1.494797260146244e-13
 1.3128581067330808e-13
 1.5874602251209763e-13
 1.716416857819661e-13
 1.778474828344201e-13
 1.3148524966293679e-13
 1.5766817647484832e-13
 1.1150779464282751e-13
 1.8063900527297283e-13
 3.811437272815965e-05
 2.7722415292183444e-13
 0.0002351112780161202
 2.0008788462894112e-13
 5.7316596212331206e-05
 1.916374231612089e-13
 9.718011036727661e-14
 6.715347678973305e-14
 1.84657831018252e-13
 4.3853077636227256e-14
 2.0688205448348047e-14
 7.456057662556456e-14
 2.3224340677040038e-14
 3.218570971807305e-13
 5.073412935423238e-13
 3.224392595372466e-13
 3.697955570231004e-13
 2.2209256731863664e-13
 3.8615391808639876e-13
 1.7816579103973468e-13
 2.906957714907815e-13
 2.8403058442531826e-13
 3.3097149695383854e-13
 2.7758811959113783e-13
 1.9278530865880078e-13
 1.864960280390654e-13
 1.4072938777850985e-13
 3.176618310844065e-13
 1.4688196405682197e-13
 1.3044434781471492e-13
 0.0003433578531257808
 8.338485067357904e-14
 3.9960612266019477e-14
 3.993917198386043e-05
 2.2328378024554646e-13
 2.1971878797714256e-13
 2.894711109268505e-13
 2.0213164638165776e-13
 1.840236947200924e-13
 1.212673895762545e-13
 1.678704918128826e-13
 4.791486218208574e-13
 7.156626094691199e-14
 7.172033962814933e-14
 8.237855520345019e-14
 1.656091713417296e-13
 2.1918265000284848e-13
 3.1223073714177485e-13
 3.216627539413125e-13
 5.862756569281757e-13
 4.715672297095352e-13
 0.00013604866398964077
 6.657901768965246e-13
 3.2754991752780016e-13
 1.2008407777267666e-13
 3.039110575610987e-13
 3.6348636774097276e-13
 6.27935149623976e-13
 3.322385227176594e-13
 1.223104056187127e-13
 2.809477910731273e-13
 0.00012114683340769261
 1.8489525774149917e-13
 4.4984944046720654e-13
 2.8243144043101076e-13
 3.672184897742653e-13
 1.8052431023565102e-13
 3.06996398788395e-13
 3.7765298700753736e-13
 7.934115274110809e-05
 0.00014847821148578078
 0.0002070933551294729
 6.317860866628458e-14
 4.8857788745738234e-14
 7.570024251543628e-14
 4.798918017525147e-14
 7.998332898773164e-14
 9.879155327997824e-14
 1.8537133091543756e-13
 7.260015613859416e-14
 1.2806646205749256e-13
 1.2724147907192118e-13
 1.7338610270299128e-14
 5.80108606550861e-14
 1.7986048373862425e-14
 2.4404860660023724e-14
 4.948716810686607e-14
 1.627395185841221e-13
 1.3876919090823753e-13
 1.493238448472753e-13
 1.850148858987058e-13
 1.6812580787197579e-13
 1.736270903527487e-13
 1.2944707155140844e-13
 1.6015740979518495e-13
 6.207956562953023e-15
 1.0211009284204903e-14
 2.4485476173745704e-14
 2.492833684700907e-13
 2.811347346327181e-13
 2.539989016843761e-15
 1.5367683186650986e-14
 2.5083647452964902e-14
 1.6280764375000388e-14
 1.2188045169468642e-13
 1.6102330108397692e-14
 3.598518848895761e-14
 4.232681235670152e-14
 3.1236582873246654e-13
 3.879453995461052e-13
 3.69072258648781e-13
 7.435911538777873e-05
 0.000116898758278694
 1.1398316372788347e-13
 1.359044306129334e-13
 1.6101650449160815e-13
 1.6930791350063673e-13
 1.7280740979342714e-14
 1.320904784206725e-13
 1.9736377246046266e-13
 2.0563672292750468e-13
 1.872101920100816e-13
 2.1780961637161284e-13
 2.381614599544085e-13
 1.8284879903587847e-13
 3.9307055196445215e-15
 1.4534885475108242e-14
 1.736392469696077e-14
 1.392658452887283e-14
 2.111192520988254e-14
 2.4105895299092635e-14
 1.6164861468695793e-14
 1.0622911242059302e-13
 8.237721350326174e-14
 8.261189583975981e-14
 6.205842453419971e-14
 7.10042105406955e-14
 6.808097109071293e-14
 4.3387023167988994e-14
 3.910184283024802e-14
 4.936483622049181e-13
 3.953614577767439e-05
 3.033781992983764e-13
 2.9748019369016387e-13
 2.67586002184253e-13
 3.072831431579631e-13
 3.012629750699658e-13
 2.9790333069303065e-13
 3.242293586391831e-13
 3.721280824719314e-13
 3.009686954952989e-13
 2.6162701020383816e-13
 3.9341742212074815e-13
 0.00010160649981116876
 0.00010860219481401145
 1.958405361707563e-13
 1.4656463163346262e-13
 7.516466575907543e-05
 1.4423333946460282e-13
 1.658281395229902e-13
 1.2651511782646452e-13
 1.3834950979979554e-13
 1.9591885622519123e-13
 1.1041571167580075e-13
 1.4370568537230843e-13
 2.503265064852933e-13
 1.5120478653873892e-13
 4.8191126382404054e-14
 9.761195486884117e-14
 8.275758550668755e-14
 1.987955156393384e-13
 2.1691780587463488e-13
 1.7924793322809246e-13
 1.3781108144841209e-13
 2.21084421928551e-13
 1.354015505402803e-13
 9.884123684453239e-14
 1.5267165786800319e-13
 1.5702394354395743e-13
 2.627168773326749e-13
 1.246703613825076e-13
 6.938229830076581e-14
 2.0285731814229536e-15
 1.9790403887334166e-15
 4.175974603312963e-16
 2.0511221778607083e-16
 1.0372555831421717e-15
 2.5547876882839186e-16
 0.00018066108168568462
 5.792215123333333e-13
 4.761875572675822e-13
 2.784603602389024e-13
 5.899059994825262e-14
 2.903954203839487e-14
 0.00011154200183227658
 4.9918667018988144e-14
 4.6607747365310856e-14
 1.1628200437046807e-14
 5.0509801148481553e-14
 6.957940625572367e-14
 5.540910070177263e-15
 2.9219699170012284e-14
 1.7985675679365633e-14
 2.17396308339066e-14
 7.352535667435288e-15
 4.011205430309861e-13
 1.7982910625012616e-13
 2.4604382658881263e-13
 3.7934992603780304e-13
 9.4167295489056e-13
 4.0821648361957785e-13
 4.1298553661063553e-13
 4.528319722234969e-13
 7.719641982942282e-13
 4.452668973548707e-13
 1.7323946097103082e-13
 3.544757261157716e-13
 1.1112086321625816e-13
 1.9162864112361178e-13
 3.4531275408533624e-13
 1.7032306554726206e-13
 1.5145188976637552e-13
 1.4093348883748025e-13
 1.585227717322557e-13
 0.00016487996617797762
 1.151509307828133e-13
 2.739451731865322e-13
 7.836824044522503e-14
 2.354280778573553e-13
 6.832944989985587e-14
 5.101287231176754e-13
 3.7796828110003844e-05
 0.0006685949629172683
 0.00045089106424711645
 4.906547173763598e-13
 0.00016687921015545726
 7.910884596640244e-05
 3.485323395580053e-05
 2.252470264344289e-13
 2.262018155251011e-13
 1.7758938850725992e-13
 3.3974402067690757e-13
 5.156952881217591e-13
 1.0049596788422321e-12
 8.894550677582269e-14
 8.658787527043507e-14
 1.0344899443364211e-13
 6.622345494243856e-14
 0.00016206498548854142
 3.2125934941798495e-13
 1.9167538378977306e-13
 5.61672968335189e-14
 8.543620788259432e-05
 7.44921092583721e-14
 1.4781801000243733e-13
 4.365098720882088e-05
 2.3607873468611817e-13
 1.837449327890192e-13
 1.7450792330273024e-13
 2.0827682298014266e-13
 2.1524237470496588e-13
 3.7579612815683006e-14
 1.717655423276454e-14
 5.1732804915967726e-14
 8.996829567150047e-14
 1.24822014161384e-13
 1.484839608580958e-14
 2.6808054067644152e-14
 1.213706733857109e-13
 2.0272481339022458e-13
 1.8399905622572266e-13
 1.231816569319949e-13
 7.981175440363586e-05
 1.8631019578670138e-13
 2.3356173223763876e-13
 5.503741993401201e-13
 2.035732286952488e-13
 0.0001799933088477701
 1.5544481663225945e-13
 0.00022800594160798937
 0.00015536110731773078
 0.0003692902682814747
 2.3818875474410084e-13
 0.00015712378080934286
 0.00014956628729123622
 5.411675010691397e-05
 4.695547977462411e-05
 1.8968589990831647e-13
 2.948826892303774e-13
 2.4511176508618115e-13
 1.8680937601944086e-13
 4.5329316472261794e-13
 1.970898758866385e-13
 1.51220683653093e-13
 1.62621150811941e-13
 1.8249212362618505e-13
 3.325129884976241e-13
 3.957565069927227e-13
 3.489120071423907e-13
 4.513409231857862e-13
 8.223260126224291e-14
 3.1238217308021676e-13
 2.427123985734164e-13
 0.0002580121799837798
 4.837354678605653e-14
 0.00016037884051911533
 1.4570229788304911e-13
 3.4517319016068304e-13
 2.1276761548363193e-13
 2.666376234389256e-13
 1.744454326000136e-13
 3.8645310367589614e-13
 2.2145207488524082e-13
 2.2997971799512684e-13
 3.5962664188824225e-14
 1.2430891209512344e-14
 2.4736016661082265e-14
 1.990765781118963e-14
 1.687776505468648e-14
 1.051907262602245e-14
 2.7160400122537565e-13
 2.544602983184374e-13
 1.3904133920605855e-13
 2.295035092959169e-13
 3.2390805532536704e-13
 1.6418641348835833e-13
 1.5732696449863998e-13
 2.317860530245963e-13
 2.3500876266714654e-13
 2.3292012849701615e-13
 2.0103989545154632e-13
 2.454303307895117e-13
 1.9718047453067683e-13
 1.4651633042667839e-13
 1.9315511646730843e-13
 1.6788394947234858e-13
 1.7336281607320536e-13
 3.301670460469086e-13
 3.314693625914439e-13
 5.29877303059173e-13
 3.698437769147217e-13
 3.079800954194911e-13
 3.45425619531492e-13
 3.1343485207453725e-13
 2.845764531141104e-13
 1.7640164163917026e-14
 1.833169880271438e-14
 1.8946663357145843e-14
 3.1075544969314667e-14
 1.543620781327068e-13
 1.7093588372020518e-13
 0.00021510048827622086
 2.201347150355623e-13
 1.529645686374273e-13
 1.350343177119323e-13
 1.9447391288486549e-13
 1.5550569458424451e-13
 1.854287258679435e-13
 2.3538121321844963e-13
 2.384497493120724e-13
 2.1592393129564458e-13
 2.1906005384219468e-13
 2.412565590012572e-13
 1.918182951886338e-13
 1.765062705369469e-13
 2.0743941232716917e-13
 2.1934008971082053e-13
 2.2165196110826568e-13
 1.784570619533729e-13
 2.005134881917503e-13
 1.5705584619288282e-13
 1.784458946709963e-13
 1.5809794066349442e-13
 1.7580994169166808e-13
 2.2086375968139588e-13
 8.985892000108742e-14
 1.9537874736044042e-13
 2.0238937479058472e-13
 1.675073654002629e-13
 2.5198891367636533e-13
 1.8841830493835504e-13
 2.7067077420540875e-13
 2.3966733545682795e-13
 2.73298826061405e-13
 8.156402799257972e-14
 1.7316757836699503e-13
 1.849578162068516e-13
 0.0003579764743335545
 3.5384888178668916e-05
 0.00023993228387553245
 3.0426166631514207e-05
 7.959075446706265e-05
 0.0005280275363475084
 1.396635221752665e-13
 1.6093934995450865e-13
 2.533613781014604e-13
 1.2304725652018816e-13
 1.4495446943457724e-13
 2.016769455430445e-13
 1.3862005889941215e-13
 5.730294439908884e-14
 2.0290343908627335e-14
 9.260771301558297e-15
 1.2093346038932664e-14
 1.5412513252417367e-14
 4.7014719591412235e-14
 5.3943750643681634e-14
 5.743427516349472e-14
 1.902043484465401e-14
 4.230302089527904e-14
 2.1912575903115794e-05
 3.78769873350393e-05
 1.3675982546944299e-13
 5.1918379670315776e-14
 2.840782656039851e-14
 5.74266315381787e-14
 2.9707505444336035e-14
 0.00013308310008142143
 1.7247435305043496e-13
 1.7060185458338956e-13
 1.6697065821982826e-13
 1.8057162210795286e-13
 1.4898840624763543e-13
 1.6852282915501282e-13
 2.177686606345472e-13
 6.094771497384965e-13
 1.706535168169085e-13
 1.8270340752454817e-13
 1.7133943732133144e-13
 2.521652049496115e-13
 2.810911497053842e-13
 3.3204656472302085e-13
 1.5786695139064638e-13
 1.8796738525481832e-13
 1.5268203910380473e-13
 4.683335425199886e-13
 1.6152350453251668e-13
 1.8318724629654698e-13
 7.027589773132836e-13
 4.889710598227071e-13
 6.509135678373079e-13
 2.985412481462668e-13
 3.960240880888921e-13
 1.9865910945351256e-14
 1.2956192921905613e-13
 1.8359070502998315e-13
 1.8337734759496516e-13
 2.1742313895470322e-13
 1.9706210675849573e-13
 1.89494904143106e-13
 4.760101817921636e-13
 4.0004742682571426e-13
 1.554675713253545e-13
 4.846845039034597e-13
 8.952587086241692e-05
 9.053602116182446e-05
 4.880061169387773e-05
 0.00011471965990494937
 2.7200661970212814e-13
 1.9630967045079079e-13
 6.093787669669837e-05
 0.0001286476181121543
 3.664005134452336e-13
 8.796426992840542e-14
 2.2181160987816417e-13
 1.7815138470336778e-13
 0.00012525943748187274
 0.00010813403787324205
 2.0668829061459837e-13
 0.00012599036563187838
 3.474145071017537e-13
 4.2201195337744635e-13
 3.6125432072847685e-13
 4.812337052288729e-13
 4.743539545534747e-13
 2.4363605750921113e-13
 4.184866429085554e-13
 3.6150260302597603e-13
 2.5067233987326187e-13
 3.3774795026725313e-13
 3.621294074069442e-13
 4.4097979933453713e-13
 3.2263720774888816e-13
 1.0427333909518444e-12
 1.8858787415813177e-13
 8.424836349385512e-13
 3.437275691939995e-13
 2.963713259182543e-13
 3.56245625175982e-14
 2.1452451089403607e-14
 5.817132935287753e-14
 1.5293012150152836e-14
 3.0281783618179084e-14
 2.2481756040138023e-13
 0.00013237066741567105
 1.4187770695697072e-13
 4.506117159096268e-13
 0.00015869192429818213
 1.7168163863202218e-13
 1.4127447042072694e-13
 1.5198107529423854e-13
 1.5284374785783095e-13
 1.2328491363639699e-13
 3.2925067837072386e-13
 5.800068270719189e-14
 6.371021299855784e-05
 2.2332792082649378e-13
 3.278588067267413e-13
 1.2279417662807574e-13
 1.2251235182586528e-13
 1.451683012080457e-13
 1.958168463532875e-13
 1.5581301169003553e-13
 1.8561111577840989e-13
 1.8591020650021717e-13
 1.582964309762222e-13
 3.6626821383833885e-05
 0.00019254532526247203
 6.168762047309428e-05
 0.0002118085540132597
 2.0953606959337595e-13
 2.6954174027309097e-13
 2.003894148056365e-13
 0.0001010212508845143
 4.220189293846488e-05
 2.225529737711826e-13
 1.6754849732018157e-13
 1.9199436962144545e-13
 2.393921107353425e-13
 3.902630172150645e-13
 0.00010400111932540312
 7.294550163558511e-13
 2.355271739359205e-13
 7.349281366851937e-14
 5.774208693652694e-14
 6.481870162139414e-14
 7.557545762164677e-14
 7.849070785687084e-14
 7.429441176848295e-14
 6.578020598927217e-14
 6.871710638662806e-14
 1.5075873221245123e-13
 0.00013873165880795568
 1.7716205022097475e-13
 0.0001448928378522396
 1.0475557324796797e-13
 0.0001488887646701187
 1.3507913591923743e-13
 2.538858880074546e-13
 1.8773617914153579e-13
 2.2517774591560707e-13
 1.0814164505285745e-13
 1.894929254741412e-13
 1.7266355988206084e-13
 4.746799199366325e-13
 4.542069303135887e-13
 3.2781009894414237e-13
 1.8728872890495102e-13
 3.2833531358154866e-13
 1.8766082709054804e-13
 1.9637763637447847e-13
 4.329911537821751e-13
 2.0510253651712107e-13
 2.7161094011927955e-13
 3.2159786444128924e-13
 1.2102840431238437e-13
 5.03602591757097e-14
 1.5516015935187338e-13
 1.939843007362982e-13
 1.6245391262683512e-13
 1.3362402818354463e-13
 1.5931821020862685e-13
 3.578002423423182e-13
 2.188681636101919e-13
 1.387552860153754e-13
 1.148300340448119e-13
 0.00015571204130537808
 3.081167048932243e-13
 0.00020128124742768705
 0.00022113951854407787
 0.0001546522689750418
 2.5941816511783344e-13
 1.8323680788835672e-13
 0.00012362533016130328
 0.00012903973401989788
 2.3931361449805455e-13
 2.360197811929893e-13
 2.1542182371703938e-13
 2.1858460408450547e-13
 6.520212294343006e-14
 8.144203491938437e-14
 5.079953385028757e-14
 6.310039703206691e-14
 9.529787440946957e-14
 1.6390612012171651e-13
 9.557707679767533e-14
 9.357648662021434e-14
 0.00011886128777405247
 1.6704783986198207e-13
 1.6536404678305777e-13
 1.6971555996496412e-13
 1.5590974962887555e-13
 1.5843417886223649e-13
 1.4802010528738863e-13
 1.42396755194521e-13
 1.3036208397487759e-13
 1.5088715595978214e-13
 2.7140754379172127e-13
 6.354733904888332e-14
 1.5300189229721511e-13
 4.1702738809955286e-13
 1.9933612594759398e-13
 1.6271879677010048e-13
 2.2334858843040678e-13
 2.670288035827584e-13
 1.2181618561091234e-13
 2.215110961410055e-13
 7.261419655672785e-14
 8.951928011802918e-14
 1.0721024762405662e-13
 1.2371867582055412e-13
 1.0086075312616682e-13
 1.1501882074809594e-13
 7.137595636058647e-14
 9.195891118897459e-14
 7.011088893693965e-14
 0.00011156593973282725
 0.0001296523114433512
 0.00013034229050390422
 3.4951333277230545e-13
 2.798182963548862e-13
 3.206516269952525e-13
 1.5093503703822453e-13
 2.875909417294348e-13
 2.4304926018840767e-13
 4.755244050087815e-13
 1.892075363572887e-13
 1.8943658761875343e-13
 0.00011985842866124585
 3.4515977315879853e-13
 3.4464683711099564e-13
 3.4154479917024305e-13
 5.693002035636824e-15
 2.8909774473293145e-15
 1.3445011570007923e-14
 1.6694958404010057e-14
 5.211726385336403e-15
 0.00017706827202346176
 9.052181849256158e-05
 1.9831923917749267e-13
 2.40888960254676e-13
 2.917656621945902e-13
 2.8263527043943804e-13
 1.1171799433901813e-13
 4.0759122422670546e-13
 2.1679010041124325e-13
 9.842198433476172e-15
 1.5324719981500354e-14
 1.1995589119457098e-14
 1.8790170632008822e-14
 1.1908698785661857e-14
 1.3453644529806338e-14
 1.5188190128864222e-14
 4.5841592511992185e-14
 0.00024843672872520983
 0.00014474522322416306
 0.00010217610542895272
 3.9681243859356063e-13
 0.000145542377140373
 5.005995618034831e-13
 5.227396832196973e-05
 2.2696872593180872e-13
 2.710112136875692e-13
 6.40432368595456e-13
 1.947920313547999e-13
 5.124679435149215e-13
 0.00013363271136768162
 0.00028665599529631436
 4.068909651485514e-13
 3.3729887372740963e-13
 1.99652387721308e-13
 2.472949958958609e-13
 3.06368130734494e-13
 1.9495310314004977e-13
 3.0466127125435005e-13
 8.162277819780128e-13
 3.1313515148900795e-13
 2.0599872448037043e-13
 2.159051068354248e-13
 3.843567445652868e-13
 2.6717815243201826e-13
 2.64578235622398e-13
 2.5040278010812766e-13
 3.3033124846593154e-13
 3.751588612248974e-13
 2.1600847196004413e-13
 2.288546142956843e-13
 3.2732700556113714e-13
 2.3275286320685595e-13
 4.721537288747413e-13
 3.2682922123869473e-13
 2.8525833496544084e-13
 5.039508849287444e-13
 3.722500010062274e-13
 1.193142806776848e-13
 1.5765631801358676e-13
 1.743497382057646e-13
 1.147126556071132e-13
 1.148572746243956e-13
 2.6609592892849754e-13
 1.7855960037383573e-13
 1.958263466748239e-13
 2.208624586387889e-13
 2.1171824330593753e-13
 2.5834361234468306e-13
 2.0802901502109394e-13
 1.7743699033938992e-13
 2.1711988760705903e-13
 2.53378101919971e-13
 4.0101925144302164e-13
 1.5629503442339543e-13
 1.5042098968319484e-13
 1.491043481174556e-13
 1.5830538919667236e-13
 1.542780118067577e-13
 6.333776954520545e-14
 8.443627605913759e-14
 8.204771091051624e-14
 3.144585422132709e-14
 2.5703480752777182e-14
 1.5988451610837034e-13
 2.6465307267735383e-13
 2.1585042238835006e-13
 1.6633199537759852e-13
 1.51878387795977e-13
 7.341238619611168e-14
 7.893702645743808e-14
 1.1749444733116787e-13
 7.248360440505197e-14
 7.215671745004759e-14
 1.9578623119444194e-13
 1.9641678962543235e-13
 0.0001535968331154436
 9.300139190661014e-14
 0.00014885907876305282
 0.0001427751558367163
 1.269468335790211e-13
 1.9396687218637548e-13
 2.0377127177458043e-13
 1.7561164111432048e-13
 2.401333255505622e-13
 1.9624659698940644e-13
 0.00013966343249194324
 2.1801528613560155e-14
 7.839149658182484e-14
 4.989961894207029e-14
 2.764217145651872e-14
 1.637590779125786e-12
 1.8466745331253281e-13
 1.479325288569061e-13
 2.37541486047127e-13
 2.458266879987181e-13
 1.9115439754083946e-13
 2.991095056099208e-13
 1.6317550338273284e-13
 2.2776848766434266e-13
 2.403273977394371e-13
 5.280871768521822e-13
 1.7246815954552464e-13
 3.8897634028686734e-13
 3.1338259352982345e-13
 1.7866177287606533e-13
 1.5166404102647663e-13
 1.6983571667072983e-13
 1.8138549202125626e-13
 1.9040759908443144e-13
 1.710685900661174e-13
 1.7424561413962453e-13
 1.9347326204229714e-13
 1.0303319612423034e-13
 1.4641257227877152e-13
 1.1676052377555812e-13
 7.593553471565637e-14
 7.493746562951126e-14
 2.9172760669833597e-13
 2.6080231182133706e-13
 2.315327291869951e-13
 2.89407414049217e-13
 2.759328952394585e-13
 2.457610937672827e-13
 2.912131798725459e-13
 1.6671017864788862e-13
 2.340227621064339e-13
 3.662517609071686e-13
 2.2096116169406654e-13
 1.990542198302206e-13
 1.955628313368013e-13
 1.7821971654528868e-13
 1.7338103066970312e-13
 1.242270853242869e-13
 2.9919515758154713e-13
 0.00013313932868186384
 1.2287221207944038e-13
 5.773894952649031e-14
 5.6252874266245895e-14
 7.76591451193652e-14
 3.6482437486577354e-14
 1.2819611569666288e-14
 4.539560177363455e-05
 0.00026716216234490275
 6.392513023456559e-05
 0.0003129247634205967
 5.701184289204006e-14
 3.469309054989801e-14
 5.3698053490737474e-14
 1.9374599648691766e-14
 1.7064007270996967e-13
 1.7066465699423078e-13
 1.8040099579105795e-13
 1.5822280009618328e-13
 3.1861579347092217e-13
 2.56119886583861e-13
 3.039885780164314e-13
 3.2685041739116683e-13
 2.910720167496883e-13
 2.8874182233552814e-13
 0.00012124017666792497
 7.251873466884717e-05
 0.0001294592657359317
 0.00012304195843171328
 0.00014687879593111575
 0.00012236971815582365
 0.00014325222582556307
 3.2997947229480504e-14
 3.8347044994686136e-14
 8.847844603244309e-14
 1.5533218835532894e-14
 1.8364021579981606e-14
 3.726732193242571e-14
 1.5387000620046068e-14
 3.1040593001779165e-14
 6.31052420605252e-15
 6.720713124474392e-14
 4.384479026587132e-14
 1.1175695785459183e-13
 9.454420482179343e-14
 5.238327878561398e-14
 3.314561895350482e-13
 2.8024563464117136e-13
 2.0356584256794874e-13
 1.0487760697874479e-13
 2.2941273446902555e-13
 1.8283271218614422e-13
 3.464375054190727e-13
 3.921323443907554e-13
 1.82606656033181e-13
 2.018494556612141e-13
 1.6933373106486904e-13
 1.882860051682575e-13
 2.1523473107964985e-13
 2.724965164537657e-13
 3.0814538204068653e-13
 2.648159740537698e-13
 3.092812735517453e-13
 3.142139055455767e-13
 3.846837128354541e-13
 1.907485942202053e-13
 3.9496273547719174e-13
 3.458531475531573e-13
 2.923964781235966e-13
 2.1896186578294896e-13
 1.8151512194350405e-13
 1.5305843344051023e-13
 1.002650585712854e-13
 3.9113499951781705e-05
 2.1708451551118169e-13
 1.055429344181541e-13
 1.533282507036604e-13
 9.757604857441038e-05
 1.0722445067251618e-13
 3.9275305013450335e-14
 1.044287743843901e-13
 1.1331602702609883e-13
 2.409317455829077e-15
 7.272469772216957e-16
 8.827435916127456e-16
 2.032319819906896e-15
 6.692312025049661e-15
 5.654668627872589e-14
 8.975864485265966e-14
 1.955140286865123e-13
 1.3208942132355433e-13
 1.1919182004230255e-13
 1.8054015313989646e-13
 1.5110841451813212e-13
 0.00012733699986711144
 1.842976997141338e-13
 1.4074678922337824e-13
 1.3849181133493427e-13
 1.3186482884352396e-13
 1.501321311193904e-13
 1.2243927659943976e-13
 1.1697176701633977e-13
 8.498879903876336e-14
 9.229047376584781e-14
 8.810263534542173e-05
 0.00018860471027437598
 6.56358024571091e-05
 0.000124618542031385
 0.00010635806393111125
 0.00015962404722813517
 7.648508969183496e-14
 6.679167174851106e-14
 1.1369815408179135e-13
 6.952071703687432e-14
 5.56175588982237e-14
 9.09847148794149e-14
 0.00017074012430384755
 0.00011349476699251682
 2.6988426684443345e-13
 0.00012412646901793778
 0.00012464220344554633
 3.6521773019021486e-13
 3.8454336286422586e-13
 1.8358043221439885e-13
 3.405430776780294e-13
 3.3223077067212614e-13
 3.4173366718869003e-13
 3.259280866030334e-13
 1.8518364196685316e-13
 4.841625689776252e-13
 2.0354162420192085e-13
 2.0892781862208443e-13
 2.0551790792192742e-13
 2.1477097715289634e-13
 2.1931330991716014e-13
 2.9680688381225964e-14
 4.034702869655689e-14
 2.9184499868856184e-14
 4.907999936912093e-14
 8.00969601516717e-14
 7.251211892218834e-14
 1.2274126756205844e-13
 1.425909493561403e-13
 2.041411337931967e-13
 8.768081204667266e-14
 1.924125192943188e-13
 2.075209036729586e-13
 2.0818038319690008e-13
 1.7881071514951052e-13
 1.9332398095567305e-13
 2.18437288114319e-13
 1.740416486059257e-13
 2.001024807006882e-13
 1.2056650708185124e-13
 1.182952932658743e-13
 3.230104985568749e-13
 1.300869947786637e-13
 1.1007621409427765e-13
 2.2828099003127655e-13
 2.3942479943084294e-13
 2.4522631104570425e-13
 2.382449164166356e-13
 2.375923622340709e-13
 2.524131077763503e-13
 2.2915724222707934e-13
 2.516795907965552e-13
 3.66569911420811e-05
 2.082323571385436e-13
 3.66569911420811e-05
 2.81608422561877e-13
 2.089881680255104e-13
 0.00012234067253302783
 3.644648677436635e-05
 1.9839236861402681e-13
 1.4186077985055279e-13
 2.2006603082793535e-13
 2.0064562533152197e-13
 3.9201140163841464e-13
 2.436419664110512e-13
 5.937030800851062e-05
 4.782278631258741e-13
 4.0157981107125096e-13
 7.83976647653617e-05
 0.0001305923651671037
 4.4730991371859374e-13
 2.1690295230487183e-13
 0.00013249734183773398
 0.0005022702389396727
 0.0001004320292850025
 4.452301072888076e-05
 0.00017664300685282797
 0.0001276940747629851
 4.448965410119854e-05
 2.0426402810944794e-13
 1.9651298546318613e-13
 2.0400640812073823e-13
 2.0609786121651708e-13
 1.6697902012908356e-13
 1.7210046593125333e-13
 1.8858833494405508e-13
 1.7649308392802404e-13
 4.679785706684925e-05
 0.0005905998987145722
 0.00058591621927917
 5.000646342523396e-05
 3.3225406069004385e-14
 5.440903939413558e-14
 6.937932352105505e-14
 2.426670247124979e-13
 2.8833649335334444e-13
 2.517409566395179e-13
 1.6468591898174956e-13
 3.0147924629832235e-13
 3.062462393052523e-13
 0.00012854349915869534
 0.00015354504284914583
 0.00015262664237525314
 0.00013819105515722185
 7.088573434829715e-14
 4.976689160685055e-05
 1.7224644020125135e-13
 3.3457825811093744e-13
 1.3440317652227418e-13
 1.1470178648033402e-13
 1.3080189058614633e-13
 1.8852864961445975e-13
 2.001720458225803e-13
 1.9204722447735412e-13
 2.1322863179989993e-13
 1.7222067684712766e-13
 8.725243190986238e-15
 1.6117353084750194e-14
 1.411711696706116e-14
 2.0747529941907844e-14
 0.00034457369474694133
 7.150888268370181e-05
 1.4590252291925287e-13
 2.1777711741149258e-13
 4.910126517643221e-05
 3.6830144381383434e-05
 0.0003061940078623593
 0.0001338412839686498
 4.2707237298600376e-05
 0.0003700286615639925
 1.749755803573047e-13
 8.412689219295527e-14
 1.292002258217878e-13
 7.671647198797052e-14
 8.811814532173542e-14
 1.3586285145961857e-13
 9.73177023992286e-14
 6.353798780514563e-14
 1.4230808100933884e-13
 9.745166235390276e-14
 1.506018752631469e-13
 2.0951355884576972e-13
 2.9464736314883944e-13
 3.1385441121023483e-13
 2.623146383266828e-13
 2.729303599530858e-13
 7.562917016912252e-05
 2.353445400799653e-13
 2.2867758440970817e-14
 1.6916578814835104e-13
 3.4236431371110695e-14
 2.8567331334695967e-14
 1.8545107398522387e-13
 9.699220457825772e-14
 3.264894255015742e-14
 1.8040466852591724e-13
 3.4544272282076294e-13
 1.2007327640853327e-13
 1.5509945758274135e-13
 1.6382984649888216e-13
 1.9693539062958648e-13
 1.539949130669946e-13
 0.0001882487122202292
 0.00042243642383255064
 4.967900167685002e-05
 0.0002783972886390984
 0.0001967366406461224
 3.746357106138021e-05
 4.625737710739486e-05
 0.0005075030494481325
 0.0002692743146326393
 3.6217312299413607e-05
 3.871898297802545e-05
 2.5074641798669695e-13
 2.10932237388467e-13
 2.501676979720785e-13
 2.2060169446377897e-13
 0.00013390336243901402
 1.6500070353000357e-13
 1.3084285987573913e-13
 3.1400319085335415e-13
 1.3101450263217074e-13
 2.1173523817499124e-13
 1.2893799797384503e-13
 1.7140717285205748e-13
 2.2060994795281702e-13
 1.856910756886307e-13
 9.65683086338702e-14
 0.00043060272582806647
 0.00046794224181212485
 0.0001356059219688177
 0.0002600949665065855
 5.186206544749439e-05
 0.00015998646267689764
 1.6424711525749036e-13
 1.9734875626037374e-13
 1.724805736603996e-13
 4.351003064784198e-13
 2.3259188628929617e-13
 1.1668705552584507e-13
 4.149765654801879e-13
 2.597957385244015e-13
 1.6306816736765678e-13
 5.105140485697768e-13
 2.910264802584439e-13
 0.0001436097954865545
 1.0795935001008117e-13
 4.107570674653088e-13
 9.169123222818598e-05
 1.8206170891623547e-13
 0.0001256565301446244
 2.7353304083571617e-13
 2.791278222013388e-13
 1.3893778434605902e-13
 0.0003492313262540847
 0.00011705028009600937
 0.0003550685942173004
 0.00017489370657131076
 0.00015397390234284103
 3.1046248471361393e-13
 4.993236143491231e-05
 0.00013648327148985118
 0.00018608549726195633
 0.00021834034123457968
 4.472211003303528e-05
 3.0674499940964994e-13
 2.5763549280077847e-13
 3.730134961760917e-13
 1.6885651947864955e-13
 8.442462421953678e-05
 0.0004220791161060333
 3.417048719711602e-05
 1.3462164326003e-13
 1.8600159119083054e-13
 9.55201358548291e-14
 2.579692373345238e-13
 7.947652545846687e-14
 5.5623471188195536e-14
 0.0006358838872984052
 0.00014920387184247375
 6.0004171245964244e-05
 0.0005688732489943504
 1.9569454834823113e-13
 1.768289562085329e-13
 2.1289220386577767e-13
 2.07662134558452e-13
 2.285400872454463e-13
 2.0493570490782986e-13
 2.0775918420541661e-13
 2.0525986780487587e-13
 2.655033853361799e-13
 2.6169870307249377e-13
 3.7195623642759246e-13
 1.3728600233627736e-13
 6.468154462556386e-13
 3.486831049587247e-13
 6.505608226604898e-13
 1.5426577387473578e-13
 0.0001698907872196287
 1.827714628949151e-12
 2.028884601556341e-13
 0.00012785404396709055
 2.3444866382484053e-13
 0.00011177240230608732
 3.583749643614256e-14
 2.698157046095509e-14
 1.592392802904699e-13
 1.3010293255059924e-13
 4.8880191073127216e-14
 7.843840865457558e-14
 9.860803402261809e-05
 3.849674976663664e-05
 0.00013350928202271461
 3.8803412794139597e-14
 1.728890468288835e-14
 1.4083489759055164e-14
 4.454171881047679e-14
 4.2215243887394616e-13
 4.1895816243336936e-13
 4.2576272368810564e-13
 4.012406455266432e-13
 4.4143969079105116e-13
 2.1919190637889607e-13
 4.44258142101063e-14
 1.339503594849356e-13
 1.891485828641598e-13
 6.50809633506548e-14
 9.015923722660232e-14
 6.236866220959286e-14
 3.992920428433529e-14
 5.3305694277042126e-14
 6.214047153360255e-14
 1.9839396781223123e-13
 2.0845024111763172e-13
 3.4391483801424205e-13
 3.1901792405669704e-13
 2.6174713980454956e-13
 4.916837878683744e-13
 3.381201297680131e-13
 0.00016878019960131496
 6.289370608515699e-13
 1.0045730794525781e-13
 0.00012248169514350593
 8.885061834007502e-05
 8.435712252428257e-14
 2.839933404175099e-05
 2.5076804782003803e-13
 1.1245872803952381e-13
 1.4600670119550158e-13
 1.363385722678509e-13
 3.0482360342462544e-13
 2.0999297949391565e-13
 1.8636749587151724e-13
 5.26461724014533e-15
 1.7838753748906228e-13
 1.9154422243195662e-13
 1.786030802690842e-15
 2.4763402083299944e-15
 1.830331811678368e-14
 4.582790022439982e-15
 5.914663832491673e-13
 5.253009500636157e-15
 3.624986857175827e-05
 0.00024350181047338992
 9.74868526100181e-05
 0.00012311401951592416
 1.3859220845610642e-13
 1.0609186597808351e-13
 1.1200290234115659e-13
 1.3152974260959016e-13
 1.063564655182786e-13
 2.6134294923464696e-13
 1.2611412565297075e-13
 1.2066951984076452e-13
 1.7111472286855667e-13
 2.4041028499552364e-13
 1.4913065357266553e-13
 2.485437257480211e-13
 1.7745618071784292e-13
 1.4218029423078427e-13
 1.1275659903388704e-13
 1.506791517729908e-13
 3.951374546572878e-13
 2.584414886958042e-13
 3.478562652769329e-13
 8.061116386670619e-05
 2.5727431795206923e-13
 2.2199639858593717e-13
 2.4329705459492923e-13
 2.1198631229308457e-13
 2.0054459124157348e-13
 2.129437441265522e-13
 3.0777425963704474e-13
 1.4833282985151491e-13
 1.3660203339576488e-13
 0.00010488419502507895
 0.00021949813526589423
 4.4516717025544494e-05
 3.9165173802757636e-05
 0.0001691744546405971
 1.3038150305222634e-14
 3.779776953938014e-15
 3.1565790275010037e-15
 1.2212917021415344e-15
 5.41729874053618e-15
 1.2307669260917115e-13
 1.5541794197090897e-13
 1.6494860761561564e-13
 1.2876972979667528e-13
 1.4130013890716053e-13
 1.9355988979587874e-13
 8.792831507386037e-14
 5.92419383406255e-14
 1.0561914705461625e-13
 6.883425443136512e-14
 6.193255543823772e-14
 9.789953949509295e-14
 1.498616091248281e-13
 1.3803460327879713e-13
 1.170878715164858e-13
 1.1795164183477785e-13
 7.488411610636139e-14
 5.819848861729829e-14
 4.285671616850381e-14
 2.1793328318191196e-13
 1.8134983532230864e-13
 1.5699885781619155e-13
 4.2729396952136123e-13
 1.3300600584017358e-13
 0.0001215610682265833
 8.59520587255247e-05
 3.309499213306061e-13
 8.22253932710737e-05
 1.5006141403269002e-13
 2.5199677414211585e-13
 2.352243562691453e-13
 2.6194766299635075e-13
 4.208711829566114e-13
 3.021714551753457e-13
 2.9997277448470805e-13
 3.0384444011386305e-14
 2.4240802236601827e-14
 5.757041029877744e-14
 5.1091658573136634e-14
 4.636170038775948e-15
 2.2250362901980736e-13
 1.9680287401905444e-13
 1.9476069791201506e-13
 2.171579295507861e-13
 4.852662766248201e-15
 4.02353443531428e-13
 2.2940690688234844e-13
 1.285327096492428e-13
 3.929827112596901e-13
 1.4713807971501736e-13
 9.237195426961553e-13
 3.814602314378135e-05
 1.0810012349778304e-14
 8.058753622373297e-15
 2.810907465177013e-14
 4.9664658778765525e-15
 4.534599692268548e-14
 5.378520654630847e-05
 8.241633287289774e-14
 2.8294041840126738e-05
 2.69828132276953e-13
 4.9722202675184235e-05
 8.031216566450894e-05
 1.5569694784747096e-13
 1.7547695609944347e-13
 0.0001438070903532207
 1.972826605854336e-13
 9.273457652822503e-14
 8.653756151336817e-14
 9.355193621727112e-14
 1.1993827968553167e-13
 8.889493552073982e-14
 9.438928588387241e-14
 2.3686323627307437e-13
 1.1173528736366928e-13
 2.2050968635691642e-13
 0.00013865185610484332
 3.953856014295154e-13
 4.35320453729543e-13
 2.8320030240162886e-13
 4.3095166107551264e-13
 0.00030400147079490125
 1.0884590212652256e-13
 2.6879633878706954e-05
 0.00014045106945559382
 1.2614276214285153e-13
 5.023916311040549e-15
 4.192061770684572e-15
 9.742628863493481e-15
 1.0510238072382588e-14
 2.1395679553146835e-14
 1.797002623744534e-13
 1.2735031941751157e-13
 1.3457889858937977e-13
 2.0736079411713682e-13
 1.5206130625500247e-13
 8.257279002265097e-14
 1.4720391789194154e-13
 4.94911132475212e-13
 7.453454899716133e-14
 6.899235143690424e-14
 5.624541698817827e-14
 4.445412543933533e-14
 4.2422286522384237e-14
 9.1971928391308e-14
 2.968357506951021e-14
 6.265070385223781e-14
 5.288337042580471e-14
 7.571878237258578e-14
 7.418205454209556e-14
 8.103887434154564e-14
 0.00016516692994628102
 3.0190287361619994e-05
 3.652014942626819e-13
 6.0052279877709225e-05
 2.0310849898654004e-13
 2.4456397193853285e-13
 0.0001671391073614359
 0.00013809947995468974
 3.527609248547142e-13
 0.00013348647917155176
 5.577923106042659e-13
 1.9339290910878881e-13
 2.1265106375008974e-13
 1.9247435947573194e-13
 1.246583538434473e-13
 2.208051992115545e-13
 5.1014124565276764e-14
 4.227183653029293e-14
 1.0435146399322831e-13
 9.71453142538034e-14
 4.068491352734842e-14
 7.605178829360112e-14
 7.560126163335193e-14
 7.011034005958983e-14
 7.219423084521559e-14
 6.494732865663239e-14
 6.579677395372047e-14
 7.109406379574024e-14
 6.546861306116342e-14
 0.00010686367022572085
 1.9877609486792375e-13
 1.5884572845438483e-13
 1.023854937463875e-12
 1.1422579462155857e-13
 2.045091391155926e-13
 2.0187620834982017e-13
 2.0979434010338915e-13
 5.403891852225062e-13
 2.846743023601772e-13
 3.922109219432063e-13
 3.4919685415815693e-13
 3.043933648975289e-13
 0.0001431994023732841
 3.200146582189173e-13
 2.2651697954411548e-13
 2.988592446434568e-13
 2.369521950613268e-13
 2.416976124450243e-13
 1.6498418299940032e-13
 1.644453074146207e-13
 9.958186043075492e-15
 2.2858971321176e-14
 8.026810824086211e-14
 8.181405178981846e-14
 1.9095268511478032e-14
 1.7320224573146026e-14
 2.6539532764903277e-14
 1.2160267909809563e-13
 7.65167351346463e-05
 2.0446732956931613e-13
 1.4064247542185798e-13
 2.7974565480932967e-13
 2.749661392673075e-13
 2.0360751658895365e-13
 1.7610449773788894e-12
 1.3653905480207063e-13
 1.393150189394482e-13
 1.407490524954133e-13
 3.1825803385905627e-13
 0.00010082348308060318
 2.122800497666652e-13
 3.0898618082544904e-13
 1.1158897428049236e-13
 3.326341751954537e-13
 2.3449403768575905e-13
 4.0830313847821376e-13
 0.00016856675210874528
 1.9439892675211096e-13
 0.00012502528261393309
 2.560377311642409e-13
 1.942333419753181e-13
 1.5277778770816236e-13
 8.998147821466518e-13
 1.8624785416178347e-13
 4.788935632597802e-13
 3.1836379778098223e-13
 2.6183664069388823e-13
 3.038082751951471e-13
 4.60886103587077e-13
 2.2346116927349224e-13
 1.8538348753229655e-13
 0.00011589262430788949
 2.2461179238156964e-13
 9.866575194665203e-14
 3.0645692689242054e-13
 3.237525807338326e-13
 2.7273482409127803e-13
 3.2880984176739125e-13
 2.0671412173135784e-13
 2.0614593203033965e-13
 1.9742862130290445e-13
 0.00012261691153980792
 1.3022369912008697e-13
 0.00014856587222311646
 3.7053213687403275e-13
 2.9642296104671895e-13
 4.009954532053356e-13
 2.872147506806366e-13
 3.1794331707343804e-13
 3.575467829794454e-13
 3.8775062262581816e-13
 3.8508419001291594e-13
 3.6884609407560054e-13
 3.3474460182925103e-13
 0.00018748707952909172
 3.1563361408033785e-13
 1.925971860293474e-13
 0.00022375534172169864
 4.1672991012847715e-13
 6.674572796327993e-05
 2.8076813877314644e-13
 1.9035996195147786e-13
 2.0923846964955584e-13
 0.00015060666191857308
 0.00014217005809769034
 3.743837650917875e-13
 1.69182891437622e-13
 1.8088239510816867e-13
 1.2799384761699034e-13
 2.3401346507280485e-13
 9.553822170231888e-14
 2.1839664408537796e-13
 1.810318523776458e-13
 1.8537625048279521e-13
 0.00012524062185548246
 2.0552082171526598e-13
 3.03988713541703e-13
 3.0310508009279147e-05
 0.00019270113261882216
 3.899153406834027e-13
 2.6995501103618813e-13
 0.00012818773393519223
 1.1540308910307912e-13
 1.379937966195302e-13
 6.333841329024537e-13
 1.459783086511096e-13
 1.9708282857251735e-13
 1.636365603565823e-13
 2.927875498472121e-13
 2.240470450224491e-13
 1.5225662527637573e-13
 9.628265524273816e-14
 5.513300319753833e-13
 3.142784155748396e-13
 5.31223014795662e-13
 3.91371532621268e-13
 0.00022836902644485235
 4.854743451861154e-13
 6.27918995011606e-13
 3.06875347615837e-13
 3.32566819135488e-13
 3.4187884185958584e-13
 2.584282885343542e-13
 1.668137741654696e-13
 6.05500404590037e-13
 2.946875057342757e-13
 2.2163568452315124e-13
 3.181786160499217e-13
 2.0062452404673997e-13
 0.00016337491979356855
 3.8175484908670176e-13
 1.7406071701163428e-13
 1.1956429769865995e-13
 1.9141438922180148e-13
 0.00016041856724768877
 1.7399581395908387e-13
 1.259635028661582e-13
 1.4848303250998562e-13
 1.5556464807737341e-13
 1.5777308658756345e-13
 0.0011399800423532724
 5.438860534923151e-05
 0.00014332999126054347
 0.00013617581862490624
 0.0023046706337481737
 3.905988759430462e-13
 0.00021568201191257685
 0.00012390156916808337
 0.0001103130416595377
 1.7191029687019937e-13
 3.7352770616144726e-14
 1.1453229857572023e-13
 1.1890255490268342e-13
 1.552476409146658e-13
 1.6341286234334423e-13
 1.2677733212188014e-13
 1.3641834244269152e-13
 1.7365503566374452e-13
 1.2376131207098712e-13
 1.1151630562988152e-13
 0.00014292029663920403
 1.2954470395704076e-13
 1.2608691217844137e-13
 1.2732549118776165e-13