9.79962923099491e-14
5.301633215215053e-13
9.42557087880904e-13
1.0263421988915104e-12
8.068391692642749e-13
1.022350662006693e-12
3.53246514443815e-12
1.1512265343490216e-11
2.940283108134045e-11
6.248349277218623e-11
1.1598442475543869e-10
1.9286259872117184e-10
2.9244288197657897e-10
3.8876131589100915e-10
4.5446198887466593e-10
6.596643262017643e-10
7.306553365810098e-10
4.810768211745142e-10
3.2713472230584684e-10
1.6600620617729378e-10
1.6600620617729378e-10
3.2713472230584684e-10
4.810768211745142e-10
7.306553365810098e-10
6.596643262017643e-10
4.5446198887466593e-10
3.8876131589100915e-10
2.9244288197657897e-10
1.9286259872117184e-10
1.1598442475543869e-10
6.248349277218623e-11
2.940283108134045e-11
1.1512265343490216e-11
3.53246514443815e-12
1.022350662006693e-12
8.068391692642749e-13
1.0263421988915104e-12
9.42557087880904e-13
5.301633215215053e-13
9.79962923099491e-14
2.3162274761346453e-13
5.984699642122234e-13
1.1734738335328321e-12
1.575980607815405e-12
1.4822877524207651e-12
1.2948651956982797e-12
2.768500506562842e-12
9.56006531127292e-12
2.7890335169405284e-11
6.751574939314192e-11
1.4289653173845535e-10
2.7530229615088664e-10
4.94250040200539e-10
8.388130684836015e-10
1.254775797154828e-09
1.051248497974111e-09
2.2481027456278113e-09
4.61950703384284e-09
2.039535641068513e-09
8.668084696197842e-10
8.668084696197842e-10
2.039535641068513e-09
4.61950703384284e-09
2.2481027456278113e-09
1.051248497974111e-09
1.254775797154828e-09
8.388130684836015e-10
4.94250040200539e-10
2.7530229615088664e-10
1.4289653173845535e-10
6.751574939314192e-11
2.7890335169405284e-11
9.56006531127292e-12
2.768500506562842e-12
1.2948651956982797e-12
1.4822877524207651e-12
1.575980607815405e-12
1.1734738335328321e-12
5.984699642122234e-13
2.3162274761346453e-13
5.846156286291361e-13
7.609299835230918e-13
1.3001611633218688e-12
1.7995604599573348e-12
1.7978198072507272e-12
1.5715343201170304e-12
3.014828910810944e-12
1.0609670423027823e-11
3.282672121325894e-11
8.43689267754355e-11
1.9004108454002272e-10
3.8870642815602707e-10
7.535870798908162e-10
1.4260872214025277e-09
3.0546129861641624e-09
8.821427963101591e-09
5.591571476670776e-09
3.9784317333591e-09
7.663050928385928e-05
2.2426398572861217e-05
2.2426398572861217e-05
7.663050928385928e-05
3.9784317333591e-09
5.591571476670776e-09
8.821427963101591e-09
3.0546129861641624e-09
1.4260872214025277e-09
7.535870798908162e-10
3.8870642815602707e-10
1.9004108454002272e-10
8.43689267754355e-11
3.282672121325894e-11
1.0609670423027823e-11
3.014828910810944e-12
1.5715343201170304e-12
1.7978198072507272e-12
1.7995604599573348e-12
1.3001611633218688e-12
7.609299835230918e-13
5.846156286291361e-13
9.807693911095057e-13
8.812386787632707e-13
1.3330544172790687e-12
1.845932972720666e-12
1.9065890020735464e-12
1.7754801602998423e-12
3.5411086921484066e-12
1.2424860334927894e-11
3.878323308120421e-11
1.0134217954833186e-10
2.3385378919785205e-10
4.909896816375492e-10
9.895895951642086e-10
1.9488154579666572e-09
4.559739304882404e-09
1.2982402479433386e-08
5.88665934628807e-05
0.0007745025213807821
0.0022626251447945833
0.00377105874940753
0.00377105874940753
0.0022626251447945833
0.0007745025213807821
5.88665934628807e-05
1.2982402479433386e-08
4.559739304882404e-09
1.9488154579666572e-09
9.895895951642086e-10
4.909896816375492e-10
2.3385378919785205e-10
1.0134217954833186e-10
3.878323308120421e-11
1.2424860334927894e-11
3.5411086921484066e-12
1.7754801602998423e-12
1.9065890020735464e-12
1.845932972720666e-12
1.3330544172790687e-12
8.812386787632707e-13
9.807693911095057e-13
1.238259572020051e-12
9.46277256585245e-13
1.3294560095608956e-12
1.8440356189188163e-12
1.943854428346236e-12
1.902176595693062e-12
3.937308564984842e-12
1.3696507510508986e-11
4.258340574147916e-11
1.1162291658475473e-10
2.594795038557418e-10
5.532414804054753e-10
1.1220319378474342e-09
2.2781761286477797e-09
4.66440167740112e-09
9.574725561012354e-09
0.00014993904915172607
0.0014004337135702372
0.009749513119459152
0.01647036336362362
0.01647036336362362
0.009749513119459152
0.0014004337135702372
0.00014993904915172607
9.574725561012354e-09
4.66440167740112e-09
2.2781761286477797e-09
1.1220319378474342e-09
5.532414804054753e-10
2.594795038557418e-10
1.1162291658475473e-10
4.258340574147916e-11
1.3696507510508986e-11
3.937308564984842e-12
1.902176595693062e-12
1.943854428346236e-12
1.8440356189188163e-12
1.3294560095608956e-12
9.46277256585245e-13
1.238259572020051e-12
1.238259572020051e-12
9.46277256585245e-13
1.3294560095608956e-12
1.8440356189188163e-12
1.943854428346236e-12
1.902176595693062e-12
3.937308564984842e-12
1.3696507510508986e-11
4.258340574147916e-11
1.1162291658475473e-10
2.594795038557418e-10
5.532414804054753e-10
1.1220319378474342e-09
2.2781761286477797e-09
4.66440167740112e-09
9.574725561012354e-09
0.00014993904915172607
0.0014004337135702372
0.009749513119459152
0.01647036336362362
0.01647036336362362
0.009749513119459152
0.0014004337135702372
0.00014993904915172607
9.574725561012354e-09
4.66440167740112e-09
2.2781761286477797e-09
1.1220319378474342e-09
5.532414804054753e-10
2.594795038557418e-10
1.1162291658475473e-10
4.258340574147916e-11
1.3696507510508986e-11
3.937308564984842e-12
1.902176595693062e-12
1.943854428346236e-12
1.8440356189188163e-12
1.3294560095608956e-12
9.46277256585245e-13
1.238259572020051e-12
9.807693911095057e-13
8.812386787632707e-13
1.3330544172790687e-12
1.845932972720666e-12
1.9065890020735464e-12
1.7754801602998423e-12
3.5411086921484066e-12
1.2424860334927894e-11
3.878323308120421e-11
1.0134217954833186e-10
2.3385378919785205e-10
4.909896816375492e-10
9.895895951642086e-10
1.9488154579666572e-09
4.559739304882404e-09
1.2982402479433386e-08
5.88665934628807e-05
0.0007745025213807821
0.0022626251447945833
0.00377105874940753
0.00377105874940753
0.0022626251447945833
0.0007745025213807821
5.88665934628807e-05
1.2982402479433386e-08
4.559739304882404e-09
1.9488154579666572e-09
9.895895951642086e-10
4.909896816375492e-10
2.3385378919785205e-10
1.0134217954833186e-10
3.878323308120421e-11
1.2424860334927894e-11
3.5411086921484066e-12
1.7754801602998423e-12
1.9065890020735464e-12
1.845932972720666e-12
1.3330544172790687e-12
8.812386787632707e-13
9.807693911095057e-13
5.846156286291361e-13
7.609299835230918e-13
1.3001611633218688e-12
1.7995604599573348e-12
1.7978198072507272e-12
1.5715343201170304e-12
3.014828910810944e-12
1.0609670423027823e-11
3.282672121325894e-11
8.43689267754355e-11
1.9004108454002272e-10
3.8870642815602707e-10
7.535870798908162e-10
1.4260872214025277e-09
3.0546129861641624e-09
8.821427963101591e-09
5.591571476670776e-09
3.9784317333591e-09
7.663050928385928e-05
2.2426398572861217e-05
2.2426398572861217e-05
7.663050928385928e-05
3.9784317333591e-09
5.591571476670776e-09
8.821427963101591e-09
3.0546129861641624e-09
1.4260872214025277e-09
7.535870798908162e-10
3.8870642815602707e-10
1.9004108454002272e-10
8.43689267754355e-11
3.282672121325894e-11
1.0609670423027823e-11
3.014828910810944e-12
1.5715343201170304e-12
1.7978198072507272e-12
1.7995604599573348e-12
1.3001611633218688e-12
7.609299835230918e-13
5.846156286291361e-13
2.3162274761346453e-13
5.984699642122234e-13
1.1734738335328321e-12
1.575980607815405e-12
1.4822877524207651e-12
1.2948651956982797e-12
2.768500506562842e-12
9.56006531127292e-12
2.7890335169405284e-11
6.751574939314192e-11
1.4289653173845535e-10
2.7530229615088664e-10
4.94250040200539e-10
8.388130684836015e-10
1.254775797154828e-09
1.051248497974111e-09
2.2481027456278113e-09
4.61950703384284e-09
2.039535641068513e-09
8.668084696197842e-10
8.668084696197842e-10
2.039535641068513e-09
4.61950703384284e-09
2.2481027456278113e-09
1.051248497974111e-09
1.254775797154828e-09
8.388130684836015e-10
4.94250040200539e-10
2.7530229615088664e-10
1.4289653173845535e-10
6.751574939314192e-11
2.7890335169405284e-11
9.56006531127292e-12
2.768500506562842e-12
1.2948651956982797e-12
1.4822877524207651e-12
1.575980607815405e-12
1.1734738335328321e-12
5.984699642122234e-13
2.3162274761346453e-13
9.79962923099491e-14
5.301633215215053e-13
9.42557087880904e-13
1.0263421988915104e-12
8.068391692642749e-13
1.022350662006693e-12
3.53246514443815e-12
1.1512265343490216e-11
2.940283108134045e-11
6.248349277218623e-11
1.1598442475543869e-10
1.9286259872117184e-10
2.9244288197657897e-10
3.8876131589100915e-10
4.5446198887466593e-10
6.596643262017643e-10
7.306553365810098e-10
4.810768211745142e-10
3.2713472230584684e-10
1.6600620617729378e-10
1.6600620617729378e-10
3.2713472230584684e-10
4.810768211745142e-10
7.306553365810098e-10
6.596643262017643e-10
4.5446198887466593e-10
3.8876131589100915e-10
2.9244288197657897e-10
1.9286259872117184e-10
1.1598442475543869e-10
6.248349277218623e-11
2.940283108134045e-11
1.1512265343490216e-11
3.53246514443815e-12
1.022350662006693e-12
8.068391692642749e-13
1.0263421988915104e-12
9.42557087880904e-13
5.301633215215053e-13
9.79962923099491e-14
5.407242871265496e-13
1.087186693075155e-12
8.499902569105203e-13
6.919761547211122e-13
2.7060760841743315e-12
9.644897355006333e-12
2.490836753705778e-11
5.2664198956636765e-11
9.765690860141785e-11
1.6441561382762176e-10
2.55485980678663e-10
3.673977897085401e-10
4.914303014004473e-10
5.880910450457855e-10
6.250606044040652e-10
7.292438137726509e-10
7.674953337796775e-10
5.812841527563783e-10
4.0645142958782576e-10
2.1441150992260877e-10
2.1441150992260877e-10
4.0645142958782576e-10
5.812841527563783e-10
7.674953337796775e-10
7.292438137726509e-10
6.250606044040652e-10
5.880910450457855e-10
4.914303014004473e-10
3.673977897085401e-10
2.55485980678663e-10
1.6441561382762176e-10
9.765690860141785e-11
5.2664198956636765e-11
2.490836753705778e-11
9.644897355006333e-12
2.7060760841743315e-12
6.919761547211122e-13
8.499902569105203e-13
1.087186693075155e-12
5.407242871265496e-13
5.298992590001988e-13
6.838341034551894e-13
4.726618546224367e-13
5.247309815934083e-13
2.4778621147779735e-12
8.696869281319113e-12
2.251145911390598e-11
4.871670693804356e-11
9.413611790033347e-11
1.6833412376689172e-10
2.8455761510136346e-10
4.5935846272604497e-10
7.116347441882276e-10
1.0963259380186718e-09
1.4778926780284474e-09
1.3409130576735873e-09
2.052721924730716e-09
3.6811096705557933e-09
2.195197365897905e-09
8.995256254272499e-10
8.995256254272499e-10
2.195197365897905e-09
3.6811096705557933e-09
2.052721924730716e-09
1.3409130576735873e-09
1.4778926780284474e-09
1.0963259380186718e-09
7.116347441882276e-10
4.5935846272604497e-10
2.8455761510136346e-10
1.6833412376689172e-10
9.413611790033347e-11
4.871670693804356e-11
2.251145911390598e-11
8.696869281319113e-12
2.4778621147779735e-12
5.247309815934083e-13
4.726618546224367e-13
6.838341034551894e-13
5.298992590001988e-13
6.906464188730413e-13
6.328238735474041e-13
3.72298694177508e-13
4.891266398698434e-13
2.454501793125647e-12
8.549264472897632e-12
2.2386997786702327e-11
4.987097567592594e-11
1.0060543029081007e-10
1.9002591926213508e-10
3.436132942850195e-10
6.022250298269582e-10
1.0229146089196783e-09
1.7715732309950272e-09
3.3295523456378096e-09
6.097041274633064e-09
3.337864490013387e-09
2.9146964789644736e-09
0.00020512477203737944
0.00015696085756644607
0.00015696085756644607
0.00020512477203737944
2.9146964789644736e-09
3.337864490013387e-09
6.097041274633064e-09
3.3295523456378096e-09
1.7715732309950272e-09
1.0229146089196783e-09
6.022250298269582e-10
3.436132942850195e-10
1.9002591926213508e-10
1.0060543029081007e-10
4.987097567592594e-11
2.2386997786702327e-11
8.549264472897632e-12
2.454501793125647e-12
4.891266398698434e-13
3.72298694177508e-13
6.328238735474041e-13
6.906464188730413e-13
8.762991002522389e-13
6.314945612158069e-13
3.0274540427688876e-13
4.3484233645334463e-13
2.45911367576521e-12
8.706876975590923e-12
2.3139046153317425e-11
5.268379929903623e-11
1.0940280257241974e-10
2.1362374217660796e-10
4.013769297397246e-10
7.373596091347911e-10
1.3256182176263342e-09
2.3242289169667085e-09
4.944434618681104e-09
6.819851974815272e-09
0.0005538141704164445
0.0017494390485808253
0.0015009002527222037
0.0009149950928986073
0.0009149950928986073
0.0015009002527222037
0.0017494390485808253
0.0005538141704164445
6.819851974815272e-09
4.944434618681104e-09
2.3242289169667085e-09
1.3256182176263342e-09
7.373596091347911e-10
4.013769297397246e-10
2.1362374217660796e-10
1.0940280257241974e-10
5.268379929903623e-11
2.3139046153317425e-11
8.706876975590923e-12
2.45911367576521e-12
4.3484233645334463e-13
3.0274540427688876e-13
6.314945612158069e-13
8.762991002522389e-13
1.0005589394935632e-12
6.349691433050033e-13
2.5973246241038455e-13
3.964257129959975e-13
2.4705369738501183e-12
8.87149359372506e-12
2.3783543358487855e-11
5.473509625685165e-11
1.1520348748312453e-10
2.2838309477087038e-10
4.3564536201558257e-10
8.220829616004122e-10
1.4976557320689476e-09
2.676182626198953e-09
5.010641207503497e-09
4.084892580441535e-09
0.0009909685468301177
0.002205977449193597
0.0028916150331497192
0.0015291925519704819
0.0015291925519704819
0.0028916150331497192
0.002205977449193597
0.0009909685468301177
4.084892580441535e-09
5.010641207503497e-09
2.676182626198953e-09
1.4976557320689476e-09
8.220829616004122e-10
4.3564536201558257e-10
2.2838309477087038e-10
1.1520348748312453e-10
5.473509625685165e-11
2.3783543358487855e-11
8.87149359372506e-12
2.4705369738501183e-12
3.964257129959975e-13
2.5973246241038455e-13
6.349691433050033e-13
1.0005589394935632e-12
1.0005589394935632e-12
6.349691433050033e-13
2.5973246241038455e-13
3.964257129959975e-13
2.4705369738501183e-12
8.87149359372506e-12
2.3783543358487855e-11
5.473509625685165e-11
1.1520348748312453e-10
2.2838309477087038e-10
4.3564536201558257e-10
8.220829616004122e-10
1.4976557320689476e-09
2.676182626198953e-09
5.010641207503497e-09
4.084892580441535e-09
0.0009909685468301177
0.002205977449193597
0.0028916150331497192
0.0015291925519704819
0.0015291925519704819
0.0028916150331497192
0.002205977449193597
0.0009909685468301177
4.084892580441535e-09
5.010641207503497e-09
2.676182626198953e-09
1.4976557320689476e-09
8.220829616004122e-10
4.3564536201558257e-10
2.2838309477087038e-10
1.1520348748312453e-10
5.473509625685165e-11
2.3783543358487855e-11
8.87149359372506e-12
2.4705369738501183e-12
3.964257129959975e-13
2.5973246241038455e-13
6.349691433050033e-13
1.0005589394935632e-12
8.762991002522389e-13
6.314945612158069e-13
3.0274540427688876e-13
4.3484233645334463e-13
2.45911367576521e-12
8.706876975590923e-12
2.3139046153317425e-11
5.268379929903623e-11
1.0940280257241974e-10
2.1362374217660796e-10
4.013769297397246e-10
7.373596091347911e-10
1.3256182176263342e-09
2.3242289169667085e-09
4.944434618681104e-09
6.819851974815272e-09
0.0005538141704164445
0.0017494390485808253
0.0015009002527222037
0.0009149950928986073
0.0009149950928986073
0.0015009002527222037
0.0017494390485808253
0.0005538141704164445
6.819851974815272e-09
4.944434618681104e-09
2.3242289169667085e-09
1.3256182176263342e-09
7.373596091347911e-10
4.013769297397246e-10
2.1362374217660796e-10
1.0940280257241974e-10
5.268379929903623e-11
2.3139046153317425e-11
8.706876975590923e-12
2.45911367576521e-12
4.3484233645334463e-13
3.0274540427688876e-13
6.314945612158069e-13
8.762991002522389e-13
6.906464188730413e-13
6.328238735474041e-13
3.72298694177508e-13
4.891266398698434e-13
2.454501793125647e-12
8.549264472897632e-12
2.2386997786702327e-11
4.987097567592594e-11
1.0060543029081007e-10
1.9002591926213508e-10
3.436132942850195e-10
6.022250298269582e-10
1.0229146089196783e-09
1.7715732309950272e-09
3.3295523456378096e-09
6.097041274633064e-09
3.337864490013387e-09
2.9146964789644736e-09
0.00020512477203737944
0.00015696085756644607
0.00015696085756644607
0.00020512477203737944
2.9146964789644736e-09
3.337864490013387e-09
6.097041274633064e-09
3.3295523456378096e-09
1.7715732309950272e-09
1.0229146089196783e-09
6.022250298269582e-10
3.436132942850195e-10
1.9002591926213508e-10
1.0060543029081007e-10
4.987097567592594e-11
2.2386997786702327e-11
8.549264472897632e-12
2.454501793125647e-12
4.891266398698434e-13
3.72298694177508e-13
6.328238735474041e-13
6.906464188730413e-13
5.298992590001988e-13
6.838341034551894e-13
4.726618546224367e-13
5.247309815934083e-13
2.4778621147779735e-12
8.696869281319113e-12
2.251145911390598e-11
4.871670693804356e-11
9.413611790033347e-11
1.6833412376689172e-10
2.8455761510136346e-10
4.5935846272604497e-10
7.116347441882276e-10
1.0963259380186718e-09
1.4778926780284474e-09
1.3409130576735873e-09
2.052721924730716e-09
3.6811096705557933e-09
2.195197365897905e-09
8.995256254272499e-10
8.995256254272499e-10
2.195197365897905e-09
3.6811096705557933e-09
2.052721924730716e-09
1.3409130576735873e-09
1.4778926780284474e-09
1.0963259380186718e-09
7.116347441882276e-10
4.5935846272604497e-10
2.8455761510136346e-10
1.6833412376689172e-10
9.413611790033347e-11
4.871670693804356e-11
2.251145911390598e-11
8.696869281319113e-12
2.4778621147779735e-12
5.247309815934083e-13
4.726618546224367e-13
6.838341034551894e-13
5.298992590001988e-13
5.407242871265496e-13
1.087186693075155e-12
8.499902569105203e-13
6.919761547211122e-13
2.7060760841743315e-12
9.644897355006333e-12
2.490836753705778e-11
5.2664198956636765e-11
9.765690860141785e-11
1.6441561382762176e-10
2.55485980678663e-10
3.673977897085401e-10
4.914303014004473e-10
5.880910450457855e-10
6.250606044040652e-10
7.292438137726509e-10
7.674953337796775e-10
5.812841527563783e-10
4.0645142958782576e-10
2.1441150992260877e-10
2.1441150992260877e-10
4.0645142958782576e-10
5.812841527563783e-10
7.674953337796775e-10
7.292438137726509e-10
6.250606044040652e-10
5.880910450457855e-10
4.914303014004473e-10
3.673977897085401e-10
2.55485980678663e-10
1.6441561382762176e-10
9.765690860141785e-11
5.2664198956636765e-11
2.490836753705778e-11
9.644897355006333e-12
2.7060760841743315e-12
6.919761547211122e-13
8.499902569105203e-13
1.087186693075155e-12
5.407242871265496e-13
1.039442304574627e-12
7.768101042786562e-13
8.946329166373214e-13
3.245557297511226e-12
1.1221864332688816e-11
2.8940141027968685e-11
6.092018165967938e-11
1.1199401188334221e-10
1.8691303929965764e-10
2.8930658324717584e-10
4.194425568589816e-10
5.699046378045136e-10
7.265556429061903e-10
8.470434640153734e-10
8.950001113491868e-10
9.747156424003145e-10
9.905564866616312e-10
7.595819589631403e-10
5.623180957328722e-10
4.282605899682407e-10
4.282605899682407e-10
5.623180957328722e-10
7.595819589631403e-10
9.905564866616312e-10
9.747156424003145e-10
8.950001113491868e-10
8.470434640153734e-10
7.265556429061903e-10
5.699046378045136e-10
4.194425568589816e-10
2.8930658324717584e-10
1.8691303929965764e-10
1.1199401188334221e-10
6.092018165967938e-11
2.8940141027968685e-11
1.1221864332688816e-11
3.245557297511226e-12
8.946329166373214e-13
7.768101042786562e-13
1.039442304574627e-12
1.0692056659126039e-12
4.0745574956536337e-13
7.155846040874248e-13
3.3917109267358244e-12
1.131878861877723e-11
2.823755938547324e-11
5.864919823666409e-11
1.0811682359937111e-10
1.8365560808253356e-10
2.938393614797946e-10
4.492874442710987e-10
6.620072870965055e-10
9.32733274297548e-10
1.2657649451144892e-09
1.615969185721211e-09
1.4635622358136202e-09
1.734623946217373e-09
3.3807119430295796e-09
2.5220821524979398e-09
1.4922329864830441e-09
1.4922329864830441e-09
2.5220821524979398e-09
3.3807119430295796e-09
1.734623946217373e-09
1.4635622358136202e-09
1.615969185721211e-09
1.2657649451144892e-09
9.32733274297548e-10
6.620072870965055e-10
4.492874442710987e-10
2.938393614797946e-10
1.8365560808253356e-10
1.0811682359937111e-10
5.864919823666409e-11
2.823755938547324e-11
1.131878861877723e-11
3.3917109267358244e-12
7.155846040874248e-13
4.0745574956536337e-13
1.0692056659126039e-12
1.1240275440830335e-12
3.126591308311123e-13
6.452734579270294e-13
3.4214282306572943e-12
1.1355363501439671e-11
2.8146533836829503e-11
5.868870385332403e-11
1.098376692875401e-10
1.9170204161068904e-10
3.1928911012509e-10
5.145139414346189e-10
8.158685315881598e-10
1.2508802587490875e-09
1.9063255748269503e-09
2.6803869453834173e-09
4.367740977923029e-09
2.4704027885846802e-09
3.95389320242967e-09
2.881525964018583e-09
1.6732109404601903e-09
1.6732109404601903e-09
2.881525964018583e-09
3.95389320242967e-09
2.4704027885846802e-09
4.367740977923029e-09
2.6803869453834173e-09
1.9063255748269503e-09
1.2508802587490875e-09
8.158685315881598e-10
5.145139414346189e-10
3.1928911012509e-10
1.9170204161068904e-10
1.098376692875401e-10
5.868870385332403e-11
2.8146533836829503e-11
1.1355363501439671e-11
3.4214282306572943e-12
6.452734579270294e-13
3.126591308311123e-13
1.1240275440830335e-12
1.1821732854176074e-12
2.624224272926274e-13
5.869645039314315e-13
3.4094602903873015e-12
1.1426532056700925e-11
2.844127927961737e-11
5.981312315014517e-11
1.1361712352192521e-10
2.0267629534300585e-10
3.4790996038952526e-10
5.80264569033373e-10
9.603198227944865e-10
1.5794329819712738e-09
2.4888201308886915e-09
3.806962124014435e-09
3.903635227564539e-09
0.0016812533140182495
0.0017301366897299886
0.0015742180403321981
0.0012504118494689465
0.0012504118494689465
0.0015742180403321981
0.0017301366897299886
0.0016812533140182495
3.903635227564539e-09
3.806962124014435e-09
2.4888201308886915e-09
1.5794329819712738e-09
9.603198227944865e-10
5.80264569033373e-10
3.4790996038952526e-10
2.0267629534300585e-10
1.1361712352192521e-10
5.981312315014517e-11
2.844127927961737e-11
1.1426532056700925e-11
3.4094602903873015e-12
5.869645039314315e-13
2.624224272926274e-13
1.1821732854176074e-12
1.2204258227112037e-12
2.3567760021108927e-13
5.463934257029634e-13
3.391833111238466e-12
1.1476634902563964e-11
2.870190792935573e-11
6.072590618289714e-11
1.1633871492035264e-10
2.0992178806876483e-10
3.660258131744226e-10
6.202956984863173e-10
1.0461024407826258e-09
1.7890773498091539e-09
2.843537688299036e-09
4.3434049759594195e-09
0.0008364906534552574
0.0014685934875160456
0.0015086909988895059
0.0014376254985108972
0.0011823198292404413
0.0011823198292404413
0.0014376254985108972
0.0015086909988895059
0.0014685934875160456
0.0008364906534552574
4.3434049759594195e-09
2.843537688299036e-09
1.7890773498091539e-09
1.0461024407826258e-09
6.202956984863173e-10
3.660258131744226e-10
2.0992178806876483e-10
1.1633871492035264e-10
6.072590618289714e-11
2.870190792935573e-11
1.1476634902563964e-11
3.391833111238466e-12
5.463934257029634e-13
2.3567760021108927e-13
1.2204258227112037e-12
1.2204258227112037e-12
2.3567760021108927e-13
5.463934257029634e-13
3.391833111238466e-12
1.1476634902563964e-11
2.870190792935573e-11
6.072590618289714e-11
1.1633871492035264e-10
2.0992178806876483e-10
3.660258131744226e-10
6.202956984863173e-10
1.0461024407826258e-09
1.7890773498091539e-09
2.843537688299036e-09
4.3434049759594195e-09
0.0008364906534552574
0.0014685934875160456
0.0015086909988895059
0.0014376254985108972
0.0011823198292404413
0.0011823198292404413
0.0014376254985108972
0.0015086909988895059
0.0014685934875160456
0.0008364906534552574
4.3434049759594195e-09
2.843537688299036e-09
1.7890773498091539e-09
1.0461024407826258e-09
6.202956984863173e-10
3.660258131744226e-10
2.0992178806876483e-10
1.1633871492035264e-10
6.072590618289714e-11
2.870190792935573e-11
1.1476634902563964e-11
3.391833111238466e-12
5.463934257029634e-13
2.3567760021108927e-13
1.2204258227112037e-12
1.1821732854176074e-12
2.624224272926274e-13
5.869645039314315e-13
3.4094602903873015e-12
1.1426532056700925e-11
2.844127927961737e-11
5.981312315014517e-11
1.1361712352192521e-10
2.0267629534300585e-10
3.4790996038952526e-10
5.80264569033373e-10
9.603198227944865e-10
1.5794329819712738e-09
2.4888201308886915e-09
3.806962124014435e-09
3.903635227564539e-09
0.0016812533140182495
0.0017301366897299886
0.0015742180403321981
0.0012504118494689465
0.0012504118494689465
0.0015742180403321981
0.0017301366897299886
0.0016812533140182495
3.903635227564539e-09
3.806962124014435e-09
2.4888201308886915e-09
1.5794329819712738e-09
9.603198227944865e-10
5.80264569033373e-10
3.4790996038952526e-10
2.0267629534300585e-10
1.1361712352192521e-10
5.981312315014517e-11
2.844127927961737e-11
1.1426532056700925e-11
3.4094602903873015e-12
5.869645039314315e-13
2.624224272926274e-13
1.1821732854176074e-12
1.1240275440830335e-12
3.126591308311123e-13
6.452734579270294e-13
3.4214282306572943e-12
1.1355363501439671e-11
2.8146533836829503e-11
5.868870385332403e-11
1.098376692875401e-10
1.9170204161068904e-10
3.1928911012509e-10
5.145139414346189e-10
8.158685315881598e-10
1.2508802587490875e-09
1.9063255748269503e-09
2.6803869453834173e-09
4.367740977923029e-09
2.4704027885846802e-09
3.95389320242967e-09
2.881525964018583e-09
1.6732109404601903e-09
1.6732109404601903e-09
2.881525964018583e-09
3.95389320242967e-09
2.4704027885846802e-09
4.367740977923029e-09
2.6803869453834173e-09
1.9063255748269503e-09
1.2508802587490875e-09
8.158685315881598e-10
5.145139414346189e-10
3.1928911012509e-10
1.9170204161068904e-10
1.098376692875401e-10
5.868870385332403e-11
2.8146533836829503e-11
1.1355363501439671e-11
3.4214282306572943e-12
6.452734579270294e-13
3.126591308311123e-13
1.1240275440830335e-12
1.0692056659126039e-12
4.0745574956536337e-13
7.155846040874248e-13
3.3917109267358244e-12
1.131878861877723e-11
2.823755938547324e-11
5.864919823666409e-11
1.0811682359937111e-10
1.8365560808253356e-10
2.938393614797946e-10
4.492874442710987e-10
6.620072870965055e-10
9.32733274297548e-10
1.2657649451144892e-09
1.615969185721211e-09
1.4635622358136202e-09
1.734623946217373e-09
3.3807119430295796e-09
2.5220821524979398e-09
1.4922329864830441e-09
1.4922329864830441e-09
2.5220821524979398e-09
3.3807119430295796e-09
1.734623946217373e-09
1.4635622358136202e-09
1.615969185721211e-09
1.2657649451144892e-09
9.32733274297548e-10
6.620072870965055e-10
4.492874442710987e-10
2.938393614797946e-10
1.8365560808253356e-10
1.0811682359937111e-10
5.864919823666409e-11
2.823755938547324e-11
1.131878861877723e-11
3.3917109267358244e-12
7.155846040874248e-13
4.0745574956536337e-13
1.0692056659126039e-12
1.039442304574627e-12
7.768101042786562e-13
8.946329166373214e-13
3.245557297511226e-12
1.1221864332688816e-11
2.8940141027968685e-11
6.092018165967938e-11
1.1199401188334221e-10
1.8691303929965764e-10
2.8930658324717584e-10
4.194425568589816e-10
5.699046378045136e-10
7.265556429061903e-10
8.470434640153734e-10
8.950001113491868e-10
9.747156424003145e-10
9.905564866616312e-10
7.595819589631403e-10
5.623180957328722e-10
4.282605899682407e-10
4.282605899682407e-10
5.623180957328722e-10
7.595819589631403e-10
9.905564866616312e-10
9.747156424003145e-10
8.950001113491868e-10
8.470434640153734e-10
7.265556429061903e-10
5.699046378045136e-10
4.194425568589816e-10
2.8930658324717584e-10
1.8691303929965764e-10
1.1199401188334221e-10
6.092018165967938e-11
2.8940141027968685e-11
1.1221864332688816e-11
3.245557297511226e-12
8.946329166373214e-13
7.768101042786562e-13
1.039442304574627e-12
1.2261293190615405e-12
4.352845935309298e-13
2.7938123921256424e-12
1.0360271736104161e-11
2.724872973471678e-11
5.831094071137577e-11
1.086197646583964e-10
1.8310559232043166e-10
2.860621895611759e-10
4.1952289623996275e-10
5.816263269620148e-10
7.611342112134878e-10
9.327262269834269e-10
1.0672588030349872e-09
1.126121331601615e-09
1.1416443962061762e-09
1.1465762150483783e-09
1.0427689527831019e-09
8.198228337516489e-10
6.492564732368811e-10
6.492564732368811e-10
8.198228337516489e-10
1.0427689527831019e-09
1.1465762150483783e-09
1.1416443962061762e-09
1.126121331601615e-09
1.0672588030349872e-09
9.327262269834269e-10
7.611342112134878e-10
5.816263269620148e-10
4.1952289623996275e-10
2.860621895611759e-10
1.8310559232043166e-10
1.086197646583964e-10
5.831094071137577e-11
2.724872973471678e-11
1.0360271736104161e-11
2.7938123921256424e-12
4.352845935309298e-13
1.2261293190615405e-12
1.4458479715134115e-12
3.8296172725269635e-13
3.1052403605679206e-12
1.1136779026104174e-11
2.803836772946513e-11
5.832316509087054e-11
1.071009871501244e-10
1.8008112904512041e-10
2.837240804711566e-10
4.2498966043406916e-10
6.086971746956105e-10
8.413111244991167e-10
1.1158261814525616e-09
1.3490498865578737e-09
1.5162256216186276e-09
1.6321297612031938e-09
1.6555532986184396e-09
1.5733743518112075e-09
1.1187721755956392e-09
7.650473679045311e-10
7.650473679045311e-10
1.1187721755956392e-09
1.5733743518112075e-09
1.6555532986184396e-09
1.6321297612031938e-09
1.5162256216186276e-09
1.3490498865578737e-09
1.1158261814525616e-09
8.413111244991167e-10
6.086971746956105e-10
4.2498966043406916e-10
2.837240804711566e-10
1.8008112904512041e-10
1.071009871501244e-10
5.832316509087054e-11
2.803836772946513e-11
1.1136779026104174e-11
3.1052403605679206e-12
3.8296172725269635e-13
1.4458479715134115e-12
1.4965238351652681e-12
3.916919370213688e-13
3.2192880529597918e-12
1.1418874878857746e-11
2.8373530196364183e-11
5.859666186514359e-11
1.0768076426186102e-10
1.8271896582572333e-10
2.931957248600986e-10
4.525217006667859e-10
6.759288766720883e-10
9.814271791086515e-10
1.4198938249124216e-09
1.8457004587885129e-09
2.4568652234185917e-09
1.6562763530472702e-09
1.8392076056583662e-09
1.6294646838430071e-09
1.3285446961303071e-09
9.399688059158473e-10
9.399688059158473e-10
1.3285446961303071e-09
1.6294646838430071e-09
1.8392076056583662e-09
1.6562763530472702e-09
2.4568652234185917e-09
1.8457004587885129e-09
1.4198938249124216e-09
9.814271791086515e-10
6.759288766720883e-10
4.525217006667859e-10
2.931957248600986e-10
1.8271896582572333e-10
1.0768076426186102e-10
5.859666186514359e-11
2.8373530196364183e-11
1.1418874878857746e-11
3.2192880529597918e-12
3.916919370213688e-13
1.4965238351652681e-12
1.4942854447230302e-12
3.643091617816502e-13
3.2383509529542234e-12
1.1504086393351529e-11
2.8561957757678585e-11
5.907024815034884e-11
1.0917232151934006e-10
1.8731755513021198e-10
3.055394208039547e-10
4.831440694567923e-10
7.474723964784324e-10
1.1161559957534317e-09
1.6864361469803857e-09
2.5395998238392226e-09
3.5725597827274136e-09
0.0009143049828708172
0.0015462859300896525
0.001352753140963614
0.001291759079322219
0.001086117816157639
0.001086117816157639
0.001291759079322219
0.001352753140963614
0.0015462859300896525
0.0009143049828708172
3.5725597827274136e-09
2.5395998238392226e-09
1.6864361469803857e-09
1.1161559957534317e-09
7.474723964784324e-10
4.831440694567923e-10
3.055394208039547e-10
1.8731755513021198e-10
1.0917232151934006e-10
5.907024815034884e-11
2.8561957757678585e-11
1.1504086393351529e-11
3.2383509529542234e-12
3.643091617816502e-13
1.4942854447230302e-12
1.4892444340165647e-12
3.381415347141067e-13
3.2270976967334764e-12
1.1532795728065766e-11
2.8674128636817578e-11
5.944079457158649e-11
1.1032322245422416e-10
1.9059849998195183e-10
3.137013760735885e-10
5.022526448558717e-10
7.939373984633402e-10
1.1920158870387665e-09
1.855195901415141e-09
2.88711329149427e-09
5.467865743513656e-09
0.0017643013270571828
0.0014295590808615088
0.0012817502720281482
0.0012195734307169914
0.0011059492826461792
0.0011059492826461792
0.0012195734307169914
0.0012817502720281482
0.0014295590808615088
0.0017643013270571828
5.467865743513656e-09
2.88711329149427e-09
1.855195901415141e-09
1.1920158870387665e-09
7.939373984633402e-10
5.022526448558717e-10
3.137013760735885e-10
1.9059849998195183e-10
1.1032322245422416e-10
5.944079457158649e-11
2.8674128636817578e-11
1.1532795728065766e-11
3.2270976967334764e-12
3.381415347141067e-13
1.4892444340165647e-12
1.4892444340165647e-12
3.381415347141067e-13
3.2270976967334764e-12
1.1532795728065766e-11
2.8674128636817578e-11
5.944079457158649e-11
1.1032322245422416e-10
1.9059849998195183e-10
3.137013760735885e-10
5.022526448558717e-10
7.939373984633402e-10
1.1920158870387665e-09
1.855195901415141e-09
2.88711329149427e-09
5.467865743513656e-09
0.0017643013270571828
0.0014295590808615088
0.0012817502720281482
0.0012195734307169914
0.0011059492826461792
0.0011059492826461792
0.0012195734307169914
0.0012817502720281482
0.0014295590808615088
0.0017643013270571828
5.467865743513656e-09
2.88711329149427e-09
1.855195901415141e-09
1.1920158870387665e-09
7.939373984633402e-10
5.022526448558717e-10
3.137013760735885e-10
1.9059849998195183e-10
1.1032322245422416e-10
5.944079457158649e-11
2.8674128636817578e-11
1.1532795728065766e-11
3.2270976967334764e-12
3.381415347141067e-13
1.4892444340165647e-12
1.4942854447230302e-12
3.643091617816502e-13
3.2383509529542234e-12
1.1504086393351529e-11
2.8561957757678585e-11
5.907024815034884e-11
1.0917232151934006e-10
1.8731755513021198e-10
3.055394208039547e-10
4.831440694567923e-10
7.474723964784324e-10
1.1161559957534317e-09
1.6864361469803857e-09
2.5395998238392226e-09
3.5725597827274136e-09
0.0009143049828708172
0.0015462859300896525
0.001352753140963614
0.001291759079322219
0.001086117816157639
0.001086117816157639
0.001291759079322219
0.001352753140963614
0.0015462859300896525
0.0009143049828708172
3.5725597827274136e-09
2.5395998238392226e-09
1.6864361469803857e-09
1.1161559957534317e-09
7.474723964784324e-10
4.831440694567923e-10
3.055394208039547e-10
1.8731755513021198e-10
1.0917232151934006e-10
5.907024815034884e-11
2.8561957757678585e-11
1.1504086393351529e-11
3.2383509529542234e-12
3.643091617816502e-13
1.4942854447230302e-12
1.4965238351652681e-12
3.916919370213688e-13
3.2192880529597918e-12
1.1418874878857746e-11
2.8373530196364183e-11
5.859666186514359e-11
1.0768076426186102e-10
1.8271896582572333e-10
2.931957248600986e-10
4.525217006667859e-10
6.759288766720883e-10
9.814271791086515e-10
1.4198938249124216e-09
1.8457004587885129e-09
2.4568652234185917e-09
1.6562763530472702e-09
1.8392076056583662e-09
1.6294646838430071e-09
1.3285446961303071e-09
9.399688059158473e-10
9.399688059158473e-10
1.3285446961303071e-09
1.6294646838430071e-09
1.8392076056583662e-09
1.6562763530472702e-09
2.4568652234185917e-09
1.8457004587885129e-09
1.4198938249124216e-09
9.814271791086515e-10
6.759288766720883e-10
4.525217006667859e-10
2.931957248600986e-10
1.8271896582572333e-10
1.0768076426186102e-10
5.859666186514359e-11
2.8373530196364183e-11
1.1418874878857746e-11
3.2192880529597918e-12
3.916919370213688e-13
1.4965238351652681e-12
1.4458479715134115e-12
3.8296172725269635e-13
3.1052403605679206e-12
1.1136779026104174e-11
2.803836772946513e-11
5.832316509087054e-11
1.071009871501244e-10
1.8008112904512041e-10
2.837240804711566e-10
4.2498966043406916e-10
6.086971746956105e-10
8.413111244991167e-10
1.1158261814525616e-09
1.3490498865578737e-09
1.5162256216186276e-09
1.6321297612031938e-09
1.6555532986184396e-09
1.5733743518112075e-09
1.1187721755956392e-09
7.650473679045311e-10
7.650473679045311e-10
1.1187721755956392e-09
1.5733743518112075e-09
1.6555532986184396e-09
1.6321297612031938e-09
1.5162256216186276e-09
1.3490498865578737e-09
1.1158261814525616e-09
8.413111244991167e-10
6.086971746956105e-10
4.2498966043406916e-10
2.837240804711566e-10
1.8008112904512041e-10
1.071009871501244e-10
5.832316509087054e-11
2.803836772946513e-11
1.1136779026104174e-11
3.1052403605679206e-12
3.8296172725269635e-13
1.4458479715134115e-12
1.2261293190615405e-12
4.352845935309298e-13
2.7938123921256424e-12
1.0360271736104161e-11
2.724872973471678e-11
5.831094071137577e-11
1.086197646583964e-10
1.8310559232043166e-10
2.860621895611759e-10
4.1952289623996275e-10
5.816263269620148e-10
7.611342112134878e-10
9.327262269834269e-10
1.0672588030349872e-09
1.126121331601615e-09
1.1416443962061762e-09
1.1465762150483783e-09
1.0427689527831019e-09
8.198228337516489e-10
6.492564732368811e-10
6.492564732368811e-10
8.198228337516489e-10
1.0427689527831019e-09
1.1465762150483783e-09
1.1416443962061762e-09
1.126121331601615e-09
1.0672588030349872e-09
9.327262269834269e-10
7.611342112134878e-10
5.816263269620148e-10
4.1952289623996275e-10
2.860621895611759e-10
1.8310559232043166e-10
1.086197646583964e-10
5.831094071137577e-11
2.724872973471678e-11
1.0360271736104161e-11
2.7938123921256424e-12
4.352845935309298e-13
1.2261293190615405e-12
9.759555969911411e-13
1.7896171401895165e-12
9.112778552046973e-12
2.4797731481619213e-11
5.314258622458705e-11
9.91717219954967e-11
1.6793427000567906e-10
2.638649661181741e-10
3.9016993845855663e-10
5.471552573001193e-10
7.293135279723417e-10
9.240192161766303e-10
1.0963595482860189e-09
1.2060301759000969e-09
1.2873374241606506e-09
1.2706807177645385e-09
1.225370933194414e-09
1.1139796767326016e-09
9.169462064639866e-10
7.516841966578869e-10
7.516841966578869e-10
9.169462064639866e-10
1.1139796767326016e-09
1.225370933194414e-09
1.2706807177645385e-09
1.2873374241606506e-09
1.2060301759000969e-09
1.0963595482860189e-09
9.240192161766303e-10
7.293135279723417e-10
5.471552573001193e-10
3.9016993845855663e-10
2.638649661181741e-10
1.6793427000567906e-10
9.91717219954967e-11
5.314258622458705e-11
2.4797731481619213e-11
9.112778552046973e-12
1.7896171401895165e-12
9.759555969911411e-13
1.3207536989399233e-12
1.9514192795981643e-12
9.723862001514115e-12
2.5926536715041235e-11
5.431287743769969e-11
9.961577732402888e-11
1.6697324675251507e-10
2.6166517412030965e-10
3.8864053576899427e-10
5.528639612090158e-10
7.551841096908873e-10
9.824347281875423e-10
1.2336855712349881e-09
1.4783791595432416e-09
1.307271998984838e-09
1.3871497266809696e-09
1.3487727644825864e-09
1.2037208252727027e-09
1.0158967850976142e-09
8.245478410294493e-10
8.245478410294493e-10
1.0158967850976142e-09
1.2037208252727027e-09
1.3487727644825864e-09
1.3871497266809696e-09
1.307271998984838e-09
1.4783791595432416e-09
1.2336855712349881e-09
9.824347281875423e-10
7.551841096908873e-10
5.528639612090158e-10
3.8864053576899427e-10
2.6166517412030965e-10
1.6697324675251507e-10
9.961577732402888e-11
5.431287743769969e-11
2.5926536715041235e-11
9.723862001514115e-12
1.9514192795981643e-12
1.3207536989399233e-12
1.411078963094517e-12
2.0541520941223758e-12
9.968602854260825e-12
2.637270115561207e-11
5.4850624774593557e-11
1.0017842404144023e-10
1.6801435188864428e-10
2.6511225940245575e-10
3.9917198778154084e-10
5.798942597813606e-10
8.215377163278692e-10
1.108303010997902e-09
1.4732326686708874e-09
1.8633254661448717e-09
3.426300909659119e-09
1.955293565947258e-09
1.4030120381453015e-09
1.2493754945538948e-09
1.119225263683521e-09
1.0599621224141598e-09
1.0599621224141598e-09
1.119225263683521e-09
1.2493754945538948e-09
1.4030120381453015e-09
1.955293565947258e-09
3.426300909659119e-09
1.8633254661448717e-09
1.4732326686708874e-09
1.108303010997902e-09
8.215377163278692e-10
5.798942597813606e-10
3.9917198778154084e-10
2.6511225940245575e-10
1.6801435188864428e-10
1.0017842404144023e-10
5.4850624774593557e-11
2.637270115561207e-11
9.968602854260825e-12
2.0541520941223758e-12
1.411078963094517e-12
1.4042168315514547e-12
2.065131546942923e-12
1.0053057121299763e-11
2.6532471898254965e-11
5.513560392749958e-11
1.0082339558506112e-10
1.6981872180167612e-10
2.7031659246071205e-10
4.128036888012554e-10
6.095888767723712e-10
8.88756733138929e-10
1.266098120442094e-09
1.652358696917211e-09
2.23185857815833e-09
3.3968912752091462e-09
0.0017323419451713562
0.0013155665947124362
0.0012028253404423594
0.0011067275190725923
0.0011543735163286328
0.0011543735163286328
0.0011067275190725923
0.0012028253404423594
0.0013155665947124362
0.0017323419451713562
3.3968912752091462e-09
2.23185857815833e-09
1.652358696917211e-09
1.266098120442094e-09
8.88756733138929e-10
6.095888767723712e-10
4.128036888012554e-10
2.7031659246071205e-10
1.6981872180167612e-10
1.0082339558506112e-10
5.513560392749958e-11
2.6532471898254965e-11
1.0053057121299763e-11
2.065131546942923e-12
1.4042168315514547e-12
1.388451430820684e-12
2.051514221766389e-12
1.0065662665620801e-11
2.6588367602444277e-11
5.5281036096411357e-11
1.0126822340764119e-10
1.711202929572178e-10
2.738886320432371e-10
4.219997832080602e-10
6.27683235249199e-10
9.306287294605364e-10
1.375138392913089e-09
1.7675751270637696e-09
2.3055760859508334e-09
0.0008988556801341474
0.0015576157020404935
0.0012917777057737112
0.0012063044123351574
0.0011120152194052935
0.001068391022272408
0.001068391022272408
0.0011120152194052935
0.0012063044123351574
0.0012917777057737112
0.0015576157020404935
0.0008988556801341474
2.3055760859508334e-09
1.7675751270637696e-09
1.375138392913089e-09
9.306287294605364e-10
6.27683235249199e-10
4.219997832080602e-10
2.738886320432371e-10
1.711202929572178e-10
1.0126822340764119e-10
5.5281036096411357e-11
2.6588367602444277e-11
1.0065662665620801e-11
2.051514221766389e-12
1.388451430820684e-12
1.388451430820684e-12
2.051514221766389e-12
1.0065662665620801e-11
2.6588367602444277e-11
5.5281036096411357e-11
1.0126822340764119e-10
1.711202929572178e-10
2.738886320432371e-10
4.219997832080602e-10
6.27683235249199e-10
9.306287294605364e-10
1.375138392913089e-09
1.7675751270637696e-09
2.3055760859508334e-09
0.0008988556801341474
0.0015576157020404935
0.0012917777057737112
0.0012063044123351574
0.0011120152194052935
0.001068391022272408
0.001068391022272408
0.0011120152194052935
0.0012063044123351574
0.0012917777057737112
0.0015576157020404935
0.0008988556801341474
2.3055760859508334e-09
1.7675751270637696e-09
1.375138392913089e-09
9.306287294605364e-10
6.27683235249199e-10
4.219997832080602e-10
2.738886320432371e-10
1.711202929572178e-10
1.0126822340764119e-10
5.5281036096411357e-11
2.6588367602444277e-11
1.0065662665620801e-11
2.051514221766389e-12
1.388451430820684e-12
1.4042168315514547e-12
2.065131546942923e-12
1.0053057121299763e-11
2.6532471898254965e-11
5.513560392749958e-11
1.0082339558506112e-10
1.6981872180167612e-10
2.7031659246071205e-10
4.128036888012554e-10
6.095888767723712e-10
8.88756733138929e-10
1.266098120442094e-09
1.652358696917211e-09
2.23185857815833e-09
3.3968912752091462e-09
0.0017323419451713562
0.0013155665947124362
0.0012028253404423594
0.0011067275190725923
0.0011543735163286328
0.0011543735163286328
0.0011067275190725923
0.0012028253404423594
0.0013155665947124362
0.0017323419451713562
3.3968912752091462e-09
2.23185857815833e-09
1.652358696917211e-09
1.266098120442094e-09
8.88756733138929e-10
6.095888767723712e-10
4.128036888012554e-10
2.7031659246071205e-10
1.6981872180167612e-10
1.0082339558506112e-10
5.513560392749958e-11
2.6532471898254965e-11
1.0053057121299763e-11
2.065131546942923e-12
1.4042168315514547e-12
1.411078963094517e-12
2.0541520941223758e-12
9.968602854260825e-12
2.637270115561207e-11
5.4850624774593557e-11
1.0017842404144023e-10
1.6801435188864428e-10
2.6511225940245575e-10
3.9917198778154084e-10
5.798942597813606e-10
8.215377163278692e-10
1.108303010997902e-09
1.4732326686708874e-09
1.8633254661448717e-09
3.426300909659119e-09
1.955293565947258e-09
1.4030120381453015e-09
1.2493754945538948e-09
1.119225263683521e-09
1.0599621224141598e-09
1.0599621224141598e-09
1.119225263683521e-09
1.2493754945538948e-09
1.4030120381453015e-09
1.955293565947258e-09
3.426300909659119e-09
1.8633254661448717e-09
1.4732326686708874e-09
1.108303010997902e-09
8.215377163278692e-10
5.798942597813606e-10
3.9917198778154084e-10
2.6511225940245575e-10
1.6801435188864428e-10
1.0017842404144023e-10
5.4850624774593557e-11
2.637270115561207e-11
9.968602854260825e-12
2.0541520941223758e-12
1.411078963094517e-12
1.3207536989399233e-12
1.9514192795981643e-12
9.723862001514115e-12
2.5926536715041235e-11
5.431287743769969e-11
9.961577732402888e-11
1.6697324675251507e-10
2.6166517412030965e-10
3.8864053576899427e-10
5.528639612090158e-10
7.551841096908873e-10
9.824347281875423e-10
1.2336855712349881e-09
1.4783791595432416e-09
1.307271998984838e-09
1.3871497266809696e-09
1.3487727644825864e-09
1.2037208252727027e-09
1.0158967850976142e-09
8.245478410294493e-10
8.245478410294493e-10
1.0158967850976142e-09
1.2037208252727027e-09
1.3487727644825864e-09
1.3871497266809696e-09
1.307271998984838e-09
1.4783791595432416e-09
1.2336855712349881e-09
9.824347281875423e-10
7.551841096908873e-10
5.528639612090158e-10
3.8864053576899427e-10
2.6166517412030965e-10
1.6697324675251507e-10
9.961577732402888e-11
5.431287743769969e-11
2.5926536715041235e-11
9.723862001514115e-12
1.9514192795981643e-12
1.3207536989399233e-12
9.759555969911411e-13
1.7896171401895165e-12
9.112778552046973e-12
2.4797731481619213e-11
5.314258622458705e-11
9.91717219954967e-11
1.6793427000567906e-10
2.638649661181741e-10
3.9016993845855663e-10
5.471552573001193e-10
7.293135279723417e-10
9.240192161766303e-10
1.0963595482860189e-09
1.2060301759000969e-09
1.2873374241606506e-09
1.2706807177645385e-09
1.225370933194414e-09
1.1139796767326016e-09
9.169462064639866e-10
7.516841966578869e-10
7.516841966578869e-10
9.169462064639866e-10
1.1139796767326016e-09
1.225370933194414e-09
1.2706807177645385e-09
1.2873374241606506e-09
1.2060301759000969e-09
1.0963595482860189e-09
9.240192161766303e-10
7.293135279723417e-10
5.471552573001193e-10
3.9016993845855663e-10
2.638649661181741e-10
1.6793427000567906e-10
9.91717219954967e-11
5.314258622458705e-11
2.4797731481619213e-11
9.112778552046973e-12
1.7896171401895165e-12
9.759555969911411e-13
7.724154855900641e-13
6.499294392194087e-12
2.1967662267702824e-11
4.859442248551435e-11
9.045809077918437e-11
1.5231847901031603e-10
2.386743417921028e-10
3.530320296079442e-10
4.968226351154126e-10
6.690465781215849e-10
8.608556033816439e-10
1.0558315289774245e-09
1.227763984229524e-09
1.3146659325405374e-09
1.3325901796965023e-09
1.3310996185497692e-09
1.2612483757043491e-09
1.1522047422066195e-09
1.0206936207693418e-09
9.146731766093708e-10
9.146731766093708e-10
1.0206936207693418e-09
1.1522047422066195e-09
1.2612483757043491e-09
1.3310996185497692e-09
1.3325901796965023e-09
1.3146659325405374e-09
1.227763984229524e-09
1.0558315289774245e-09
8.608556033816439e-10
6.690465781215849e-10
4.968226351154126e-10
3.530320296079442e-10
2.386743417921028e-10
1.5231847901031603e-10
9.045809077918437e-11
4.859442248551435e-11
2.1967662267702824e-11
6.499294392194087e-12
7.724154855900641e-13
1.0100085449322505e-12
6.503955190986354e-12
2.2381131236509644e-11
4.948186229248447e-11
9.13803876859999e-11
1.5260197077336668e-10
2.377817452485498e-10
3.513338437451802e-10
4.966190761575284e-10
6.740006773184315e-10
8.862474014208199e-10
1.1140032039197445e-09
1.3035625096718961e-09
1.498764328790314e-09
1.5872025915797394e-09
1.3395434934893036e-09
1.2480236028650227e-09
1.1611882245673999e-09
1.0662880084097437e-09
1.0249510658602579e-09
1.0249510658602579e-09
1.0662880084097437e-09
1.1611882245673999e-09
1.2480236028650227e-09
1.3395434934893036e-09
1.5872025915797394e-09
1.498764328790314e-09
1.3035625096718961e-09
1.1140032039197445e-09
8.862474014208199e-10
6.740006773184315e-10
4.966190761575284e-10
3.513338437451802e-10
2.377817452485498e-10
1.5260197077336668e-10
9.13803876859999e-11
4.948186229248447e-11
2.2381131236509644e-11
6.503955190986354e-12
1.0100085449322505e-12
1.0934949709498314e-12
6.546925595917038e-12
2.2527869530226084e-11
4.98083630004649e-11
9.181088371111243e-11
1.531543853327752e-10
2.390155673208383e-10
3.551378754875628e-10
5.081482652193048e-10
7.007395965569208e-10
9.429721543538494e-10
1.2470851174645192e-09
1.494493331172242e-09
1.786102407468071e-09
1.3510428669913366e-09
1.4832283621799003e-09
1.2300058974817896e-09
1.1894127176226288e-09
1.0774217889392146e-09
9.82517019132434e-10
9.82517019132434e-10
1.0774217889392146e-09
1.1894127176226288e-09
1.2300058974817896e-09
1.4832283621799003e-09
1.3510428669913366e-09
1.786102407468071e-09
1.494493331172242e-09
1.2470851174645192e-09
9.429721543538494e-10
7.007395965569208e-10
5.081482652193048e-10
3.551378754875628e-10
2.390155673208383e-10
1.531543853327752e-10
9.181088371111243e-11
4.98083630004649e-11
2.2527869530226084e-11
6.546925595917038e-12
1.0934949709498314e-12
1.096646357030091e-12
6.5442299135624014e-12
2.2578484831022212e-11
4.992081170641059e-11
9.20598775162873e-11
1.5383824585307043e-10
2.410548702921206e-10
3.6049968891137263e-10
5.223647035756951e-10
7.339405775838581e-10
9.93954484690418e-10
1.3781415245106565e-09
1.8715476217401328e-09
2.636828255742074e-09
0.0008353567100130022
0.0014398078201338649
0.001180424471385777
0.0011057911906391382
0.000966550491284579
0.0009369355393573642
0.0009369355393573642
0.000966550491284579
0.0011057911906391382
0.001180424471385777
0.0014398078201338649
0.0008353567100130022
2.636828255742074e-09
1.8715476217401328e-09
1.3781415245106565e-09
9.93954484690418e-10
7.339405775838581e-10
5.223647035756951e-10
3.6049968891137263e-10
2.410548702921206e-10
1.5383824585307043e-10
9.20598775162873e-11
4.992081170641059e-11
2.2578484831022212e-11
6.5442299135624014e-12
1.096646357030091e-12
1.0874708726289588e-12
6.529703722033464e-12
2.25811106331587e-11
4.996180132479412e-11
9.219465062259083e-11
1.5431064629214952e-10
2.4251979005747437e-10
3.64102411415379e-10
5.315934324678917e-10
7.573707828424647e-10
1.018223049278899e-09
1.4678472196397174e-09
2.0865175906492617e-09
4.517736011677709e-09
0.0016435646684840322
0.001399021246470511
0.0012187924003228545
0.0011057796655222774
0.0010287996847182512
0.0011702182237058878
0.0011702182237058878
0.0010287996847182512
0.0011057796655222774
0.0012187924003228545
0.001399021246470511
0.0016435646684840322
4.517736011677709e-09
2.0865175906492617e-09
1.4678472196397174e-09
1.018223049278899e-09
7.573707828424647e-10
5.315934324678917e-10
3.64102411415379e-10
2.4251979005747437e-10
1.5431064629214952e-10
9.219465062259083e-11
4.996180132479412e-11
2.25811106331587e-11
6.529703722033464e-12
1.0874708726289588e-12
1.0874708726289588e-12
6.529703722033464e-12
2.25811106331587e-11
4.996180132479412e-11
9.219465062259083e-11
1.5431064629214952e-10
2.4251979005747437e-10
3.64102411415379e-10
5.315934324678917e-10
7.573707828424647e-10
1.018223049278899e-09
1.4678472196397174e-09
2.0865175906492617e-09
4.517736011677709e-09
0.0016435646684840322
0.001399021246470511
0.0012187924003228545
0.0011057796655222774
0.0010287996847182512
0.0011702182237058878
0.0011702182237058878
0.0010287996847182512
0.0011057796655222774
0.0012187924003228545
0.001399021246470511
0.0016435646684840322
4.517736011677709e-09
2.0865175906492617e-09
1.4678472196397174e-09
1.018223049278899e-09
7.573707828424647e-10
5.315934324678917e-10
3.64102411415379e-10
2.4251979005747437e-10
1.5431064629214952e-10
9.219465062259083e-11
4.996180132479412e-11
2.25811106331587e-11
6.529703722033464e-12
1.0874708726289588e-12
1.096646357030091e-12
6.5442299135624014e-12
2.2578484831022212e-11
4.992081170641059e-11
9.20598775162873e-11
1.5383824585307043e-10
2.410548702921206e-10
3.6049968891137263e-10
5.223647035756951e-10
7.339405775838581e-10
9.93954484690418e-10
1.3781415245106565e-09
1.8715476217401328e-09
2.636828255742074e-09
0.0008353567100130022
0.0014398078201338649
0.001180424471385777
0.0011057911906391382
0.000966550491284579
0.0009369355393573642
0.0009369355393573642
0.000966550491284579
0.0011057911906391382
0.001180424471385777
0.0014398078201338649
0.0008353567100130022
2.636828255742074e-09
1.8715476217401328e-09
1.3781415245106565e-09
9.93954484690418e-10
7.339405775838581e-10
5.223647035756951e-10
3.6049968891137263e-10
2.410548702921206e-10
1.5383824585307043e-10
9.20598775162873e-11
4.992081170641059e-11
2.2578484831022212e-11
6.5442299135624014e-12
1.096646357030091e-12
1.0934949709498314e-12
6.546925595917038e-12
2.2527869530226084e-11
4.98083630004649e-11
9.181088371111243e-11
1.531543853327752e-10
2.390155673208383e-10
3.551378754875628e-10
5.081482652193048e-10
7.007395965569208e-10
9.429721543538494e-10
1.2470851174645192e-09
1.494493331172242e-09
1.786102407468071e-09
1.3510428669913366e-09
1.4832283621799003e-09
1.2300058974817896e-09
1.1894127176226288e-09
1.0774217889392146e-09
9.82517019132434e-10
9.82517019132434e-10
1.0774217889392146e-09
1.1894127176226288e-09
1.2300058974817896e-09
1.4832283621799003e-09
1.3510428669913366e-09
1.786102407468071e-09
1.494493331172242e-09
1.2470851174645192e-09
9.429721543538494e-10
7.007395965569208e-10
5.081482652193048e-10
3.551378754875628e-10
2.390155673208383e-10
1.531543853327752e-10
9.181088371111243e-11
4.98083630004649e-11
2.2527869530226084e-11
6.546925595917038e-12
1.0934949709498314e-12
1.0100085449322505e-12
6.503955190986354e-12
2.2381131236509644e-11
4.948186229248447e-11
9.13803876859999e-11
1.5260197077336668e-10
2.377817452485498e-10
3.513338437451802e-10
4.966190761575284e-10
6.740006773184315e-10
8.862474014208199e-10
1.1140032039197445e-09
1.3035625096718961e-09
1.498764328790314e-09
1.5872025915797394e-09
1.3395434934893036e-09
1.2480236028650227e-09
1.1611882245673999e-09
1.0662880084097437e-09
1.0249510658602579e-09
1.0249510658602579e-09
1.0662880084097437e-09
1.1611882245673999e-09
1.2480236028650227e-09
1.3395434934893036e-09
1.5872025915797394e-09
1.498764328790314e-09
1.3035625096718961e-09
1.1140032039197445e-09
8.862474014208199e-10
6.740006773184315e-10
4.966190761575284e-10
3.513338437451802e-10
2.377817452485498e-10
1.5260197077336668e-10
9.13803876859999e-11
4.948186229248447e-11
2.2381131236509644e-11
6.503955190986354e-12
1.0100085449322505e-12
7.724154855900641e-13
6.499294392194087e-12
2.1967662267702824e-11
4.859442248551435e-11
9.045809077918437e-11
1.5231847901031603e-10
2.386743417921028e-10
3.530320296079442e-10
4.968226351154126e-10
6.690465781215849e-10
8.608556033816439e-10
1.0558315289774245e-09
1.227763984229524e-09
1.3146659325405374e-09
1.3325901796965023e-09
1.3310996185497692e-09
1.2612483757043491e-09
1.1522047422066195e-09
1.0206936207693418e-09
9.146731766093708e-10
9.146731766093708e-10
1.0206936207693418e-09
1.1522047422066195e-09
1.2612483757043491e-09
1.3310996185497692e-09
1.3325901796965023e-09
1.3146659325405374e-09
1.227763984229524e-09
1.0558315289774245e-09
8.608556033816439e-10
6.690465781215849e-10
4.968226351154126e-10
3.530320296079442e-10
2.386743417921028e-10
1.5231847901031603e-10
9.045809077918437e-11
4.859442248551435e-11
2.1967662267702824e-11
6.499294392194087e-12
7.724154855900641e-13
1.9258001328337476e-12
1.597546490168973e-11
4.259943160484121e-11
8.259038120289955e-11
1.3947801518355424e-10
2.1743991698332243e-10
3.200301080998752e-10
4.4941535302239766e-10
6.052599827582883e-10
7.843651943229002e-10
9.805320617950475e-10
1.1699774178988709e-09
1.3246336536335002e-09
1.4494117711594257e-09
1.4516015342871946e-09
1.4044667122001253e-09
1.3409349585574715e-09
1.2548174305182513e-09
1.1532129418068138e-09
1.1083155877431028e-09
1.1083155877431028e-09
1.1532129418068138e-09
1.2548174305182513e-09
1.3409349585574715e-09
1.4044667122001253e-09
1.4516015342871946e-09
1.4494117711594257e-09
1.3246336536335002e-09
1.1699774178988709e-09
9.805320617950475e-10
7.843651943229002e-10
6.052599827582883e-10
4.4941535302239766e-10
3.200301080998752e-10
2.1743991698332243e-10
1.3947801518355424e-10
8.259038120289955e-11
4.259943160484121e-11
1.597546490168973e-11
1.9258001328337476e-12
1.7703571991557298e-12
1.5388310132982523e-11
4.224993564640872e-11
8.258039299038553e-11
1.3946554685857065e-10
2.1691289985980439e-10
3.187377391102725e-10
4.4775787895121044e-10
6.066492794221112e-10
7.929004675055751e-10
9.97110922475175e-10
1.2292464138599635e-09
1.450267315093734e-09
1.3397976304785342e-09
1.4340323633427188e-09
1.4042897704055757e-09
1.3131303770036462e-09
1.2962669132532412e-09
1.3544386966157784e-09
1.2607644962747688e-09
1.2607644962747688e-09
1.3544386966157784e-09
1.2962669132532412e-09
1.3131303770036462e-09
1.4042897704055757e-09
1.4340323633427188e-09
1.3397976304785342e-09
1.450267315093734e-09
1.2292464138599635e-09
9.97110922475175e-10
7.929004675055751e-10
6.066492794221112e-10
4.4775787895121044e-10
3.187377391102725e-10
2.1691289985980439e-10
1.3946554685857065e-10
8.258039299038553e-11
4.224993564640872e-11
1.5388310132982523e-11
1.7703571991557298e-12
1.727860073884324e-12
1.5153067060673375e-11
4.2002917122066843e-11
8.244124919407417e-11
1.3942528230038997e-10
2.170872531216672e-10
3.199104392850871e-10
4.517921410249204e-10
6.178439379035672e-10
8.240652084323674e-10
1.0460874787926455e-09
1.345514086432964e-09
1.6634714439245357e-09
3.125845502577329e-09
1.818682140650174e-09
1.4201829816318234e-09
1.2909086776966006e-09
1.3509313025877878e-09
1.6313998763006765e-09
2.1021422449973848e-09
2.1021422449973848e-09
1.6313998763006765e-09
1.3509313025877878e-09
1.2909086776966006e-09
1.4201829816318234e-09
1.818682140650174e-09
3.125845502577329e-09
1.6634714439245357e-09
1.345514086432964e-09
1.0460874787926455e-09
8.240652084323674e-10
6.178439379035672e-10
4.517921410249204e-10
3.199104392850871e-10
2.170872531216672e-10
1.3942528230038997e-10
8.244124919407417e-11
4.2002917122066843e-11
1.5153067060673375e-11
1.727860073884324e-12
1.7034737835746358e-12
1.503808064401771e-11
4.187341256069524e-11
8.233766722902033e-11
1.394707781340529e-10
2.1760852397367109e-10
3.220256093033891e-10
4.5783613445565807e-10
6.3028981990218e-10
8.590350653037149e-10
1.1280191190843336e-09
1.3965844539859384e-09
1.8376990467555698e-09
3.1667936502277616e-09
0.0016774894902482629
0.001333717256784439
0.0011868750443682075
0.0011524410219863057
0.0011031449539586902
1.8785962369038955e-09
1.8785962369038955e-09
0.0011031449539586902
0.0011524410219863057
0.0011868750443682075
0.001333717256784439
0.0016774894902482629
3.1667936502277616e-09
1.8376990467555698e-09
1.3965844539859384e-09
1.1280191190843336e-09
8.590350653037149e-10
6.3028981990218e-10
4.5783613445565807e-10
3.220256093033891e-10
2.1760852397367109e-10
1.394707781340529e-10
8.233766722902033e-11
4.187341256069524e-11
1.503808064401771e-11
1.7034737835746358e-12
1.6932560251319072e-12
1.4986797881259145e-11
4.180916002944832e-11
8.229696221370708e-11
1.395370093342646e-10
2.1802022264361814e-10
3.235477749434501e-10
4.622102939104422e-10
6.374794355584745e-10
8.826863393852913e-10
1.1930436022780655e-09
1.419617028097786e-09
1.8183067898580596e-09
0.0008334208396263421
0.0015367392916232347
0.0013352090027183294
0.0012321644462645054
0.0011758662294596434
0.0011810933938249946
0.0012243448290973902
0.0012243448290973902
0.0011810933938249946
0.0011758662294596434
0.0012321644462645054
0.0013352090027183294
0.0015367392916232347
0.0008334208396263421
1.8183067898580596e-09
1.419617028097786e-09
1.1930436022780655e-09
8.826863393852913e-10
6.374794355584745e-10
4.622102939104422e-10
3.235477749434501e-10
2.1802022264361814e-10
1.395370093342646e-10
8.229696221370708e-11
4.180916002944832e-11
1.4986797881259145e-11
1.6932560251319072e-12
1.6932560251319072e-12
1.4986797881259145e-11
4.180916002944832e-11
8.229696221370708e-11
1.395370093342646e-10
2.1802022264361814e-10
3.235477749434501e-10
4.622102939104422e-10
6.374794355584745e-10
8.826863393852913e-10
1.1930436022780655e-09
1.419617028097786e-09
1.8183067898580596e-09
0.0008334208396263421
0.0015367392916232347
0.0013352090027183294
0.0012321644462645054
0.0011758662294596434
0.0011810933938249946
0.0012243448290973902
0.0012243448290973902
0.0011810933938249946
0.0011758662294596434
0.0012321644462645054
0.0013352090027183294
0.0015367392916232347
0.0008334208396263421
1.8183067898580596e-09
1.419617028097786e-09
1.1930436022780655e-09
8.826863393852913e-10
6.374794355584745e-10
4.622102939104422e-10
3.235477749434501e-10
2.1802022264361814e-10
1.395370093342646e-10
8.229696221370708e-11
4.180916002944832e-11
1.4986797881259145e-11
1.6932560251319072e-12
1.7034737835746358e-12
1.503808064401771e-11
4.187341256069524e-11
8.233766722902033e-11
1.394707781340529e-10
2.1760852397367109e-10
3.220256093033891e-10
4.5783613445565807e-10
6.3028981990218e-10
8.590350653037149e-10
1.1280191190843336e-09
1.3965844539859384e-09
1.8376990467555698e-09
3.1667936502277616e-09
0.0016774894902482629
0.001333717256784439
0.0011868750443682075
0.0011524410219863057
0.0011031449539586902
1.8785962369038955e-09
1.8785962369038955e-09
0.0011031449539586902
0.0011524410219863057
0.0011868750443682075
0.001333717256784439
0.0016774894902482629
3.1667936502277616e-09
1.8376990467555698e-09
1.3965844539859384e-09
1.1280191190843336e-09
8.590350653037149e-10
6.3028981990218e-10
4.5783613445565807e-10
3.220256093033891e-10
2.1760852397367109e-10
1.394707781340529e-10
8.233766722902033e-11
4.187341256069524e-11
1.503808064401771e-11
1.7034737835746358e-12
1.727860073884324e-12
1.5153067060673375e-11
4.2002917122066843e-11
8.244124919407417e-11
1.3942528230038997e-10
2.170872531216672e-10
3.199104392850871e-10
4.517921410249204e-10
6.178439379035672e-10
8.240652084323674e-10
1.0460874787926455e-09
1.345514086432964e-09
1.6634714439245357e-09
3.125845502577329e-09
1.818682140650174e-09
1.4201829816318234e-09
1.2909086776966006e-09
1.3509313025877878e-09
1.6313998763006765e-09
2.1021422449973848e-09
2.1021422449973848e-09
1.6313998763006765e-09
1.3509313025877878e-09
1.2909086776966006e-09
1.4201829816318234e-09
1.818682140650174e-09
3.125845502577329e-09
1.6634714439245357e-09
1.345514086432964e-09
1.0460874787926455e-09
8.240652084323674e-10
6.178439379035672e-10
4.517921410249204e-10
3.199104392850871e-10
2.170872531216672e-10
1.3942528230038997e-10
8.244124919407417e-11
4.2002917122066843e-11
1.5153067060673375e-11
1.727860073884324e-12
1.7703571991557298e-12
1.5388310132982523e-11
4.224993564640872e-11
8.258039299038553e-11
1.3946554685857065e-10
2.1691289985980439e-10
3.187377391102725e-10
4.4775787895121044e-10
6.066492794221112e-10
7.929004675055751e-10
9.97110922475175e-10
1.2292464138599635e-09
1.450267315093734e-09
1.3397976304785342e-09
1.4340323633427188e-09
1.4042897704055757e-09
1.3131303770036462e-09
1.2962669132532412e-09
1.3544386966157784e-09
1.2607644962747688e-09
1.2607644962747688e-09
1.3544386966157784e-09
1.2962669132532412e-09
1.3131303770036462e-09
1.4042897704055757e-09
1.4340323633427188e-09
1.3397976304785342e-09
1.450267315093734e-09
1.2292464138599635e-09
9.97110922475175e-10
7.929004675055751e-10
6.066492794221112e-10
4.4775787895121044e-10
3.187377391102725e-10
2.1691289985980439e-10
1.3946554685857065e-10
8.258039299038553e-11
4.224993564640872e-11
1.5388310132982523e-11
1.7703571991557298e-12
1.9258001328337476e-12
1.597546490168973e-11
4.259943160484121e-11
8.259038120289955e-11
1.3947801518355424e-10
2.1743991698332243e-10
3.200301080998752e-10
4.4941535302239766e-10
6.052599827582883e-10
7.843651943229002e-10
9.805320617950475e-10
1.1699774178988709e-09
1.3246336536335002e-09
1.4494117711594257e-09
1.4516015342871946e-09
1.4044667122001253e-09
1.3409349585574715e-09
1.2548174305182513e-09
1.1532129418068138e-09
1.1083155877431028e-09
1.1083155877431028e-09
1.1532129418068138e-09
1.2548174305182513e-09
1.3409349585574715e-09
1.4044667122001253e-09
1.4516015342871946e-09
1.4494117711594257e-09
1.3246336536335002e-09
1.1699774178988709e-09
9.805320617950475e-10
7.843651943229002e-10
6.052599827582883e-10
4.4941535302239766e-10
3.200301080998752e-10
2.1743991698332243e-10
1.3947801518355424e-10
8.259038120289955e-11
4.259943160484121e-11
1.597546490168973e-11
1.9258001328337476e-12
6.463084580731913e-12
3.15229138907365e-11
7.158128392326449e-11
1.2663795793260713e-10
1.9942423092663558e-10
2.932933301606766e-10
4.1080984100605455e-10
5.522540432768841e-10
7.157154101149199e-10
8.951844799286179e-10
1.0874610673755614e-09
1.2831348396996622e-09
1.4258091235452852e-09
1.5188298752369378e-09
1.573129430540443e-09
1.540324183306463e-09
1.4805482144095161e-09
1.4097633650733687e-09
1.3542755241888194e-09
1.2945497538524586e-09
1.2945497538524586e-09
1.3542755241888194e-09
1.4097633650733687e-09
1.4805482144095161e-09
1.540324183306463e-09
1.573129430540443e-09
1.5188298752369378e-09
1.4258091235452852e-09
1.2831348396996622e-09
1.0874610673755614e-09
8.951844799286179e-10
7.157154101149199e-10
5.522540432768841e-10
4.1080984100605455e-10
2.932933301606766e-10
1.9942423092663558e-10
1.2663795793260713e-10
7.158128392326449e-11
3.15229138907365e-11
6.463084580731913e-12
5.674816238259274e-12
2.9998671325888807e-11
7.002354289941878e-11
1.2522053977493536e-10
1.979603276008185e-10
2.9144801806310627e-10
4.087120995376753e-10
5.508945621728045e-10
7.166774769126749e-10
9.109373411836375e-10
1.1164055790935379e-09
1.3057074952499415e-09
1.5657922007583647e-09
1.7052175643739176e-09
1.521737705463544e-09
1.4889285551017428e-09
1.471209764257464e-09
1.5238343356246964e-09
1.4385532695615488e-09
1.5871733181210823e-09
1.5871733181210823e-09
1.4385532695615488e-09
1.5238343356246964e-09
1.471209764257464e-09
1.4889285551017428e-09
1.521737705463544e-09
1.7052175643739176e-09
1.5657922007583647e-09
1.3057074952499415e-09
1.1164055790935379e-09
9.109373411836375e-10
7.166774769126749e-10
5.508945621728045e-10
4.087120995376753e-10
2.9144801806310627e-10
1.979603276008185e-10
1.2522053977493536e-10
7.002354289941878e-11
2.9998671325888807e-11
5.674816238259274e-12
5.36382597409249e-12
2.9282708256892637e-11
6.912203556926066e-11
1.2431613898022942e-10
1.9715613419190453e-10
2.9097164673357045e-10
4.094320910953686e-10
5.556606607129422e-10
7.277637151768823e-10
9.394932748429952e-10
1.1910174452581246e-09
1.397454959910227e-09
1.5956389855242836e-09
1.3098261624627794e-09
1.6123100033890725e-09
1.4583748705193633e-09
1.4941080057201406e-09
1.9837952894979916e-09
4.2197681980604695e-09
2.6159521597513002e-09
2.6159521597513002e-09
4.2197681980604695e-09
1.9837952894979916e-09
1.4941080057201406e-09
1.4583748705193633e-09
1.6123100033890725e-09
1.3098261624627794e-09
1.5956389855242836e-09
1.397454959910227e-09
1.1910174452581246e-09
9.394932748429952e-10
7.277637151768823e-10
5.556606607129422e-10
4.094320910953686e-10
2.9097164673357045e-10
1.9715613419190453e-10
1.2431613898022942e-10
6.912203556926066e-11
2.9282708256892637e-11
5.36382597409249e-12
5.238530742952266e-12
2.894722561153952e-11
6.867144114637569e-11
1.2383574255012825e-10
1.9684971155290582e-10
2.912750607115405e-10
4.1116217960705803e-10
5.625484344844167e-10
7.445345338516485e-10
9.581042556550123e-10
1.2803362970520427e-09
1.6632739022887089e-09
2.448405844387991e-09
0.0008629110525362194
0.0015691895969212055
0.0013809134252369404
0.0013233108911663294
0.001742348074913025
4.7298775139592575e-09
3.4615515748931402e-09
3.4615515748931402e-09
4.7298775139592575e-09
0.001742348074913025
0.0013233108911663294
0.0013809134252369404
0.0015691895969212055
0.0008629110525362194
2.448405844387991e-09
1.6632739022887089e-09
1.2803362970520427e-09
9.581042556550123e-10
7.445345338516485e-10
5.625484344844167e-10
4.1116217960705803e-10
2.912750607115405e-10
1.9684971155290582e-10
1.2383574255012825e-10
6.867144114637569e-11
2.894722561153952e-11
5.238530742952266e-12
5.198001910492042e-12
2.8813618022571416e-11
6.848127886158531e-11
1.2364416402625006e-10
1.9678598757021798e-10
2.91669601882108e-10
4.1239516142266286e-10
5.673957939773822e-10
7.577359421341578e-10
9.614905443003363e-10
1.3497467032941302e-09
1.8372224314805452e-09
4.552033663202115e-09
0.0016760894795879722
0.0015163755742833018
0.001407479401677847
0.001353859668597579
0.0015231184661388397
0.001957967644557357
3.6777360670758874e-09
3.6777360670758874e-09
0.001957967644557357
0.0015231184661388397
0.001353859668597579
0.001407479401677847
0.0015163755742833018
0.0016760894795879722
4.552033663202115e-09
1.8372224314805452e-09
1.3497467032941302e-09
9.614905443003363e-10
7.577359421341578e-10
5.673957939773822e-10
4.1239516142266286e-10
2.91669601882108e-10
1.9678598757021798e-10
1.2364416402625006e-10
6.848127886158531e-11
2.8813618022571416e-11
5.198001910492042e-12
5.198001910492042e-12
2.8813618022571416e-11
6.848127886158531e-11
1.2364416402625006e-10
1.9678598757021798e-10
2.91669601882108e-10
4.1239516142266286e-10
5.673957939773822e-10
7.577359421341578e-10
9.614905443003363e-10
1.3497467032941302e-09
1.8372224314805452e-09
4.552033663202115e-09
0.0016760894795879722
0.0015163755742833018
0.001407479401677847
0.001353859668597579
0.0015231184661388397
0.001957967644557357
3.6777360670758874e-09
3.6777360670758874e-09
0.001957967644557357
0.0015231184661388397
0.001353859668597579
0.001407479401677847
0.0015163755742833018
0.0016760894795879722
4.552033663202115e-09
1.8372224314805452e-09
1.3497467032941302e-09
9.614905443003363e-10
7.577359421341578e-10
5.673957939773822e-10
4.1239516142266286e-10
2.91669601882108e-10
1.9678598757021798e-10
1.2364416402625006e-10
6.848127886158531e-11
2.8813618022571416e-11
5.198001910492042e-12
5.238530742952266e-12
2.894722561153952e-11
6.867144114637569e-11
1.2383574255012825e-10
1.9684971155290582e-10
2.912750607115405e-10
4.1116217960705803e-10
5.625484344844167e-10
7.445345338516485e-10
9.581042556550123e-10
1.2803362970520427e-09
1.6632739022887089e-09
2.448405844387991e-09
0.0008629110525362194
0.0015691895969212055
0.0013809134252369404
0.0013233108911663294
0.001742348074913025
4.7298775139592575e-09
3.4615515748931402e-09
3.4615515748931402e-09
4.7298775139592575e-09
0.001742348074913025
0.0013233108911663294
0.0013809134252369404
0.0015691895969212055
0.0008629110525362194
2.448405844387991e-09
1.6632739022887089e-09
1.2803362970520427e-09
9.581042556550123e-10
7.445345338516485e-10
5.625484344844167e-10
4.1116217960705803e-10
2.912750607115405e-10
1.9684971155290582e-10
1.2383574255012825e-10
6.867144114637569e-11
2.894722561153952e-11
5.238530742952266e-12
5.36382597409249e-12
2.9282708256892637e-11
6.912203556926066e-11
1.2431613898022942e-10
1.9715613419190453e-10
2.9097164673357045e-10
4.094320910953686e-10
5.556606607129422e-10
7.277637151768823e-10
9.394932748429952e-10
1.1910174452581246e-09
1.397454959910227e-09
1.5956389855242836e-09
1.3098261624627794e-09
1.6123100033890725e-09
1.4583748705193633e-09
1.4941080057201406e-09
1.9837952894979916e-09
4.2197681980604695e-09
2.6159521597513002e-09
2.6159521597513002e-09
4.2197681980604695e-09
1.9837952894979916e-09
1.4941080057201406e-09
1.4583748705193633e-09
1.6123100033890725e-09
1.3098261624627794e-09
1.5956389855242836e-09
1.397454959910227e-09
1.1910174452581246e-09
9.394932748429952e-10
7.277637151768823e-10
5.556606607129422e-10
4.094320910953686e-10
2.9097164673357045e-10
1.9715613419190453e-10
1.2431613898022942e-10
6.912203556926066e-11
2.9282708256892637e-11
5.36382597409249e-12
5.674816238259274e-12
2.9998671325888807e-11
7.002354289941878e-11
1.2522053977493536e-10
1.979603276008185e-10
2.9144801806310627e-10
4.087120995376753e-10
5.508945621728045e-10
7.166774769126749e-10
9.109373411836375e-10
1.1164055790935379e-09
1.3057074952499415e-09
1.5657922007583647e-09
1.7052175643739176e-09
1.521737705463544e-09
1.4889285551017428e-09
1.471209764257464e-09
1.5238343356246964e-09
1.4385532695615488e-09
1.5871733181210823e-09
1.5871733181210823e-09
1.4385532695615488e-09
1.5238343356246964e-09
1.471209764257464e-09
1.4889285551017428e-09
1.521737705463544e-09
1.7052175643739176e-09
1.5657922007583647e-09
1.3057074952499415e-09
1.1164055790935379e-09
9.109373411836375e-10
7.166774769126749e-10
5.508945621728045e-10
4.087120995376753e-10
2.9144801806310627e-10
1.979603276008185e-10
1.2522053977493536e-10
7.002354289941878e-11
2.9998671325888807e-11
5.674816238259274e-12
6.463084580731913e-12
3.15229138907365e-11
7.158128392326449e-11
1.2663795793260713e-10
1.9942423092663558e-10
2.932933301606766e-10
4.1080984100605455e-10
5.522540432768841e-10
7.157154101149199e-10
8.951844799286179e-10
1.0874610673755614e-09
1.2831348396996622e-09
1.4258091235452852e-09
1.5188298752369378e-09
1.573129430540443e-09
1.540324183306463e-09
1.4805482144095161e-09
1.4097633650733687e-09
1.3542755241888194e-09
1.2945497538524586e-09
1.2945497538524586e-09
1.3542755241888194e-09
1.4097633650733687e-09
1.4805482144095161e-09
1.540324183306463e-09
1.573129430540443e-09
1.5188298752369378e-09
1.4258091235452852e-09
1.2831348396996622e-09
1.0874610673755614e-09
8.951844799286179e-10
7.157154101149199e-10
5.522540432768841e-10
4.1080984100605455e-10
2.932933301606766e-10
1.9942423092663558e-10
1.2663795793260713e-10
7.158128392326449e-11
3.15229138907365e-11
6.463084580731913e-12
1.6847043169689567e-11
5.444716942928918e-11
1.0916419000304642e-10
1.8006745454521994e-10
2.689532082288115e-10
3.7820170172703227e-10
5.094763044603823e-10
6.618000418512349e-10
8.302925404504724e-10
1.0075460431246963e-09
1.1856750390532023e-09
1.3762879724765753e-09
1.5899882322215064e-09
1.7016014248680267e-09
1.7385269656181035e-09
1.7131078456841808e-09
1.6550679013058178e-09
1.5690934879533658e-09
1.520457045857404e-09
1.4852839010787156e-09
1.4852839010787156e-09
1.520457045857404e-09
1.5690934879533658e-09
1.6550679013058178e-09
1.7131078456841808e-09
1.7385269656181035e-09
1.7016014248680267e-09
1.5899882322215064e-09
1.3762879724765753e-09
1.1856750390532023e-09
1.0075460431246963e-09
8.302925404504724e-10
6.618000418512349e-10
5.094763044603823e-10
3.7820170172703227e-10
2.689532082288115e-10
1.8006745454521994e-10
1.0916419000304642e-10
5.444716942928918e-11
1.6847043169689567e-11
1.528967653440655e-11
5.180193974512262e-11
1.0615863250311788e-10
1.769667311996015e-10
2.657612628229056e-10
3.748636600783839e-10
5.059939012924675e-10
6.608515817907445e-10
8.328768989589175e-10
1.0147729011256157e-09
1.2379850833701966e-09
1.468816713222354e-09
1.4376023158360618e-09
1.6530668977762786e-09
1.6949932126267275e-09
1.6488584586235588e-09
1.62947639322647e-09
1.8551781204995121e-09
1.819396196200973e-09
1.7977170316610391e-09
1.7977170316610391e-09
1.819396196200973e-09
1.8551781204995121e-09
1.62947639322647e-09
1.6488584586235588e-09
1.6949932126267275e-09
1.6530668977762786e-09
1.4376023158360618e-09
1.468816713222354e-09
1.2379850833701966e-09
1.0147729011256157e-09
8.328768989589175e-10
6.608515817907445e-10
5.059939012924675e-10
3.748636600783839e-10
2.657612628229056e-10
1.769667311996015e-10
1.0615863250311788e-10
5.180193974512262e-11
1.528967653440655e-11
1.459489098315763e-11
5.0474703491279124e-11
1.0444604708025051e-10
1.7512709761090955e-10
2.640166188970505e-10
3.737133215733768e-10
5.061748004249467e-10
6.650811628858277e-10
8.498176121141121e-10
1.0347512777175716e-09
1.3129032366485105e-09
1.6369438356894639e-09
3.1997971980390894e-09
1.9341134596673193e-09
1.676405650581636e-09
1.6282906013104226e-09
1.704539395915028e-09
1.6484866856986136e-09
2.740691137578799e-09
2.2290767322241667e-09
2.2290767322241667e-09
2.740691137578799e-09
1.6484866856986136e-09
1.704539395915028e-09
1.6282906013104226e-09
1.676405650581636e-09
1.9341134596673193e-09
3.1997971980390894e-09
1.6369438356894639e-09
1.3129032366485105e-09
1.0347512777175716e-09
8.498176121141121e-10
6.650811628858277e-10
5.061748004249467e-10
3.737133215733768e-10
2.640166188970505e-10
1.7512709761090955e-10
1.0444604708025051e-10
5.0474703491279124e-11
1.459489098315763e-11
1.4293725030629575e-11
4.983750432198224e-11
1.0358193117251599e-10
1.7418339448745102e-10
2.632391917292698e-10
3.738411490095128e-10
5.082793994720669e-10
6.695886792078276e-10
8.730300011562664e-10
1.0848943271524192e-09
1.3152717847145223e-09
1.6347345569225902e-09
3.307652112274906e-09
0.0018110864330083132
0.0015781958354637027
0.0015174581203609705
0.001564381062053144
0.0008548653568141162
4.496264471853806e-09
3.6354699632645815e-09
3.6354699632645815e-09
4.496264471853806e-09
0.0008548653568141162
0.001564381062053144
0.0015174581203609705
0.0015781958354637027
0.0018110864330083132
3.307652112274906e-09
1.6347345569225902e-09
1.3152717847145223e-09
1.0848943271524192e-09
8.730300011562664e-10
6.695886792078276e-10
5.082793994720669e-10
3.738411490095128e-10
2.632391917292698e-10
1.7418339448745102e-10
1.0358193117251599e-10
4.983750432198224e-11
1.4293725030629575e-11
1.4187841677058052e-11
4.9583743415380216e-11
1.0322458491272835e-10
1.738098732865026e-10
2.629804197757518e-10
3.7423650333170966e-10
5.102267349940681e-10
6.715499467277453e-10
8.911204022951646e-10
1.1304728854411028e-09
1.3021593352202654e-09
1.4869045664861469e-09
0.0008739326731301844
0.001658759661950171
0.0015582878841087222
0.0015402327990159392
0.0014835934853181243
0.0019961227662861347
6.857821602257452e-09
4.868641514249594e-09
4.868641514249594e-09
6.857821602257452e-09
0.0019961227662861347
0.0014835934853181243
0.0015402327990159392
0.0015582878841087222
0.001658759661950171
0.0008739326731301844
1.4869045664861469e-09
1.3021593352202654e-09
1.1304728854411028e-09
8.911204022951646e-10
6.715499467277453e-10
5.102267349940681e-10
3.7423650333170966e-10
2.629804197757518e-10
1.738098732865026e-10
1.0322458491272835e-10
4.9583743415380216e-11
1.4187841677058052e-11
1.4187841677058052e-11
4.9583743415380216e-11
1.0322458491272835e-10
1.738098732865026e-10
2.629804197757518e-10
3.7423650333170966e-10
5.102267349940681e-10
6.715499467277453e-10
8.911204022951646e-10
1.1304728854411028e-09
1.3021593352202654e-09
1.4869045664861469e-09
0.0008739326731301844
0.001658759661950171
0.0015582878841087222
0.0015402327990159392
0.0014835934853181243
0.0019961227662861347
6.857821602257452e-09
4.868641514249594e-09
4.868641514249594e-09
6.857821602257452e-09
0.0019961227662861347
0.0014835934853181243
0.0015402327990159392
0.0015582878841087222
0.001658759661950171
0.0008739326731301844
1.4869045664861469e-09
1.3021593352202654e-09
1.1304728854411028e-09
8.911204022951646e-10
6.715499467277453e-10
5.102267349940681e-10
3.7423650333170966e-10
2.629804197757518e-10
1.738098732865026e-10
1.0322458491272835e-10
4.9583743415380216e-11
1.4187841677058052e-11
1.4293725030629575e-11
4.983750432198224e-11
1.0358193117251599e-10
1.7418339448745102e-10
2.632391917292698e-10
3.738411490095128e-10
5.082793994720669e-10
6.695886792078276e-10
8.730300011562664e-10
1.0848943271524192e-09
1.3152717847145223e-09
1.6347345569225902e-09
3.307652112274906e-09
0.0018110864330083132
0.0015781958354637027
0.0015174581203609705
0.001564381062053144
0.0008548653568141162
4.496264471853806e-09
3.6354699632645815e-09
3.6354699632645815e-09
4.496264471853806e-09
0.0008548653568141162
0.001564381062053144
0.0015174581203609705
0.0015781958354637027
0.0018110864330083132
3.307652112274906e-09
1.6347345569225902e-09
1.3152717847145223e-09
1.0848943271524192e-09
8.730300011562664e-10
6.695886792078276e-10
5.082793994720669e-10
3.738411490095128e-10
2.632391917292698e-10
1.7418339448745102e-10
1.0358193117251599e-10
4.983750432198224e-11
1.4293725030629575e-11
1.459489098315763e-11
5.0474703491279124e-11
1.0444604708025051e-10
1.7512709761090955e-10
2.640166188970505e-10
3.737133215733768e-10
5.061748004249467e-10
6.650811628858277e-10
8.498176121141121e-10
1.0347512777175716e-09
1.3129032366485105e-09
1.6369438356894639e-09
3.1997971980390894e-09
1.9341134596673193e-09
1.676405650581636e-09
1.6282906013104226e-09
1.704539395915028e-09
1.6484866856986136e-09
2.740691137578799e-09
2.2290767322241667e-09
2.2290767322241667e-09
2.740691137578799e-09
1.6484866856986136e-09
1.704539395915028e-09
1.6282906013104226e-09
1.676405650581636e-09
1.9341134596673193e-09
3.1997971980390894e-09
1.6369438356894639e-09
1.3129032366485105e-09
1.0347512777175716e-09
8.498176121141121e-10
6.650811628858277e-10
5.061748004249467e-10
3.737133215733768e-10
2.640166188970505e-10
1.7512709761090955e-10
1.0444604708025051e-10
5.0474703491279124e-11
1.459489098315763e-11
1.528967653440655e-11
5.180193974512262e-11
1.0615863250311788e-10
1.769667311996015e-10
2.657612628229056e-10
3.748636600783839e-10
5.059939012924675e-10
6.608515817907445e-10
8.328768989589175e-10
1.0147729011256157e-09
1.2379850833701966e-09
1.468816713222354e-09
1.4376023158360618e-09
1.6530668977762786e-09
1.6949932126267275e-09
1.6488584586235588e-09
1.62947639322647e-09
1.8551781204995121e-09
1.819396196200973e-09
1.7977170316610391e-09
1.7977170316610391e-09
1.819396196200973e-09
1.8551781204995121e-09
1.62947639322647e-09
1.6488584586235588e-09
1.6949932126267275e-09
1.6530668977762786e-09
1.4376023158360618e-09
1.468816713222354e-09
1.2379850833701966e-09
1.0147729011256157e-09
8.328768989589175e-10
6.608515817907445e-10
5.059939012924675e-10
3.748636600783839e-10
2.657612628229056e-10
1.769667311996015e-10
1.0615863250311788e-10
5.180193974512262e-11
1.528967653440655e-11
1.6847043169689567e-11
5.444716942928918e-11
1.0916419000304642e-10
1.8006745454521994e-10
2.689532082288115e-10
3.7820170172703227e-10
5.094763044603823e-10
6.618000418512349e-10
8.302925404504724e-10
1.0075460431246963e-09
1.1856750390532023e-09
1.3762879724765753e-09
1.5899882322215064e-09
1.7016014248680267e-09
1.7385269656181035e-09
1.7131078456841808e-09
1.6550679013058178e-09
1.5690934879533658e-09
1.520457045857404e-09
1.4852839010787156e-09
1.4852839010787156e-09
1.520457045857404e-09
1.5690934879533658e-09
1.6550679013058178e-09
1.7131078456841808e-09
1.7385269656181035e-09
1.7016014248680267e-09
1.5899882322215064e-09
1.3762879724765753e-09
1.1856750390532023e-09
1.0075460431246963e-09
8.302925404504724e-10
6.618000418512349e-10
5.094763044603823e-10
3.7820170172703227e-10
2.689532082288115e-10
1.8006745454521994e-10
1.0916419000304642e-10
5.444716942928918e-11
1.6847043169689567e-11
3.565121356225061e-11
8.605957743310078e-11
1.555063180004937e-10
2.420450721362516e-10
3.4645815947045855e-10
4.702740475683032e-10
6.140949294214382e-10
7.771403963061085e-10
9.529939771352192e-10
1.1306348652456721e-09
1.29835107508941e-09
1.4556360674114477e-09
1.6789532004263252e-09
1.903589482224466e-09
1.947922075376529e-09
1.8854421062614035e-09
1.8043845497611732e-09
1.7539446457714991e-09
1.689130280958795e-09
1.663231184723113e-09
1.663231184723113e-09
1.689130280958795e-09
1.7539446457714991e-09
1.8043845497611732e-09
1.8854421062614035e-09
1.947922075376529e-09
1.903589482224466e-09
1.6789532004263252e-09
1.4556360674114477e-09
1.29835107508941e-09
1.1306348652456721e-09
9.529939771352192e-10
7.771403963061085e-10
6.140949294214382e-10
4.702740475683032e-10
3.4645815947045855e-10
2.420450721362516e-10
1.555063180004937e-10
8.605957743310078e-11
3.565121356225061e-11
3.3308872695626823e-11
8.228092957408145e-11
1.5102998604347995e-10
2.3725238353783373e-10
3.415037621180145e-10
4.6549618543459403e-10
6.097352982757653e-10
7.732278901363687e-10
9.612383588750162e-10
1.1400951797219117e-09
1.2933187507058186e-09
1.647965184453648e-09
1.966190448302041e-09
1.9207842781587825e-09
1.9444595673184795e-09
1.8419267847069598e-09
1.8060958544702244e-09
1.7612805745109705e-09
1.9801803426144904e-09
2.0245734342477784e-09
2.0245734342477784e-09
1.9801803426144904e-09
1.7612805745109705e-09
1.8060958544702244e-09
1.8419267847069598e-09
1.9444595673184795e-09
1.9207842781587825e-09
1.966190448302041e-09
1.647965184453648e-09
1.2933187507058186e-09
1.1400951797219117e-09
9.612383588750162e-10
7.732278901363687e-10
6.097352982757653e-10
4.6549618543459403e-10
3.415037621180145e-10
2.3725238353783373e-10
1.5102998604347995e-10
8.228092957408145e-11
3.3308872695626823e-11
3.218156332238965e-11
8.031289256684934e-11
1.4847903451447458e-10
2.344858519593568e-10
3.388499333553674e-10
4.6361460677435407e-10
6.104619305717651e-10
7.761721495559704e-10
9.781358665736373e-10
1.18723043548985e-09
1.3448997774820337e-09
1.5134053949275583e-09
1.4308381953223592e-09
1.8849837055828766e-09
1.779349454236745e-09
1.8162452878472957e-09
2.0348872326741985e-09
3.9600809610684795e-09
3.2474832285106503e-09
2.5503724566250385e-09
2.5503724566250385e-09
3.2474832285106503e-09
3.9600809610684795e-09
2.0348872326741985e-09
1.8162452878472957e-09
1.779349454236745e-09
1.8849837055828766e-09
1.4308381953223592e-09
1.5134053949275583e-09
1.3448997774820337e-09
1.18723043548985e-09
9.781358665736373e-10
7.761721495559704e-10
6.104619305717651e-10
4.6361460677435407e-10
3.388499333553674e-10
2.344858519593568e-10
1.4847903451447458e-10
8.031289256684934e-11
3.218156332238965e-11
3.166479868566517e-11
7.935000584120139e-11
1.4718166464235127e-10
2.330970973966201e-10
3.3772323045772046e-10
4.6326104844590654e-10
6.140268957351147e-10
7.848139456020919e-10
9.816053135255909e-10
1.2682879919900802e-09
1.567885253052348e-09
2.271989020530274e-09
0.0009080190793611109
0.0017199366120621562
0.0015841046115383506
0.0016248273896053433
0.0016892168205231428
3.1836330446899375e-09
4.418858941951376e-09
3.0018537568871073e-09
3.0018537568871073e-09
4.418858941951376e-09
3.1836330446899375e-09
0.0016892168205231428
0.0016248273896053433
0.0015841046115383506
0.0017199366120621562
0.0009080190793611109
2.271989020530274e-09
1.567885253052348e-09
1.2682879919900802e-09
9.816053135255909e-10
7.848139456020919e-10
6.140268957351147e-10
4.6326104844590654e-10
3.3772323045772046e-10
2.330970973966201e-10
1.4718166464235127e-10
7.935000584120139e-11
3.166479868566517e-11
3.14736165732063e-11
7.896439578602976e-11
1.4664728849658748e-10
2.3255418315874798e-10
3.373992979536361e-10
4.6331314436029447e-10
6.172060475553853e-10
7.928095029433035e-10
9.739514967091467e-10
1.3420742382003192e-09
1.7040935719817019e-09
4.478529960078026e-09
0.0017519551329314709
0.0016720895655453205
0.0016279182163998485
0.0016156674828380346
0.0015795511426404119
0.0006640540086664259
4.332317057181845e-09
3.307610695751917e-09
3.307610695751917e-09
4.332317057181845e-09
0.0006640540086664259
0.0015795511426404119
0.0016156674828380346
0.0016279182163998485
0.0016720895655453205
0.0017519551329314709
4.478529960078026e-09
1.7040935719817019e-09
1.3420742382003192e-09
9.739514967091467e-10
7.928095029433035e-10
6.172060475553853e-10
4.6331314436029447e-10
3.373992979536361e-10
2.3255418315874798e-10
1.4664728849658748e-10
7.896439578602976e-11
3.14736165732063e-11
3.14736165732063e-11
7.896439578602976e-11
1.4664728849658748e-10
2.3255418315874798e-10
3.373992979536361e-10
4.6331314436029447e-10
6.172060475553853e-10
7.928095029433035e-10
9.739514967091467e-10
1.3420742382003192e-09
1.7040935719817019e-09
4.478529960078026e-09
0.0017519551329314709
0.0016720895655453205
0.0016279182163998485
0.0016156674828380346
0.0015795511426404119
0.0006640540086664259
4.332317057181845e-09
3.307610695751917e-09
3.307610695751917e-09
4.332317057181845e-09
0.0006640540086664259
0.0015795511426404119
0.0016156674828380346
0.0016279182163998485
0.0016720895655453205
0.0017519551329314709
4.478529960078026e-09
1.7040935719817019e-09
1.3420742382003192e-09
9.739514967091467e-10
7.928095029433035e-10
6.172060475553853e-10
4.6331314436029447e-10
3.373992979536361e-10
2.3255418315874798e-10
1.4664728849658748e-10
7.896439578602976e-11
3.14736165732063e-11
3.166479868566517e-11
7.935000584120139e-11
1.4718166464235127e-10
2.330970973966201e-10
3.3772323045772046e-10
4.6326104844590654e-10
6.140268957351147e-10
7.848139456020919e-10
9.816053135255909e-10
1.2682879919900802e-09
1.567885253052348e-09
2.271989020530274e-09
0.0009080190793611109
0.0017199366120621562
0.0015841046115383506
0.0016248273896053433
0.0016892168205231428
3.1836330446899375e-09
4.418858941951376e-09
3.0018537568871073e-09
3.0018537568871073e-09
4.418858941951376e-09
3.1836330446899375e-09
0.0016892168205231428
0.0016248273896053433
0.0015841046115383506
0.0017199366120621562
0.0009080190793611109
2.271989020530274e-09
1.567885253052348e-09
1.2682879919900802e-09
9.816053135255909e-10
7.848139456020919e-10
6.140268957351147e-10
4.6326104844590654e-10
3.3772323045772046e-10
2.330970973966201e-10
1.4718166464235127e-10
7.935000584120139e-11
3.166479868566517e-11
3.218156332238965e-11
8.031289256684934e-11
1.4847903451447458e-10
2.344858519593568e-10
3.388499333553674e-10
4.6361460677435407e-10
6.104619305717651e-10
7.761721495559704e-10
9.781358665736373e-10
1.18723043548985e-09
1.3448997774820337e-09
1.5134053949275583e-09
1.4308381953223592e-09
1.8849837055828766e-09
1.779349454236745e-09
1.8162452878472957e-09
2.0348872326741985e-09
3.9600809610684795e-09
3.2474832285106503e-09
2.5503724566250385e-09
2.5503724566250385e-09
3.2474832285106503e-09
3.9600809610684795e-09
2.0348872326741985e-09
1.8162452878472957e-09
1.779349454236745e-09
1.8849837055828766e-09
1.4308381953223592e-09
1.5134053949275583e-09
1.3448997774820337e-09
1.18723043548985e-09
9.781358665736373e-10
7.761721495559704e-10
6.104619305717651e-10
4.6361460677435407e-10
3.388499333553674e-10
2.344858519593568e-10
1.4847903451447458e-10
8.031289256684934e-11
3.218156332238965e-11
3.3308872695626823e-11
8.228092957408145e-11
1.5102998604347995e-10
2.3725238353783373e-10
3.415037621180145e-10
4.6549618543459403e-10
6.097352982757653e-10
7.732278901363687e-10
9.612383588750162e-10
1.1400951797219117e-09
1.2933187507058186e-09
1.647965184453648e-09
1.966190448302041e-09
1.9207842781587825e-09
1.9444595673184795e-09
1.8419267847069598e-09
1.8060958544702244e-09
1.7612805745109705e-09
1.9801803426144904e-09
2.0245734342477784e-09
2.0245734342477784e-09
1.9801803426144904e-09
1.7612805745109705e-09
1.8060958544702244e-09
1.8419267847069598e-09
1.9444595673184795e-09
1.9207842781587825e-09
1.966190448302041e-09
1.647965184453648e-09
1.2933187507058186e-09
1.1400951797219117e-09
9.612383588750162e-10
7.732278901363687e-10
6.097352982757653e-10
4.6549618543459403e-10
3.415037621180145e-10
2.3725238353783373e-10
1.5102998604347995e-10
8.228092957408145e-11
3.3308872695626823e-11
3.565121356225061e-11
8.605957743310078e-11
1.555063180004937e-10
2.420450721362516e-10
3.4645815947045855e-10
4.702740475683032e-10
6.140949294214382e-10
7.771403963061085e-10
9.529939771352192e-10
1.1306348652456721e-09
1.29835107508941e-09
1.4556360674114477e-09
1.6789532004263252e-09
1.903589482224466e-09
1.947922075376529e-09
1.8854421062614035e-09
1.8043845497611732e-09
1.7539446457714991e-09
1.689130280958795e-09
1.663231184723113e-09
1.663231184723113e-09
1.689130280958795e-09
1.7539446457714991e-09
1.8043845497611732e-09
1.8854421062614035e-09
1.947922075376529e-09
1.903589482224466e-09
1.6789532004263252e-09
1.4556360674114477e-09
1.29835107508941e-09
1.1306348652456721e-09
9.529939771352192e-10
7.771403963061085e-10
6.140949294214382e-10
4.702740475683032e-10
3.4645815947045855e-10
2.420450721362516e-10
1.555063180004937e-10
8.605957743310078e-11
3.565121356225061e-11
6.527024472118004e-11
1.2761643684074814e-10
2.1077295453680173e-10
3.117326275586807e-10
4.30245709935953e-10
5.671443132834741e-10
7.221987764760573e-10
8.943067640598823e-10
1.0812343858787599e-09
1.2709522019885289e-09
1.4476646877786825e-09
1.6408469635104117e-09
1.8377031667238253e-09
2.036152496609489e-09
2.0800323269343224e-09
2.0217746747597243e-09
1.917777351853611e-09
1.8745729794822363e-09
1.852241884175987e-09
1.8435355238904938e-09
1.8435355238904938e-09
1.852241884175987e-09
1.8745729794822363e-09
1.917777351853611e-09
2.0217746747597243e-09
2.0800323269343224e-09
2.036152496609489e-09
1.8377031667238253e-09
1.6408469635104117e-09
1.4476646877786825e-09
1.2709522019885289e-09
1.0812343858787599e-09
8.943067640598823e-10
7.221987764760573e-10
5.671443132834741e-10
4.30245709935953e-10
3.117326275586807e-10
2.1077295453680173e-10
1.2761643684074814e-10
6.527024472118004e-11
6.223671480520138e-11
1.2283735497959497e-10
2.049874620090389e-10
3.054608432515038e-10
4.2389765200594176e-10
5.608374008259087e-10
7.180985949102603e-10
8.898973680344924e-10
1.0746980562414965e-09
1.306388265794045e-09
1.4655908864985578e-09
1.4113916198960075e-09
2.128999884373761e-09
2.6290473704310147e-09
2.381858599243003e-09
1.935713308393039e-09
2.0259789939441886e-09
2.008346180332188e-09
2.176371279374867e-09
2.2307687381345476e-09
2.2307687381345476e-09
2.176371279374867e-09
2.008346180332188e-09
2.0259789939441886e-09
1.935713308393039e-09
2.381858599243003e-09
2.6290473704310147e-09
2.128999884373761e-09
1.4113916198960075e-09
1.4655908864985578e-09
1.306388265794045e-09
1.0746980562414965e-09
8.898973680344924e-10
7.180985949102603e-10
5.608374008259087e-10
4.2389765200594176e-10
3.054608432515038e-10
2.049874620090389e-10
1.2283735497959497e-10
6.223671480520138e-11
6.072070201246921e-11
1.2031230232998485e-10
2.017095800284363e-10
3.0191580030307363e-10
4.207377989843414e-10
5.584961746546435e-10
7.188825272910759e-10
8.99482907861654e-10
1.079882168929236e-09
1.3709685513577097e-09
1.6301876298516205e-09
3.290504370714875e-09
2.478192564353554e-09
2.459870848681156e-09
2.2508069626864247e-09
1.8159547216650695e-09
1.6958746689929582e-09
2.89214290537243e-09
2.3963400708204574e-09
2.842382145623601e-09
2.842382145623601e-09
2.3963400708204574e-09
2.89214290537243e-09
1.6958746689929582e-09
1.8159547216650695e-09
2.2508069626864247e-09
2.459870848681156e-09
2.478192564353554e-09
3.290504370714875e-09
1.6301876298516205e-09
1.3709685513577097e-09
1.079882168929236e-09
8.99482907861654e-10
7.188825272910759e-10
5.584961746546435e-10
4.207377989843414e-10
3.0191580030307363e-10
2.017095800284363e-10
1.2031230232998485e-10
6.072070201246921e-11
6.001596382409005e-11
1.1907927985679856e-10
2.0006275824359376e-10
3.0016169671326365e-10
4.1961597499647063e-10
5.586038359303713e-10
7.205764847653673e-10
9.198607587440621e-10
1.1120765766592378e-09
1.3512932092729635e-09
1.5970781554880409e-09
3.429176430660985e-09
0.0019771012011915445
0.0017748735845088959
0.0017011984018608928
0.001593849272467196
0.0007498062332160771
2.604234102671077e-09
3.6460058062959266e-09
3.3264046898906496e-09
3.3264046898906496e-09
3.6460058062959266e-09
2.604234102671077e-09
0.0007498062332160771
0.001593849272467196
0.0017011984018608928
0.0017748735845088959
0.0019771012011915445
3.429176430660985e-09
1.5970781554880409e-09
1.3512932092729635e-09
1.1120765766592378e-09
9.198607587440621e-10
7.205764847653673e-10
5.586038359303713e-10
4.1961597499647063e-10
3.0016169671326365e-10
2.0006275824359376e-10
1.1907927985679856e-10
6.001596382409005e-11
5.975486083590123e-11
1.1859075191040375e-10
1.9940106965772586e-10
2.994746920066682e-10
4.194188941465671e-10
5.594108076073523e-10
7.2088412713181e-10
9.386288404508725e-10
1.1450625603953712e-09
1.3205130348567518e-09
1.4006103134928116e-09
0.0008701238548383117
0.0017293608980253339
0.0016900248592719436
0.001684836228378117
0.0016956671606749296
0.0012156669981777668
1.6642236633918062e-09
4.844030124934173e-09
3.499640030893425e-09
3.499640030893425e-09
4.844030124934173e-09
1.6642236633918062e-09
0.0012156669981777668
0.0016956671606749296
0.001684836228378117
0.0016900248592719436
0.0017293608980253339
0.0008701238548383117
1.4006103134928116e-09
1.3205130348567518e-09
1.1450625603953712e-09
9.386288404508725e-10
7.2088412713181e-10
5.594108076073523e-10
4.194188941465671e-10
2.994746920066682e-10
1.9940106965772586e-10
1.1859075191040375e-10
5.975486083590123e-11
5.975486083590123e-11
1.1859075191040375e-10
1.9940106965772586e-10
2.994746920066682e-10
4.194188941465671e-10
5.594108076073523e-10
7.2088412713181e-10
9.386288404508725e-10
1.1450625603953712e-09
1.3205130348567518e-09
1.4006103134928116e-09
0.0008701238548383117
0.0017293608980253339
0.0016900248592719436
0.001684836228378117
0.0016956671606749296
0.0012156669981777668
1.6642236633918062e-09
4.844030124934173e-09
3.499640030893425e-09
3.499640030893425e-09
4.844030124934173e-09
1.6642236633918062e-09
0.0012156669981777668
0.0016956671606749296
0.001684836228378117
0.0016900248592719436
0.0017293608980253339
0.0008701238548383117
1.4006103134928116e-09
1.3205130348567518e-09
1.1450625603953712e-09
9.386288404508725e-10
7.2088412713181e-10
5.594108076073523e-10
4.194188941465671e-10
2.994746920066682e-10
1.9940106965772586e-10
1.1859075191040375e-10
5.975486083590123e-11
6.001596382409005e-11
1.1907927985679856e-10
2.0006275824359376e-10
3.0016169671326365e-10
4.1961597499647063e-10
5.586038359303713e-10
7.205764847653673e-10
9.198607587440621e-10
1.1120765766592378e-09
1.3512932092729635e-09
1.5970781554880409e-09
3.429176430660985e-09
0.0019771012011915445
0.0017748735845088959
0.0017011984018608928
0.001593849272467196
0.0007498062332160771
2.604234102671077e-09
3.6460058062959266e-09
3.3264046898906496e-09
3.3264046898906496e-09
3.6460058062959266e-09
2.604234102671077e-09
0.0007498062332160771
0.001593849272467196
0.0017011984018608928
0.0017748735845088959
0.0019771012011915445
3.429176430660985e-09
1.5970781554880409e-09
1.3512932092729635e-09
1.1120765766592378e-09
9.198607587440621e-10
7.205764847653673e-10
5.586038359303713e-10
4.1961597499647063e-10
3.0016169671326365e-10
2.0006275824359376e-10
1.1907927985679856e-10
6.001596382409005e-11
6.072070201246921e-11
1.2031230232998485e-10
2.017095800284363e-10
3.0191580030307363e-10
4.207377989843414e-10
5.584961746546435e-10
7.188825272910759e-10
8.99482907861654e-10
1.079882168929236e-09
1.3709685513577097e-09
1.6301876298516205e-09
3.290504370714875e-09
2.478192564353554e-09
2.459870848681156e-09
2.2508069626864247e-09
1.8159547216650695e-09
1.6958746689929582e-09
2.89214290537243e-09
2.3963400708204574e-09
2.842382145623601e-09
2.842382145623601e-09
2.3963400708204574e-09
2.89214290537243e-09
1.6958746689929582e-09
1.8159547216650695e-09
2.2508069626864247e-09
2.459870848681156e-09
2.478192564353554e-09
3.290504370714875e-09
1.6301876298516205e-09
1.3709685513577097e-09
1.079882168929236e-09
8.99482907861654e-10
7.188825272910759e-10
5.584961746546435e-10
4.207377989843414e-10
3.0191580030307363e-10
2.017095800284363e-10
1.2031230232998485e-10
6.072070201246921e-11
6.223671480520138e-11
1.2283735497959497e-10
2.049874620090389e-10
3.054608432515038e-10
4.2389765200594176e-10
5.608374008259087e-10
7.180985949102603e-10
8.898973680344924e-10
1.0746980562414965e-09
1.306388265794045e-09
1.4655908864985578e-09
1.4113916198960075e-09
2.128999884373761e-09
2.6290473704310147e-09
2.381858599243003e-09
1.935713308393039e-09
2.0259789939441886e-09
2.008346180332188e-09
2.176371279374867e-09
2.2307687381345476e-09
2.2307687381345476e-09
2.176371279374867e-09
2.008346180332188e-09
2.0259789939441886e-09
1.935713308393039e-09
2.381858599243003e-09
2.6290473704310147e-09
2.128999884373761e-09
1.4113916198960075e-09
1.4655908864985578e-09
1.306388265794045e-09
1.0746980562414965e-09
8.898973680344924e-10
7.180985949102603e-10
5.608374008259087e-10
4.2389765200594176e-10
3.054608432515038e-10
2.049874620090389e-10
1.2283735497959497e-10
6.223671480520138e-11
6.527024472118004e-11
1.2761643684074814e-10
2.1077295453680173e-10
3.117326275586807e-10
4.30245709935953e-10
5.671443132834741e-10
7.221987764760573e-10
8.943067640598823e-10
1.0812343858787599e-09
1.2709522019885289e-09
1.4476646877786825e-09
1.6408469635104117e-09
1.8377031667238253e-09
2.036152496609489e-09
2.0800323269343224e-09
2.0217746747597243e-09
1.917777351853611e-09
1.8745729794822363e-09
1.852241884175987e-09
1.8435355238904938e-09
1.8435355238904938e-09
1.852241884175987e-09
1.8745729794822363e-09
1.917777351853611e-09
2.0217746747597243e-09
2.0800323269343224e-09
2.036152496609489e-09
1.8377031667238253e-09
1.6408469635104117e-09
1.4476646877786825e-09
1.2709522019885289e-09
1.0812343858787599e-09
8.943067640598823e-10
7.221987764760573e-10
5.671443132834741e-10
4.30245709935953e-10
3.117326275586807e-10
2.1077295453680173e-10
1.2761643684074814e-10
6.527024472118004e-11
1.0771227388749888e-10
1.8023894822385284e-10
2.7516251538579894e-10
3.8834753013188006e-10
5.18506624355014e-10
6.65854470085353e-10
8.30267061699419e-10
1.0074876046275993e-09
1.1984491090494265e-09
1.4036794730026836e-09
1.5937315486422299e-09
1.7808821908479877e-09
1.9401999538232184e-09
2.019817689838388e-09
2.1940995027780463e-09
2.053210899910507e-09
1.9956519076158585e-09
1.9898215020131005e-09
2.0010184915292273e-09
2.0220754324423718e-09
2.0220754324423718e-09
2.0010184915292273e-09
1.9898215020131005e-09
1.9956519076158585e-09
2.053210899910507e-09
2.1940995027780463e-09
2.019817689838388e-09
1.9401999538232184e-09
1.7808821908479877e-09
1.5937315486422299e-09
1.4036794730026836e-09
1.1984491090494265e-09
1.0074876046275993e-09
8.30267061699419e-10
6.65854470085353e-10
5.18506624355014e-10
3.8834753013188006e-10
2.7516251538579894e-10
1.8023894822385284e-10
1.0771227388749888e-10
1.0416881658474597e-10
1.7469181754371094e-10
2.6838180657885735e-10
3.8097349168604577e-10
5.11364117283114e-10
6.593248082914505e-10
8.239139080191971e-10
1.0107649309545885e-09
1.1908267340959844e-09
1.3778600656266793e-09
1.780843918511299e-09
2.0061511046137737e-09
3.729215720948975e-09
5.171525534197752e-09
2.3114932277273903e-09
2.205676396735412e-09
2.1271322377114377e-09
2.1795453896550354e-09
2.3523652643853143e-09
2.397441403387268e-09
2.397441403387268e-09
2.3523652643853143e-09
2.1795453896550354e-09
2.1271322377114377e-09
2.205676396735412e-09
2.3114932277273903e-09
5.171525534197752e-09
3.729215720948975e-09
2.0061511046137737e-09
1.780843918511299e-09
1.3778600656266793e-09
1.1908267340959844e-09
1.0107649309545885e-09
8.239139080191971e-10
6.593248082914505e-10
5.11364117283114e-10
3.8097349168604577e-10
2.6838180657885735e-10
1.7469181754371094e-10
1.0416881658474597e-10
1.0241895493593584e-10
1.7180294730259615e-10
2.6464754324627415e-10
3.7696042576480793e-10
5.080400618424907e-10
6.584641143968228e-10
8.240434701788091e-10
1.0246731848434498e-09
1.2234769404192991e-09
1.4163309197331997e-09
1.5599101871321963e-09
1.7466911163971366e-09
6.237870463221551e-09
7.291069657744398e-09
2.1862097635688693e-09
2.1707789645691866e-09
2.4700339430056006e-09
3.4557172661625613e-09
2.9379777690546893e-09
2.8787723073409044e-09
2.8787723073409044e-09
2.9379777690546893e-09
3.4557172661625613e-09
2.4700339430056006e-09
2.1707789645691866e-09
2.1862097635688693e-09
7.291069657744398e-09
6.237870463221551e-09
1.7466911163971366e-09
1.5599101871321963e-09
1.4163309197331997e-09
1.2234769404192991e-09
1.0246731848434498e-09
8.240434701788091e-10
6.584641143968228e-10
5.080400618424907e-10
3.7696042576480793e-10
2.6464754324627415e-10
1.7180294730259615e-10
1.0241895493593584e-10
1.0164909685457177e-10
1.7044537710484559e-10
2.6286411198769843e-10
3.7513419562547334e-10
5.068656540492544e-10
6.609846676074171e-10
8.293827321974312e-10
1.0277026625538088e-09
1.3126041052691217e-09
1.6374869125576619e-09
2.423664567652306e-09
0.0009764920105226338
0.0020995219238102436
0.002049122704192996
0.0018017881084233522
0.0016009960090741515
3.4565766048044733e-09
4.34590557985004e-09
3.4595416809057866e-09
3.4754920295865244e-09
3.4754920295865244e-09
3.4595416809057866e-09
4.34590557985004e-09
3.4565766048044733e-09
0.0016009960090741515
0.0018017881084233522
0.002049122704192996
0.0020995219238102436
0.0009764920105226338
2.423664567652306e-09
1.6374869125576619e-09
1.3126041052691217e-09
1.0277026625538088e-09
8.293827321974312e-10
6.609846676074171e-10
5.068656540492544e-10
3.7513419562547334e-10
2.6286411198769843e-10
1.7044537710484559e-10
1.0164909685457177e-10
1.0138741788397881e-10
1.6993275276516728e-10
2.6219215058624623e-10
3.7451736590449203e-10
5.065339423945825e-10
6.637582193949609e-10
8.347274152269157e-10
1.0202881291568322e-09
1.406129878332718e-09
1.7791443231857107e-09
5.091607257340369e-09
0.0018191729905083776
0.0016535118920728564
0.0016129770083352923
0.0017169449711218476
0.002199467970058322
6.080672423913747e-09
3.891276623840811e-09
3.738434908862054e-09
3.931114548466619e-09
3.931114548466619e-09
3.738434908862054e-09
3.891276623840811e-09
6.080672423913747e-09
0.002199467970058322
0.0017169449711218476
0.0016129770083352923
0.0016535118920728564
0.0018191729905083776
5.091607257340369e-09
1.7791443231857107e-09
1.406129878332718e-09
1.0202881291568322e-09
8.347274152269157e-10
6.637582193949609e-10
5.065339423945825e-10
3.7451736590449203e-10
2.6219215058624623e-10
1.6993275276516728e-10
1.0138741788397881e-10
1.0138741788397881e-10
1.6993275276516728e-10
2.6219215058624623e-10
3.7451736590449203e-10
5.065339423945825e-10
6.637582193949609e-10
8.347274152269157e-10
1.0202881291568322e-09
1.406129878332718e-09
1.7791443231857107e-09
5.091607257340369e-09
0.0018191729905083776
0.0016535118920728564
0.0016129770083352923
0.0017169449711218476
0.002199467970058322
6.080672423913747e-09
3.891276623840811e-09
3.738434908862054e-09
3.931114548466619e-09
3.931114548466619e-09
3.738434908862054e-09
3.891276623840811e-09
6.080672423913747e-09
0.002199467970058322
0.0017169449711218476
0.0016129770083352923
0.0016535118920728564
0.0018191729905083776
5.091607257340369e-09
1.7791443231857107e-09
1.406129878332718e-09
1.0202881291568322e-09
8.347274152269157e-10
6.637582193949609e-10
5.065339423945825e-10
3.7451736590449203e-10
2.6219215058624623e-10
1.6993275276516728e-10
1.0138741788397881e-10
1.0164909685457177e-10
1.7044537710484559e-10
2.6286411198769843e-10
3.7513419562547334e-10
5.068656540492544e-10
6.609846676074171e-10
8.293827321974312e-10
1.0277026625538088e-09
1.3126041052691217e-09
1.6374869125576619e-09
2.423664567652306e-09
0.0009764920105226338
0.0020995219238102436
0.002049122704192996
0.0018017881084233522
0.0016009960090741515
3.4565766048044733e-09
4.34590557985004e-09
3.4595416809057866e-09
3.4754920295865244e-09
3.4754920295865244e-09
3.4595416809057866e-09
4.34590557985004e-09
3.4565766048044733e-09
0.0016009960090741515
0.0018017881084233522
0.002049122704192996
0.0020995219238102436
0.0009764920105226338
2.423664567652306e-09
1.6374869125576619e-09
1.3126041052691217e-09
1.0277026625538088e-09
8.293827321974312e-10
6.609846676074171e-10
5.068656540492544e-10
3.7513419562547334e-10
2.6286411198769843e-10
1.7044537710484559e-10
1.0164909685457177e-10
1.0241895493593584e-10
1.7180294730259615e-10
2.6464754324627415e-10
3.7696042576480793e-10
5.080400618424907e-10
6.584641143968228e-10
8.240434701788091e-10
1.0246731848434498e-09
1.2234769404192991e-09
1.4163309197331997e-09
1.5599101871321963e-09
1.7466911163971366e-09
6.237870463221551e-09
7.291069657744398e-09
2.1862097635688693e-09
2.1707789645691866e-09
2.4700339430056006e-09
3.4557172661625613e-09
2.9379777690546893e-09
2.8787723073409044e-09
2.8787723073409044e-09
2.9379777690546893e-09
3.4557172661625613e-09
2.4700339430056006e-09
2.1707789645691866e-09
2.1862097635688693e-09
7.291069657744398e-09
6.237870463221551e-09
1.7466911163971366e-09
1.5599101871321963e-09
1.4163309197331997e-09
1.2234769404192991e-09
1.0246731848434498e-09
8.240434701788091e-10
6.584641143968228e-10
5.080400618424907e-10
3.7696042576480793e-10
2.6464754324627415e-10
1.7180294730259615e-10
1.0241895493593584e-10
1.0416881658474597e-10
1.7469181754371094e-10
2.6838180657885735e-10
3.8097349168604577e-10
5.11364117283114e-10
6.593248082914505e-10
8.239139080191971e-10
1.0107649309545885e-09
1.1908267340959844e-09
1.3778600656266793e-09
1.780843918511299e-09
2.0061511046137737e-09
3.729215720948975e-09
5.171525534197752e-09
2.3114932277273903e-09
2.205676396735412e-09
2.1271322377114377e-09
2.1795453896550354e-09
2.3523652643853143e-09
2.397441403387268e-09
2.397441403387268e-09
2.3523652643853143e-09
2.1795453896550354e-09
2.1271322377114377e-09
2.205676396735412e-09
2.3114932277273903e-09
5.171525534197752e-09
3.729215720948975e-09
2.0061511046137737e-09
1.780843918511299e-09
1.3778600656266793e-09
1.1908267340959844e-09
1.0107649309545885e-09
8.239139080191971e-10
6.593248082914505e-10
5.11364117283114e-10
3.8097349168604577e-10
2.6838180657885735e-10
1.7469181754371094e-10
1.0416881658474597e-10
1.0771227388749888e-10
1.8023894822385284e-10
2.7516251538579894e-10
3.8834753013188006e-10
5.18506624355014e-10
6.65854470085353e-10
8.30267061699419e-10
1.0074876046275993e-09
1.1984491090494265e-09
1.4036794730026836e-09
1.5937315486422299e-09
1.7808821908479877e-09
1.9401999538232184e-09
2.019817689838388e-09
2.1940995027780463e-09
2.053210899910507e-09
1.9956519076158585e-09
1.9898215020131005e-09
2.0010184915292273e-09
2.0220754324423718e-09
2.0220754324423718e-09
2.0010184915292273e-09
1.9898215020131005e-09
1.9956519076158585e-09
2.053210899910507e-09
2.1940995027780463e-09
2.019817689838388e-09
1.9401999538232184e-09
1.7808821908479877e-09
1.5937315486422299e-09
1.4036794730026836e-09
1.1984491090494265e-09
1.0074876046275993e-09
8.30267061699419e-10
6.65854470085353e-10
5.18506624355014e-10
3.8834753013188006e-10
2.7516251538579894e-10
1.8023894822385284e-10
1.0771227388749888e-10
1.6448952931073096e-10
2.448664643446563e-10
3.489167505268953e-10
4.712577984095079e-10
6.095287035517982e-10
7.627112374834766e-10
9.325148075597922e-10
1.1142718692180864e-09
1.2915672220961683e-09
1.4707258848278837e-09
1.6606732265375679e-09
1.904875562841468e-09
2.3027844821971177e-09
2.2081015401548276e-09
2.2785488773546803e-09
2.0978503222773837e-09
2.04244737442294e-09
2.0753700407522002e-09
2.1354040497661986e-09
2.173671182284509e-09
2.173671182284509e-09
2.1354040497661986e-09
2.0753700407522002e-09
2.04244737442294e-09
2.0978503222773837e-09
2.2785488773546803e-09
2.2081015401548276e-09
2.3027844821971177e-09
1.904875562841468e-09
1.6606732265375679e-09
1.4707258848278837e-09
1.2915672220961683e-09
1.1142718692180864e-09
9.325148075597922e-10
7.627112374834766e-10
6.095287035517982e-10
4.712577984095079e-10
3.489167505268953e-10
2.448664643446563e-10
1.6448952931073096e-10
1.6068765242016614e-10
2.3885041622491443e-10
3.415199438354388e-10
4.6341072255581817e-10
6.020337223536232e-10
7.579747376626478e-10
9.28307018928376e-10
1.1066826708511224e-09
1.3189753109155156e-09
1.4669299846017947e-09
1.5277807231123264e-09
1.414233313790092e-09
2.7030083900314583e-09
5.739123586090411e-09
2.3654210101059503e-09
2.001044946062236e-09
2.231385215489823e-09
2.406731714962862e-09
2.4964271101712843e-09
2.529139224438648e-09
2.529139224438648e-09
2.4964271101712843e-09
2.406731714962862e-09
2.231385215489823e-09
2.001044946062236e-09
2.3654210101059503e-09
5.739123586090411e-09
2.7030083900314583e-09
1.414233313790092e-09
1.5277807231123264e-09
1.4669299846017947e-09
1.3189753109155156e-09
1.1066826708511224e-09
9.28307018928376e-10
7.579747376626478e-10
6.020337223536232e-10
4.6341072255581817e-10
3.415199438354388e-10
2.3885041622491443e-10
1.6068765242016614e-10
1.5899013063123274e-10
2.3591163202628385e-10
3.377039316590502e-10
4.5960679923365277e-10
5.98916695317836e-10
7.58756718479553e-10
9.37694691859059e-10
1.1115368608177745e-09
1.3767056071534167e-09
1.6699734043529313e-09
3.6639567248253346e-09
1.7285950231968328e-09
0.0006436945404857397
6.0034941427866695e-09
2.5163972468267293e-09
4.913978945975117e-09
3.1288010376995246e-09
2.836016144147635e-09
3.026933521541042e-09
2.9764712829866147e-09
2.9764712829866147e-09
3.026933521541042e-09
2.836016144147635e-09
3.1288010376995246e-09
4.913978945975117e-09
2.5163972468267293e-09
6.0034941427866695e-09
0.0006436945404857397
1.7285950231968328e-09
3.6639567248253346e-09
1.6699734043529313e-09
1.3767056071534167e-09
1.1115368608177745e-09
9.37694691859059e-10
7.58756718479553e-10
5.98916695317836e-10
4.5960679923365277e-10
3.377039316590502e-10
2.3591163202628385e-10
1.5899013063123274e-10
1.584012597737744e-10
2.346924195782696e-10
3.360719363389164e-10
4.5833606007739114e-10
5.984987353803428e-10
7.606860562454909e-10
9.58272957513051e-10
1.1334507551280515e-09
1.377809758645876e-09
1.5579593821632431e-09
3.848286706659154e-09
0.0019745102617889643
0.001655121799558401
0.0022064154036343098
0.002137205097824335
4.376760238955502e-09
3.9653224280511434e-09
3.0122657840303546e-09
3.4960313723825243e-09
3.405173929285632e-09
3.405173929285632e-09
3.4960313723825243e-09
3.0122657840303546e-09
3.9653224280511434e-09
4.376760238955502e-09
0.002137205097824335
0.0022064154036343098
0.001655121799558401
0.0019745102617889643
3.848286706659154e-09
1.5579593821632431e-09
1.377809758645876e-09
1.1334507551280515e-09
9.58272957513051e-10
7.606860562454909e-10
5.984987353803428e-10
4.5833606007739114e-10
3.360719363389164e-10
2.346924195782696e-10
1.584012597737744e-10
1.5828007307594483e-10
2.3430714833627686e-10
3.3553653020108876e-10
4.581642682431608e-10
5.989837532222042e-10
7.612103764161049e-10
9.781154835727945e-10
1.152370733559227e-09
1.3802840164237051e-09
1.2616941996376752e-09
0.0009868915658444166
0.0018469670321792364
0.001736892620101571
0.0016232543857768178
0.0017729158280417323
0.000953590264543891
3.5910475981726364e-09
2.9690525212011654e-09
3.6930757930930813e-09
3.6800671017467312e-09
3.6800671017467312e-09
3.6930757930930813e-09
2.9690525212011654e-09
3.5910475981726364e-09
0.000953590264543891
0.0017729158280417323
0.0016232543857768178
0.001736892620101571
0.0018469670321792364
0.0009868915658444166
1.2616941996376752e-09
1.3802840164237051e-09
1.152370733559227e-09
9.781154835727945e-10
7.612103764161049e-10
5.989837532222042e-10
4.581642682431608e-10
3.3553653020108876e-10
2.3430714833627686e-10
1.5828007307594483e-10
1.5828007307594483e-10
2.3430714833627686e-10
3.3553653020108876e-10
4.581642682431608e-10
5.989837532222042e-10
7.612103764161049e-10
9.781154835727945e-10
1.152370733559227e-09
1.3802840164237051e-09
1.2616941996376752e-09
0.0009868915658444166
0.0018469670321792364
0.001736892620101571
0.0016232543857768178
0.0017729158280417323
0.000953590264543891
3.5910475981726364e-09
2.9690525212011654e-09
3.6930757930930813e-09
3.6800671017467312e-09
3.6800671017467312e-09
3.6930757930930813e-09
2.9690525212011654e-09
3.5910475981726364e-09
0.000953590264543891
0.0017729158280417323
0.0016232543857768178
0.001736892620101571
0.0018469670321792364
0.0009868915658444166
1.2616941996376752e-09
1.3802840164237051e-09
1.152370733559227e-09
9.781154835727945e-10
7.612103764161049e-10
5.989837532222042e-10
4.581642682431608e-10
3.3553653020108876e-10
2.3430714833627686e-10
1.5828007307594483e-10
1.584012597737744e-10
2.346924195782696e-10
3.360719363389164e-10
4.5833606007739114e-10
5.984987353803428e-10
7.606860562454909e-10
9.58272957513051e-10
1.1334507551280515e-09
1.377809758645876e-09
1.5579593821632431e-09
3.848286706659154e-09
0.0019745102617889643
0.001655121799558401
0.0022064154036343098
0.002137205097824335
4.376760238955502e-09
3.9653224280511434e-09
3.0122657840303546e-09
3.4960313723825243e-09
3.405173929285632e-09
3.405173929285632e-09
3.4960313723825243e-09
3.0122657840303546e-09
3.9653224280511434e-09
4.376760238955502e-09
0.002137205097824335
0.0022064154036343098
0.001655121799558401
0.0019745102617889643
3.848286706659154e-09
1.5579593821632431e-09
1.377809758645876e-09
1.1334507551280515e-09
9.58272957513051e-10
7.606860562454909e-10
5.984987353803428e-10
4.5833606007739114e-10
3.360719363389164e-10
2.346924195782696e-10
1.584012597737744e-10
1.5899013063123274e-10
2.3591163202628385e-10
3.377039316590502e-10
4.5960679923365277e-10
5.98916695317836e-10
7.58756718479553e-10
9.37694691859059e-10
1.1115368608177745e-09
1.3767056071534167e-09
1.6699734043529313e-09
3.6639567248253346e-09
1.7285950231968328e-09
0.0006436945404857397
6.0034941427866695e-09
2.5163972468267293e-09
4.913978945975117e-09
3.1288010376995246e-09
2.836016144147635e-09
3.026933521541042e-09
2.9764712829866147e-09
2.9764712829866147e-09
3.026933521541042e-09
2.836016144147635e-09
3.1288010376995246e-09
4.913978945975117e-09
2.5163972468267293e-09
6.0034941427866695e-09
0.0006436945404857397
1.7285950231968328e-09
3.6639567248253346e-09
1.6699734043529313e-09
1.3767056071534167e-09
1.1115368608177745e-09
9.37694691859059e-10
7.58756718479553e-10
5.98916695317836e-10
4.5960679923365277e-10
3.377039316590502e-10
2.3591163202628385e-10
1.5899013063123274e-10
1.6068765242016614e-10
2.3885041622491443e-10
3.415199438354388e-10
4.6341072255581817e-10
6.020337223536232e-10
7.579747376626478e-10
9.28307018928376e-10
1.1066826708511224e-09
1.3189753109155156e-09
1.4669299846017947e-09
1.5277807231123264e-09
1.414233313790092e-09
2.7030083900314583e-09
5.739123586090411e-09
2.3654210101059503e-09
2.001044946062236e-09
2.231385215489823e-09
2.406731714962862e-09
2.4964271101712843e-09
2.529139224438648e-09
2.529139224438648e-09
2.4964271101712843e-09
2.406731714962862e-09
2.231385215489823e-09
2.001044946062236e-09
2.3654210101059503e-09
5.739123586090411e-09
2.7030083900314583e-09
1.414233313790092e-09
1.5277807231123264e-09
1.4669299846017947e-09
1.3189753109155156e-09
1.1066826708511224e-09
9.28307018928376e-10
7.579747376626478e-10
6.020337223536232e-10
4.6341072255581817e-10
3.415199438354388e-10
2.3885041622491443e-10
1.6068765242016614e-10
1.6448952931073096e-10
2.448664643446563e-10
3.489167505268953e-10
4.712577984095079e-10
6.095287035517982e-10
7.627112374834766e-10
9.325148075597922e-10
1.1142718692180864e-09
1.2915672220961683e-09
1.4707258848278837e-09
1.6606732265375679e-09
1.904875562841468e-09
2.3027844821971177e-09
2.2081015401548276e-09
2.2785488773546803e-09
2.0978503222773837e-09
2.04244737442294e-09
2.0753700407522002e-09
2.1354040497661986e-09
2.173671182284509e-09
2.173671182284509e-09
2.1354040497661986e-09
2.0753700407522002e-09
2.04244737442294e-09
2.0978503222773837e-09
2.2785488773546803e-09
2.2081015401548276e-09
2.3027844821971177e-09
1.904875562841468e-09
1.6606732265375679e-09
1.4707258848278837e-09
1.2915672220961683e-09
1.1142718692180864e-09
9.325148075597922e-10
7.627112374834766e-10
6.095287035517982e-10
4.712577984095079e-10
3.489167505268953e-10
2.448664643446563e-10
1.6448952931073096e-10
2.366214862936644e-10
3.222120920770566e-10
4.3235722077192285e-10
5.602131714251002e-10
7.019922837470105e-10
8.556373925355798e-10
1.019632837363782e-09
1.2023498516255948e-09
1.3828045696342994e-09
1.4704604721360592e-09
1.509926949097573e-09
1.4975842831457808e-09
1.9430806789955124e-09
2.1762708822536947e-09
2.2922438686762137e-09
2.1319955349763386e-09
2.111705775520445e-09
2.1726977855740515e-09
2.2485218981876942e-09
2.296343020249947e-09
2.296343020249947e-09
2.2485218981876942e-09
2.1726977855740515e-09
2.111705775520445e-09
2.1319955349763386e-09
2.2922438686762137e-09
2.1762708822536947e-09
1.9430806789955124e-09
1.4975842831457808e-09
1.509926949097573e-09
1.4704604721360592e-09
1.3828045696342994e-09
1.2023498516255948e-09
1.019632837363782e-09
8.556373925355798e-10
7.019922837470105e-10
5.602131714251002e-10
4.3235722077192285e-10
3.222120920770566e-10
2.366214862936644e-10
2.3287255912669835e-10
3.1610150152787397e-10
4.247827404494503e-10
5.524178662251467e-10
6.954072734322025e-10
8.515724475403885e-10
1.0264056314948644e-09
1.2057415612817812e-09
1.349192242303121e-09
1.65017847476856e-09
1.9056136876804963e-09
2.617911963598285e-09
1.3704673246933696e-09
3.797811023997788e-09
2.332952407646527e-09
2.1539491110861286e-09
2.310160092736102e-09
2.4165793064551133e-09
2.5516665603381172e-09
2.5957853488217664e-09
2.5957853488217664e-09
2.5516665603381172e-09
2.4165793064551133e-09
2.310160092736102e-09
2.1539491110861286e-09
2.332952407646527e-09
3.797811023997788e-09
1.3704673246933696e-09
2.617911963598285e-09
1.9056136876804963e-09
1.65017847476856e-09
1.349192242303121e-09
1.2057415612817812e-09
1.0264056314948644e-09
8.515724475403885e-10
6.954072734322025e-10
5.524178662251467e-10
4.247827404494503e-10
3.1610150152787397e-10
2.3287255912669835e-10
2.3165250642200041e-10
3.136017649989914e-10
4.214084593431866e-10
5.493804196288199e-10
6.946626975902481e-10
8.52040280777816e-10
1.0445908461137465e-09
1.2411632051984034e-09
1.3992912731297658e-09
1.2799313475406193e-09
1.6338240439381368e-09
3.702891725881896e-09
0.0011001323582604527
3.831369683321428e-09
1.5808313859333456e-09
3.0281690783368065e-09
2.44224887709088e-09
2.8755277239195243e-09
2.876817057143044e-09
2.9604862398363574e-09
2.9604862398363574e-09
2.876817057143044e-09
2.8755277239195243e-09
2.44224887709088e-09
3.0281690783368065e-09
1.5808313859333456e-09
3.831369683321428e-09
0.0011001323582604527
3.702891725881896e-09
1.6338240439381368e-09
1.2799313475406193e-09
1.3992912731297658e-09
1.2411632051984034e-09
1.0445908461137465e-09
8.52040280777816e-10
6.946626975902481e-10
5.493804196288199e-10
4.214084593431866e-10
3.136017649989914e-10
2.3165250642200041e-10
2.31622338496551e-10
3.1296479622265616e-10
4.2039719687185506e-10
5.489186037134497e-10
6.976140585340795e-10
8.562141880913421e-10
1.0534582104218537e-09
1.3283364208929727e-09
1.625487288173244e-09
2.169788003783535e-09
0.0010043748188763857
0.002063036896288395
0.0016788551583886147
0.0020849767606705427
0.0007593865157105029
3.992654297457765e-09
3.760063007479664e-09
3.2940425560845643e-09
3.1417772029807e-09
3.2807259513212284e-09
3.2807259513212284e-09
3.1417772029807e-09
3.2940425560845643e-09
3.760063007479664e-09
3.992654297457765e-09
0.0007593865157105029
0.0020849767606705427
0.0016788551583886147
0.002063036896288395
0.0010043748188763857
2.169788003783535e-09
1.625487288173244e-09
1.3283364208929727e-09
1.0534582104218537e-09
8.562141880913421e-10
6.976140585340795e-10
5.489186037134497e-10
4.2039719687185506e-10
3.1296479622265616e-10
2.31622338496551e-10
2.318581524690666e-10
3.1296747962303306e-10
4.2029953736116843e-10
5.491401604273971e-10
7.007992276764075e-10
8.599038907146361e-10
1.0510500889765462e-09
1.4262335886958133e-09
1.7188628992359511e-09
5.1634660089283635e-09
0.0018822549609467387
0.0017341766506433487
0.0017304414650425315
0.0016414851415902376
0.0015148984966799617
4.964984586658394e-09
4.9995133900859745e-09
3.501201715702673e-09
3.29295792023121e-09
3.4604320277298317e-09
3.4604320277298317e-09
3.29295792023121e-09
3.501201715702673e-09
4.9995133900859745e-09
4.964984586658394e-09
0.0015148984966799617
0.0016414851415902376
0.0017304414650425315
0.0017341766506433487
0.0018822549609467387
5.1634660089283635e-09
1.7188628992359511e-09
1.4262335886958133e-09
1.0510500889765462e-09
8.599038907146361e-10
7.007992276764075e-10
5.491401604273971e-10
4.2029953736116843e-10
3.1296747962303306e-10
2.318581524690666e-10
2.318581524690666e-10
3.1296747962303306e-10
4.2029953736116843e-10
5.491401604273971e-10
7.007992276764075e-10
8.599038907146361e-10
1.0510500889765462e-09
1.4262335886958133e-09
1.7188628992359511e-09
5.1634660089283635e-09
0.0018822549609467387
0.0017341766506433487
0.0017304414650425315
0.0016414851415902376
0.0015148984966799617
4.964984586658394e-09
4.9995133900859745e-09
3.501201715702673e-09
3.29295792023121e-09
3.4604320277298317e-09
3.4604320277298317e-09
3.29295792023121e-09
3.501201715702673e-09
4.9995133900859745e-09
4.964984586658394e-09
0.0015148984966799617
0.0016414851415902376
0.0017304414650425315
0.0017341766506433487
0.0018822549609467387
5.1634660089283635e-09
1.7188628992359511e-09
1.4262335886958133e-09
1.0510500889765462e-09
8.599038907146361e-10
7.007992276764075e-10
5.491401604273971e-10
4.2029953736116843e-10
3.1296747962303306e-10
2.318581524690666e-10
2.31622338496551e-10
3.1296479622265616e-10
4.2039719687185506e-10
5.489186037134497e-10
6.976140585340795e-10
8.562141880913421e-10
1.0534582104218537e-09
1.3283364208929727e-09
1.625487288173244e-09
2.169788003783535e-09
0.0010043748188763857
0.002063036896288395
0.0016788551583886147
0.0020849767606705427
0.0007593865157105029
3.992654297457765e-09
3.760063007479664e-09
3.2940425560845643e-09
3.1417772029807e-09
3.2807259513212284e-09
3.2807259513212284e-09
3.1417772029807e-09
3.2940425560845643e-09
3.760063007479664e-09
3.992654297457765e-09
0.0007593865157105029
0.0020849767606705427
0.0016788551583886147
0.002063036896288395
0.0010043748188763857
2.169788003783535e-09
1.625487288173244e-09
1.3283364208929727e-09
1.0534582104218537e-09
8.562141880913421e-10
6.976140585340795e-10
5.489186037134497e-10
4.2039719687185506e-10
3.1296479622265616e-10
2.31622338496551e-10
2.3165250642200041e-10
3.136017649989914e-10
4.214084593431866e-10
5.493804196288199e-10
6.946626975902481e-10
8.52040280777816e-10
1.0445908461137465e-09
1.2411632051984034e-09
1.3992912731297658e-09
1.2799313475406193e-09
1.6338240439381368e-09
3.702891725881896e-09
0.0011001323582604527
3.831369683321428e-09
1.5808313859333456e-09
3.0281690783368065e-09
2.44224887709088e-09
2.8755277239195243e-09
2.876817057143044e-09
2.9604862398363574e-09
2.9604862398363574e-09
2.876817057143044e-09
2.8755277239195243e-09
2.44224887709088e-09
3.0281690783368065e-09
1.5808313859333456e-09
3.831369683321428e-09
0.0011001323582604527
3.702891725881896e-09
1.6338240439381368e-09
1.2799313475406193e-09
1.3992912731297658e-09
1.2411632051984034e-09
1.0445908461137465e-09
8.52040280777816e-10
6.946626975902481e-10
5.493804196288199e-10
4.214084593431866e-10
3.136017649989914e-10
2.3165250642200041e-10
2.3287255912669835e-10
3.1610150152787397e-10
4.247827404494503e-10
5.524178662251467e-10
6.954072734322025e-10
8.515724475403885e-10
1.0264056314948644e-09
1.2057415612817812e-09
1.349192242303121e-09
1.65017847476856e-09
1.9056136876804963e-09
2.617911963598285e-09
1.3704673246933696e-09
3.797811023997788e-09
2.332952407646527e-09
2.1539491110861286e-09
2.310160092736102e-09
2.4165793064551133e-09
2.5516665603381172e-09
2.5957853488217664e-09
2.5957853488217664e-09
2.5516665603381172e-09
2.4165793064551133e-09
2.310160092736102e-09
2.1539491110861286e-09
2.332952407646527e-09
3.797811023997788e-09
1.3704673246933696e-09
2.617911963598285e-09
1.9056136876804963e-09
1.65017847476856e-09
1.349192242303121e-09
1.2057415612817812e-09
1.0264056314948644e-09
8.515724475403885e-10
6.954072734322025e-10
5.524178662251467e-10
4.247827404494503e-10
3.1610150152787397e-10
2.3287255912669835e-10
2.366214862936644e-10
3.222120920770566e-10
4.3235722077192285e-10
5.602131714251002e-10
7.019922837470105e-10
8.556373925355798e-10
1.019632837363782e-09
1.2023498516255948e-09
1.3828045696342994e-09
1.4704604721360592e-09
1.509926949097573e-09
1.4975842831457808e-09
1.9430806789955124e-09
2.1762708822536947e-09
2.2922438686762137e-09
2.1319955349763386e-09
2.111705775520445e-09
2.1726977855740515e-09
2.2485218981876942e-09
2.296343020249947e-09
2.296343020249947e-09
2.2485218981876942e-09
2.1726977855740515e-09
2.111705775520445e-09
2.1319955349763386e-09
2.2922438686762137e-09
2.1762708822536947e-09
1.9430806789955124e-09
1.4975842831457808e-09
1.509926949097573e-09
1.4704604721360592e-09
1.3828045696342994e-09
1.2023498516255948e-09
1.019632837363782e-09
8.556373925355798e-10
7.019922837470105e-10
5.602131714251002e-10
4.3235722077192285e-10
3.222120920770566e-10
2.366214862936644e-10
3.2475953350152853e-10
4.1278262817405487e-10
5.255323086428287e-10
6.555235412646077e-10
7.960804324774751e-10
9.442354667252295e-10
1.0949487844191808e-09
1.2472370141888844e-09
1.4268897478506015e-09
1.5326584402661214e-09
1.5378749705988182e-09
1.5800837201151996e-09
1.8810458832924093e-09
2.172775197609167e-09
2.2660974659249877e-09
2.221958728121365e-09
2.221574053190567e-09
2.2855823136880282e-09
2.354926583597594e-09
2.4015624558448856e-09
2.4015624558448856e-09
2.354926583597594e-09
2.2855823136880282e-09
2.221574053190567e-09
2.221958728121365e-09
2.2660974659249877e-09
2.172775197609167e-09
1.8810458832924093e-09
1.5800837201151996e-09
1.5378749705988182e-09
1.5326584402661214e-09
1.4268897478506015e-09
1.2472370141888844e-09
1.0949487844191808e-09
9.442354667252295e-10
7.960804324774751e-10
6.555235412646077e-10
5.255323086428287e-10
4.1278262817405487e-10
3.2475953350152853e-10
3.214640467881502e-10
4.069823362866376e-10
5.18457293156166e-10
6.48319234668876e-10
7.908568006205485e-10
9.426026582534663e-10
1.0998288868177553e-09
1.2932669258419738e-09
1.461131129282256e-09
1.4337754074278397e-09
1.21345587657945e-09
1.213375537198469e-09
1.185768714120905e-09
2.1291831145409112e-09
2.2561687761102345e-09
2.308334513118071e-09
2.4312103979323707e-09
2.5054667542045994e-09
2.5910840313614347e-09
2.6371157861582173e-09
2.6371157861582173e-09
2.5910840313614347e-09
2.5054667542045994e-09
2.4312103979323707e-09
2.308334513118071e-09
2.2561687761102345e-09
2.1291831145409112e-09
1.185768714120905e-09
1.213375537198469e-09
1.21345587657945e-09
1.4337754074278397e-09
1.461131129282256e-09
1.2932669258419738e-09
1.0998288868177553e-09
9.426026582534663e-10
7.908568006205485e-10
6.48319234668876e-10
5.18457293156166e-10
4.069823362866376e-10
3.214640467881502e-10
3.2130803009552955e-10
4.0550925789993586e-10
5.165175470493721e-10
6.467124470492525e-10
7.92692138058132e-10
9.523455158158556e-10
1.1078789795282429e-09
1.3584247659029214e-09
1.689679104098507e-09
3.46716557374227e-09
1.79805942270711e-09
0.0010599065572023392
0.0006645308458246291
1.5309484365996773e-09
2.195516988698354e-09
3.189655137236791e-09
2.8166744110713626e-09
2.7674498977170447e-09
2.891630294585279e-09
2.9081372726613708e-09
2.9081372726613708e-09
2.891630294585279e-09
2.7674498977170447e-09
2.8166744110713626e-09
3.189655137236791e-09
2.195516988698354e-09
1.5309484365996773e-09
0.0006645308458246291
0.0010599065572023392
1.79805942270711e-09
3.46716557374227e-09
1.689679104098507e-09
1.3584247659029214e-09
1.1078789795282429e-09
9.523455158158556e-10
7.92692138058132e-10
6.467124470492525e-10
5.165175470493721e-10
4.0550925789993586e-10
3.2130803009552955e-10
3.223626064436519e-10
4.059861713305579e-10
5.171121777308718e-10
6.477441738365897e-10
7.969449210797064e-10
9.734409459061233e-10
1.1228947459362981e-09
1.3910481924325757e-09
1.4817459325494609e-09
3.616330108632826e-09
0.0018987507792189717
0.0014724015491083264
0.0014622340677306056
0.0013474670704454184
1.222245937272659e-09
4.153091499176087e-09
3.0080623322076283e-09
3.1894790628039793e-09
3.155142596841798e-09
3.138274362601834e-09
3.138274362601834e-09
3.155142596841798e-09
3.1894790628039793e-09
3.0080623322076283e-09
4.153091499176087e-09
1.222245937272659e-09
0.0013474670704454184
0.0014622340677306056
0.0014724015491083264
0.0018987507792189717
3.616330108632826e-09
1.4817459325494609e-09
1.3910481924325757e-09
1.1228947459362981e-09
9.734409459061233e-10
7.969449210797064e-10
6.477441738365897e-10
5.171121777308718e-10
4.059861713305579e-10
3.223626064436519e-10
3.232663973746358e-10
4.066669689797159e-10
5.18054457838979e-10
6.490401206933616e-10
7.994984882464529e-10
9.93850184441425e-10
1.1278131206715614e-09
1.4365600722876515e-09
1.1335253482375185e-09
0.0009710159501992166
0.0017608623020350933
0.0016161918174475431
0.0016965257236734033
0.001577889546751976
0.0005369582213461399
3.797307086828017e-09
3.012138065014436e-09
3.56610227458809e-09
3.2980738366023e-09
3.271135315743856e-09
3.271135315743856e-09
3.2980738366023e-09
3.56610227458809e-09
3.012138065014436e-09
3.797307086828017e-09
0.0005369582213461399
0.001577889546751976
0.0016965257236734033
0.0016161918174475431
0.0017608623020350933
0.0009710159501992166
1.1335253482375185e-09
1.4365600722876515e-09
1.1278131206715614e-09
9.93850184441425e-10
7.994984882464529e-10
6.490401206933616e-10
5.18054457838979e-10
4.066669689797159e-10
3.232663973746358e-10
3.232663973746358e-10
4.066669689797159e-10
5.18054457838979e-10
6.490401206933616e-10
7.994984882464529e-10
9.93850184441425e-10
1.1278131206715614e-09
1.4365600722876515e-09
1.1335253482375185e-09
0.0009710159501992166
0.0017608623020350933
0.0016161918174475431
0.0016965257236734033
0.001577889546751976
0.0005369582213461399
3.797307086828017e-09
3.012138065014436e-09
3.56610227458809e-09
3.2980738366023e-09
3.271135315743856e-09
3.271135315743856e-09
3.2980738366023e-09
3.56610227458809e-09
3.012138065014436e-09
3.797307086828017e-09
0.0005369582213461399
0.001577889546751976
0.0016965257236734033
0.0016161918174475431
0.0017608623020350933
0.0009710159501992166
1.1335253482375185e-09
1.4365600722876515e-09
1.1278131206715614e-09
9.93850184441425e-10
7.994984882464529e-10
6.490401206933616e-10
5.18054457838979e-10
4.066669689797159e-10
3.232663973746358e-10
3.223626064436519e-10
4.059861713305579e-10
5.171121777308718e-10
6.477441738365897e-10
7.969449210797064e-10
9.734409459061233e-10
1.1228947459362981e-09
1.3910481924325757e-09
1.4817459325494609e-09
3.616330108632826e-09
0.0018987507792189717
0.0014724015491083264
0.0014622340677306056
0.0013474670704454184
1.222245937272659e-09
4.153091499176087e-09
3.0080623322076283e-09
3.1894790628039793e-09
3.155142596841798e-09
3.138274362601834e-09
3.138274362601834e-09
3.155142596841798e-09
3.1894790628039793e-09
3.0080623322076283e-09
4.153091499176087e-09
1.222245937272659e-09
0.0013474670704454184
0.0014622340677306056
0.0014724015491083264
0.0018987507792189717
3.616330108632826e-09
1.4817459325494609e-09
1.3910481924325757e-09
1.1228947459362981e-09
9.734409459061233e-10
7.969449210797064e-10
6.477441738365897e-10
5.171121777308718e-10
4.059861713305579e-10
3.223626064436519e-10
3.2130803009552955e-10
4.0550925789993586e-10
5.165175470493721e-10
6.467124470492525e-10
7.92692138058132e-10
9.523455158158556e-10
1.1078789795282429e-09
1.3584247659029214e-09
1.689679104098507e-09
3.46716557374227e-09
1.79805942270711e-09
0.0010599065572023392
0.0006645308458246291
1.5309484365996773e-09
2.195516988698354e-09
3.189655137236791e-09
2.8166744110713626e-09
2.7674498977170447e-09
2.891630294585279e-09
2.9081372726613708e-09
2.9081372726613708e-09
2.891630294585279e-09
2.7674498977170447e-09
2.8166744110713626e-09
3.189655137236791e-09
2.195516988698354e-09
1.5309484365996773e-09
0.0006645308458246291
0.0010599065572023392
1.79805942270711e-09
3.46716557374227e-09
1.689679104098507e-09
1.3584247659029214e-09
1.1078789795282429e-09
9.523455158158556e-10
7.92692138058132e-10
6.467124470492525e-10
5.165175470493721e-10
4.0550925789993586e-10
3.2130803009552955e-10
3.214640467881502e-10
4.069823362866376e-10
5.18457293156166e-10
6.48319234668876e-10
7.908568006205485e-10
9.426026582534663e-10
1.0998288868177553e-09
1.2932669258419738e-09
1.461131129282256e-09
1.4337754074278397e-09
1.21345587657945e-09
1.213375537198469e-09
1.185768714120905e-09
2.1291831145409112e-09
2.2561687761102345e-09
2.308334513118071e-09
2.4312103979323707e-09
2.5054667542045994e-09
2.5910840313614347e-09
2.6371157861582173e-09
2.6371157861582173e-09
2.5910840313614347e-09
2.5054667542045994e-09
2.4312103979323707e-09
2.308334513118071e-09
2.2561687761102345e-09
2.1291831145409112e-09
1.185768714120905e-09
1.213375537198469e-09
1.21345587657945e-09
1.4337754074278397e-09
1.461131129282256e-09
1.2932669258419738e-09
1.0998288868177553e-09
9.426026582534663e-10
7.908568006205485e-10
6.48319234668876e-10
5.18457293156166e-10
4.069823362866376e-10
3.214640467881502e-10
3.2475953350152853e-10
4.1278262817405487e-10
5.255323086428287e-10
6.555235412646077e-10
7.960804324774751e-10
9.442354667252295e-10
1.0949487844191808e-09
1.2472370141888844e-09
1.4268897478506015e-09
1.5326584402661214e-09
1.5378749705988182e-09
1.5800837201151996e-09
1.8810458832924093e-09
2.172775197609167e-09
2.2660974659249877e-09
2.221958728121365e-09
2.221574053190567e-09
2.2855823136880282e-09
2.354926583597594e-09
2.4015624558448856e-09
2.4015624558448856e-09
2.354926583597594e-09
2.2855823136880282e-09
2.221574053190567e-09
2.221958728121365e-09
2.2660974659249877e-09
2.172775197609167e-09
1.8810458832924093e-09
1.5800837201151996e-09
1.5378749705988182e-09
1.5326584402661214e-09
1.4268897478506015e-09
1.2472370141888844e-09
1.0949487844191808e-09
9.442354667252295e-10
7.960804324774751e-10
6.555235412646077e-10
5.255323086428287e-10
4.1278262817405487e-10
3.2475953350152853e-10
4.2944838765830717e-10
5.169812061084356e-10
6.282030559807972e-10
7.556091169425017e-10
8.937797875939457e-10
1.032067443659801e-09
1.1665238002986356e-09
1.2889910493141254e-09
1.3625025586938566e-09
1.5368724088499208e-09
1.6604819732743414e-09
1.7004415453839017e-09
1.8140278775641283e-09
2.1896531896686833e-09
2.2948999471583686e-09
2.322297952897512e-09
2.3585682018545384e-09
2.4167215537801434e-09
2.473325797641701e-09
2.5084181693585395e-09
2.5084181693585395e-09
2.473325797641701e-09
2.4167215537801434e-09
2.3585682018545384e-09
2.322297952897512e-09
2.2948999471583686e-09
2.1896531896686833e-09
1.8140278775641283e-09
1.7004415453839017e-09
1.6604819732743414e-09
1.5368724088499208e-09
1.3625025586938566e-09
1.2889910493141254e-09
1.1665238002986356e-09
1.032067443659801e-09
8.937797875939457e-10
7.556091169425017e-10
6.282030559807972e-10
5.169812061084356e-10
4.2944838765830717e-10
4.2718457352215744e-10
5.120158854191037e-10
6.220786689589697e-10
7.505790151733638e-10
8.910447249835252e-10
1.0316372322377587e-09
1.1733040754247082e-09
1.2954549542462668e-09
1.6972363185013828e-09
1.39184833363587e-09
1.0118145470777717e-09
1.7581514586209601e-09
3.5987246169155718e-09
2.295066263771628e-09
2.4247030164931127e-09
2.5132224860252572e-09
2.5926700022993465e-09
2.633508645530358e-09
2.664974577820667e-09
2.6915902232721445e-09
2.6915902232721445e-09
2.664974577820667e-09
2.633508645530358e-09
2.5926700022993465e-09
2.5132224860252572e-09
2.4247030164931127e-09
2.295066263771628e-09
3.5987246169155718e-09
1.7581514586209601e-09
1.0118145470777717e-09
1.39184833363587e-09
1.6972363185013828e-09
1.2954549542462668e-09
1.1733040754247082e-09
1.0316372322377587e-09
8.910447249835252e-10
7.505790151733638e-10
6.220786689589697e-10
5.120158854191037e-10
4.2718457352215744e-10
4.289868698985344e-10
5.12249585197383e-10
6.221189470696775e-10
7.535252261568759e-10
8.948931005947625e-10
1.0478026866295176e-09
1.2113442844283173e-09
1.369733753503466e-09
1.3201080853453284e-09
7.363982470684483e-10
0.0007148225558921695
0.0015416898531839252
4.1033205479268364e-09
4.574338303975356e-09
3.0463266458002902e-09
2.7320346505932402e-09
2.9964388175568457e-09
2.893460644692869e-09
2.8956132196861217e-09
2.912398187199239e-09
2.912398187199239e-09
2.8956132196861217e-09
2.893460644692869e-09
2.9964388175568457e-09
2.7320346505932402e-09
3.0463266458002902e-09
4.574338303975356e-09
4.1033205479268364e-09
0.0015416898531839252
0.0007148225558921695
7.363982470684483e-10
1.3201080853453284e-09
1.369733753503466e-09
1.2113442844283173e-09
1.0478026866295176e-09
8.948931005947625e-10
7.535252261568759e-10
6.221189470696775e-10
5.12249585197383e-10
4.289868698985344e-10
4.319310480029731e-10
5.144663991693554e-10
6.247607140831557e-10
7.596654967405303e-10
9.002732370352873e-10
1.0647592833465391e-09
1.2875284605834425e-09
1.6112610377871928e-09
2.1472008199241444e-09
0.0009021121077239513
0.0015014297096058726
0.0014915369683876634
0.0021922700107097626
4.535990506815413e-09
2.6893342153916366e-09
3.754575209763411e-09
3.3472963983927073e-09
3.111223301557886e-09
3.1218987898290473e-09
3.1007384160286477e-09
3.1007384160286477e-09
3.1218987898290473e-09
3.111223301557886e-09
3.3472963983927073e-09
3.754575209763411e-09
2.6893342153916366e-09
4.535990506815413e-09
0.0021922700107097626
0.0014915369683876634
0.0015014297096058726
0.0009021121077239513
2.1472008199241444e-09
1.6112610377871928e-09
1.2875284605834425e-09
1.0647592833465391e-09
9.002732370352873e-10
7.596654967405303e-10
6.247607140831557e-10
5.144663991693554e-10
4.319310480029731e-10
4.3394839588026257e-10
5.162753362840389e-10
6.268191261177281e-10
7.644667776411651e-10
9.039074827174587e-10
1.072344470165465e-09
1.3738540470195626e-09
1.6547366775421235e-09
5.245391360847451e-09
0.0018977262079715729
0.0017286522779613733
0.0015690528089180589
0.0016801046440377831
0.0016154851764440536
1.6857097315248204e-09
4.736508928127048e-09
3.498788498507155e-09
3.2270783267840386e-09
3.2709757211840662e-09
3.2067343572195206e-09
3.2067343572195206e-09
3.2709757211840662e-09
3.2270783267840386e-09
3.498788498507155e-09
4.736508928127048e-09
1.6857097315248204e-09
0.0016154851764440536
0.0016801046440377831
0.0015690528089180589
0.0017286522779613733
0.0018977262079715729
5.245391360847451e-09
1.6547366775421235e-09
1.3738540470195626e-09
1.072344470165465e-09
9.039074827174587e-10
7.644667776411651e-10
6.268191261177281e-10
5.162753362840389e-10
4.3394839588026257e-10
4.3394839588026257e-10
5.162753362840389e-10
6.268191261177281e-10
7.644667776411651e-10
9.039074827174587e-10
1.072344470165465e-09
1.3738540470195626e-09
1.6547366775421235e-09
5.245391360847451e-09
0.0018977262079715729
0.0017286522779613733
0.0015690528089180589
0.0016801046440377831
0.0016154851764440536
1.6857097315248204e-09
4.736508928127048e-09
3.498788498507155e-09
3.2270783267840386e-09
3.2709757211840662e-09
3.2067343572195206e-09
3.2067343572195206e-09
3.2709757211840662e-09
3.2270783267840386e-09
3.498788498507155e-09
4.736508928127048e-09
1.6857097315248204e-09
0.0016154851764440536
0.0016801046440377831
0.0015690528089180589
0.0017286522779613733
0.0018977262079715729
5.245391360847451e-09
1.6547366775421235e-09
1.3738540470195626e-09
1.072344470165465e-09
9.039074827174587e-10
7.644667776411651e-10
6.268191261177281e-10
5.162753362840389e-10
4.3394839588026257e-10
4.319310480029731e-10
5.144663991693554e-10
6.247607140831557e-10
7.596654967405303e-10
9.002732370352873e-10
1.0647592833465391e-09
1.2875284605834425e-09
1.6112610377871928e-09
2.1472008199241444e-09
0.0009021121077239513
0.0015014297096058726
0.0014915369683876634
0.0021922700107097626
4.535990506815413e-09
2.6893342153916366e-09
3.754575209763411e-09
3.3472963983927073e-09
3.111223301557886e-09
3.1218987898290473e-09
3.1007384160286477e-09
3.1007384160286477e-09
3.1218987898290473e-09
3.111223301557886e-09
3.3472963983927073e-09
3.754575209763411e-09
2.6893342153916366e-09
4.535990506815413e-09
0.0021922700107097626
0.0014915369683876634
0.0015014297096058726
0.0009021121077239513
2.1472008199241444e-09
1.6112610377871928e-09
1.2875284605834425e-09
1.0647592833465391e-09
9.002732370352873e-10
7.596654967405303e-10
6.247607140831557e-10
5.144663991693554e-10
4.319310480029731e-10
4.289868698985344e-10
5.12249585197383e-10
6.221189470696775e-10
7.535252261568759e-10
8.948931005947625e-10
1.0478026866295176e-09
1.2113442844283173e-09
1.369733753503466e-09
1.3201080853453284e-09
7.363982470684483e-10
0.0007148225558921695
0.0015416898531839252
4.1033205479268364e-09
4.574338303975356e-09
3.0463266458002902e-09
2.7320346505932402e-09
2.9964388175568457e-09
2.893460644692869e-09
2.8956132196861217e-09
2.912398187199239e-09
2.912398187199239e-09
2.8956132196861217e-09
2.893460644692869e-09
2.9964388175568457e-09
2.7320346505932402e-09
3.0463266458002902e-09
4.574338303975356e-09
4.1033205479268364e-09
0.0015416898531839252
0.0007148225558921695
7.363982470684483e-10
1.3201080853453284e-09
1.369733753503466e-09
1.2113442844283173e-09
1.0478026866295176e-09
8.948931005947625e-10
7.535252261568759e-10
6.221189470696775e-10
5.12249585197383e-10
4.289868698985344e-10
4.2718457352215744e-10
5.120158854191037e-10
6.220786689589697e-10
7.505790151733638e-10
8.910447249835252e-10
1.0316372322377587e-09
1.1733040754247082e-09
1.2954549542462668e-09
1.6972363185013828e-09
1.39184833363587e-09
1.0118145470777717e-09
1.7581514586209601e-09
3.5987246169155718e-09
2.295066263771628e-09
2.4247030164931127e-09
2.5132224860252572e-09
2.5926700022993465e-09
2.633508645530358e-09
2.664974577820667e-09
2.6915902232721445e-09
2.6915902232721445e-09
2.664974577820667e-09
2.633508645530358e-09
2.5926700022993465e-09
2.5132224860252572e-09
2.4247030164931127e-09
2.295066263771628e-09
3.5987246169155718e-09
1.7581514586209601e-09
1.0118145470777717e-09
1.39184833363587e-09
1.6972363185013828e-09
1.2954549542462668e-09
1.1733040754247082e-09
1.0316372322377587e-09
8.910447249835252e-10
7.505790151733638e-10
6.220786689589697e-10
5.120158854191037e-10
4.2718457352215744e-10
4.2944838765830717e-10
5.169812061084356e-10
6.282030559807972e-10
7.556091169425017e-10
8.937797875939457e-10
1.032067443659801e-09
1.1665238002986356e-09
1.2889910493141254e-09
1.3625025586938566e-09
1.5368724088499208e-09
1.6604819732743414e-09
1.7004415453839017e-09
1.8140278775641283e-09
2.1896531896686833e-09
2.2948999471583686e-09
2.322297952897512e-09
2.3585682018545384e-09
2.4167215537801434e-09
2.473325797641701e-09
2.5084181693585395e-09
2.5084181693585395e-09
2.473325797641701e-09
2.4167215537801434e-09
2.3585682018545384e-09
2.322297952897512e-09
2.2948999471583686e-09
2.1896531896686833e-09
1.8140278775641283e-09
1.7004415453839017e-09
1.6604819732743414e-09
1.5368724088499208e-09
1.3625025586938566e-09
1.2889910493141254e-09
1.1665238002986356e-09
1.032067443659801e-09
8.937797875939457e-10
7.556091169425017e-10
6.282030559807972e-10
5.169812061084356e-10
4.2944838765830717e-10
5.515996730556805e-10
6.351617365743523e-10
7.403282631032737e-10
8.582971030950126e-10
9.863769957069168e-10
1.1220094948624637e-09
1.2437930459879842e-09
1.3465048303781812e-09
1.4379326722380181e-09
1.359970079259365e-09
1.6183235307387633e-09
1.9859485150125478e-09
2.115072440106447e-09
2.240259193431182e-09
2.3427627025840447e-09
2.4248888487454767e-09
2.484939771313366e-09
2.549637150711659e-09
2.596869117313383e-09
2.6236645234850586e-09
2.6236645234850586e-09
2.596869117313383e-09
2.549637150711659e-09
2.484939771313366e-09
2.4248888487454767e-09
2.3427627025840447e-09
2.240259193431182e-09
2.115072440106447e-09
1.9859485150125478e-09
1.6183235307387633e-09
1.359970079259365e-09
1.4379326722380181e-09
1.3465048303781812e-09
1.2437930459879842e-09
1.1220094948624637e-09
9.863769957069168e-10
8.582971030950126e-10
7.403282631032737e-10
6.351617365743523e-10
5.515996730556805e-10
5.512217743884607e-10
6.319736942962673e-10
7.357700603297102e-10
8.54623067193111e-10
9.908770852440352e-10
1.1337026152927199e-09
1.2510425638143086e-09
1.3561068500783646e-09
1.5417512102058883e-09
3.3292613457747144e-09
1.7962118337849775e-09
1.4485564440655518e-09
2.4671024771716343e-09
2.25604561074344e-09
2.516678922551141e-09
2.5687631275556067e-09
2.6913430251768178e-09
2.7394774816669187e-09
2.7554653437428245e-09
2.7642697159047103e-09
2.7642697159047103e-09
2.7554653437428245e-09
2.7394774816669187e-09
2.6913430251768178e-09
2.5687631275556067e-09
2.516678922551141e-09
2.25604561074344e-09
2.4671024771716343e-09
1.4485564440655518e-09
1.7962118337849775e-09
3.3292613457747144e-09
1.5417512102058883e-09
1.3561068500783646e-09
1.2510425638143086e-09
1.1337026152927199e-09
9.908770852440352e-10
8.54623067193111e-10
7.357700603297102e-10
6.319736942962673e-10
5.512217743884607e-10
5.561538642812058e-10
6.354726857574211e-10
7.378234850342891e-10
8.607547183694941e-10
1.010770351965451e-09
1.1512002288938117e-09
1.2788801051141774e-09
1.6963705830666531e-09
3.723528430032985e-09
4.885733744658394e-09
0.0019053731812164187
0.0008214341942220926
1.4509651076119456e-09
2.8113852391931093e-09
2.470383923466879e-09
2.9608980198214674e-09
2.980034405006271e-09
2.989586876667172e-09
2.9497816949469735e-09
2.9419856308054992e-09
2.9419856308054992e-09
2.9497816949469735e-09
2.989586876667172e-09
2.980034405006271e-09
2.9608980198214674e-09
2.470383923466879e-09
2.8113852391931093e-09
1.4509651076119456e-09
0.0008214341942220926
0.0019053731812164187
4.885733744658394e-09
3.723528430032985e-09
1.6963705830666531e-09
1.2788801051141774e-09
1.1512002288938117e-09
1.010770351965451e-09
8.607547183694941e-10
7.378234850342891e-10
6.354726857574211e-10
5.561538642812058e-10
5.619647542448591e-10
6.408807404038874e-10
7.4246690609861e-10
8.70228693793107e-10
1.037218705021714e-09
1.1557776220458282e-09
1.3459412620889233e-09
1.4240581370367211e-09
3.905751156524362e-09
0.0023668755311518908
0.0015793379861861467
0.0015207793330773711
0.0008632986573502421
4.344198611949679e-09
3.2059704283687873e-09
3.3916229200126047e-09
3.395503496428365e-09
3.215719140622908e-09
3.1191895854404406e-09
3.0990182208617822e-09
3.0990182208617822e-09
3.1191895854404406e-09
3.215719140622908e-09
3.395503496428365e-09
3.3916229200126047e-09
3.2059704283687873e-09
4.344198611949679e-09
0.0008632986573502421
0.0015207793330773711
0.0015793379861861467
0.0023668755311518908
3.905751156524362e-09
1.4240581370367211e-09
1.3459412620889233e-09
1.1557776220458282e-09
1.037218705021714e-09
8.70228693793107e-10
7.4246690609861e-10
6.408807404038874e-10
5.619647542448591e-10
5.656660036212902e-10
6.44482351600667e-10
7.462458927708082e-10
8.757958008982769e-10
1.05807344222969e-09
1.1489374989598344e-09
1.4174406006567386e-09
8.927702869511445e-10
0.000952394213527441
0.0017016426427289844
0.0015831722412258387
0.0016420675674453378
0.001975834369659424
6.783670413595955e-09
4.0056352332284995e-09
3.647930915673392e-09
3.746887348998751e-09
3.34153689961203e-09
3.21732441035949e-09
3.1907811896131344e-09
3.1907811896131344e-09
3.21732441035949e-09
3.34153689961203e-09
3.746887348998751e-09
3.647930915673392e-09
4.0056352332284995e-09
6.783670413595955e-09
0.001975834369659424
0.0016420675674453378
0.0015831722412258387
0.0017016426427289844
0.000952394213527441
8.927702869511445e-10
1.4174406006567386e-09
1.1489374989598344e-09
1.05807344222969e-09
8.757958008982769e-10
7.462458927708082e-10
6.44482351600667e-10
5.656660036212902e-10
5.656660036212902e-10
6.44482351600667e-10
7.462458927708082e-10
8.757958008982769e-10
1.05807344222969e-09
1.1489374989598344e-09
1.4174406006567386e-09
8.927702869511445e-10
0.000952394213527441
0.0017016426427289844
0.0015831722412258387
0.0016420675674453378
0.001975834369659424
6.783670413595955e-09
4.0056352332284995e-09
3.647930915673392e-09
3.746887348998751e-09
3.34153689961203e-09
3.21732441035949e-09
3.1907811896131344e-09
3.1907811896131344e-09
3.21732441035949e-09
3.34153689961203e-09
3.746887348998751e-09
3.647930915673392e-09
4.0056352332284995e-09
6.783670413595955e-09
0.001975834369659424
0.0016420675674453378
0.0015831722412258387
0.0017016426427289844
0.000952394213527441
8.927702869511445e-10
1.4174406006567386e-09
1.1489374989598344e-09
1.05807344222969e-09
8.757958008982769e-10
7.462458927708082e-10
6.44482351600667e-10
5.656660036212902e-10
5.619647542448591e-10
6.408807404038874e-10
7.4246690609861e-10
8.70228693793107e-10
1.037218705021714e-09
1.1557776220458282e-09
1.3459412620889233e-09
1.4240581370367211e-09
3.905751156524362e-09
0.0023668755311518908
0.0015793379861861467
0.0015207793330773711
0.0008632986573502421
4.344198611949679e-09
3.2059704283687873e-09
3.3916229200126047e-09
3.395503496428365e-09
3.215719140622908e-09
3.1191895854404406e-09
3.0990182208617822e-09
3.0990182208617822e-09
3.1191895854404406e-09
3.215719140622908e-09
3.395503496428365e-09
3.3916229200126047e-09
3.2059704283687873e-09
4.344198611949679e-09
0.0008632986573502421
0.0015207793330773711
0.0015793379861861467
0.0023668755311518908
3.905751156524362e-09
1.4240581370367211e-09
1.3459412620889233e-09
1.1557776220458282e-09
1.037218705021714e-09
8.70228693793107e-10
7.4246690609861e-10
6.408807404038874e-10
5.619647542448591e-10
5.561538642812058e-10
6.354726857574211e-10
7.378234850342891e-10
8.607547183694941e-10
1.010770351965451e-09
1.1512002288938117e-09
1.2788801051141774e-09
1.6963705830666531e-09
3.723528430032985e-09
4.885733744658394e-09
0.0019053731812164187
0.0008214341942220926
1.4509651076119456e-09
2.8113852391931093e-09
2.470383923466879e-09
2.9608980198214674e-09
2.980034405006271e-09
2.989586876667172e-09
2.9497816949469735e-09
2.9419856308054992e-09
2.9419856308054992e-09
2.9497816949469735e-09
2.989586876667172e-09
2.980034405006271e-09
2.9608980198214674e-09
2.470383923466879e-09
2.8113852391931093e-09
1.4509651076119456e-09
0.0008214341942220926
0.0019053731812164187
4.885733744658394e-09
3.723528430032985e-09
1.6963705830666531e-09
1.2788801051141774e-09
1.1512002288938117e-09
1.010770351965451e-09
8.607547183694941e-10
7.378234850342891e-10
6.354726857574211e-10
5.561538642812058e-10
5.512217743884607e-10
6.319736942962673e-10
7.357700603297102e-10
8.54623067193111e-10
9.908770852440352e-10
1.1337026152927199e-09
1.2510425638143086e-09
1.3561068500783646e-09
1.5417512102058883e-09
3.3292613457747144e-09
1.7962118337849775e-09
1.4485564440655518e-09
2.4671024771716343e-09
2.25604561074344e-09
2.516678922551141e-09
2.5687631275556067e-09
2.6913430251768178e-09
2.7394774816669187e-09
2.7554653437428245e-09
2.7642697159047103e-09
2.7642697159047103e-09
2.7554653437428245e-09
2.7394774816669187e-09
2.6913430251768178e-09
2.5687631275556067e-09
2.516678922551141e-09
2.25604561074344e-09
2.4671024771716343e-09
1.4485564440655518e-09
1.7962118337849775e-09
3.3292613457747144e-09
1.5417512102058883e-09
1.3561068500783646e-09
1.2510425638143086e-09
1.1337026152927199e-09
9.908770852440352e-10
8.54623067193111e-10
7.357700603297102e-10
6.319736942962673e-10
5.512217743884607e-10
5.515996730556805e-10
6.351617365743523e-10
7.403282631032737e-10
8.582971030950126e-10
9.863769957069168e-10
1.1220094948624637e-09
1.2437930459879842e-09
1.3465048303781812e-09
1.4379326722380181e-09
1.359970079259365e-09
1.6183235307387633e-09
1.9859485150125478e-09
2.115072440106447e-09
2.240259193431182e-09
2.3427627025840447e-09
2.4248888487454767e-09
2.484939771313366e-09
2.549637150711659e-09
2.596869117313383e-09
2.6236645234850586e-09
2.6236645234850586e-09
2.596869117313383e-09
2.549637150711659e-09
2.484939771313366e-09
2.4248888487454767e-09
2.3427627025840447e-09
2.240259193431182e-09
2.115072440106447e-09
1.9859485150125478e-09
1.6183235307387633e-09
1.359970079259365e-09
1.4379326722380181e-09
1.3465048303781812e-09
1.2437930459879842e-09
1.1220094948624637e-09
9.863769957069168e-10
8.582971030950126e-10
7.403282631032737e-10
6.351617365743523e-10
5.515996730556805e-10
6.928293117165751e-10
7.683205742632648e-10
8.613289118400425e-10
9.647214667743431e-10
1.0700994127268992e-09
1.1773520526559e-09
1.307944638012648e-09
1.362494427177563e-09
1.4806151096835585e-09
1.6189008683956119e-09
1.7365364788496374e-09
1.849994549912859e-09
2.205006359792816e-09
2.3339318758891503e-09
2.425070344189151e-09
2.5162604205125616e-09
2.5998578290220564e-09
2.6693556219592462e-09
2.716629872445697e-09
2.7394978646677615e-09
2.7394978646677615e-09
2.716629872445697e-09
2.6693556219592462e-09
2.5998578290220564e-09
2.5162604205125616e-09
2.425070344189151e-09
2.3339318758891503e-09
2.205006359792816e-09
1.849994549912859e-09
1.7365364788496374e-09
1.6189008683956119e-09
1.4806151096835585e-09
1.362494427177563e-09
1.307944638012648e-09
1.1773520526559e-09
1.0700994127268992e-09
9.647214667743431e-10
8.613289118400425e-10
7.683205742632648e-10
6.928293117165751e-10
6.957934120359333e-10
7.681738274992189e-10
8.604072315732125e-10
9.63405787438032e-10
1.0673745958270087e-09
1.2181468941191431e-09
1.3214350403842334e-09
1.4940974889590675e-09
1.280852052025494e-09
1.5421694954040333e-09
1.8541255770304632e-09
3.457159688732836e-09
2.5861738965626824e-09
2.603179824478552e-09
2.5579072280429438e-09
2.67643177585819e-09
2.768256977814243e-09
2.821991989046535e-09
2.8405485429094934e-09
2.8455428117968307e-09
2.8455428117968307e-09
2.8405485429094934e-09
2.821991989046535e-09
2.768256977814243e-09
2.67643177585819e-09
2.5579072280429438e-09
2.603179824478552e-09
2.5861738965626824e-09
3.457159688732836e-09
1.8541255770304632e-09
1.5421694954040333e-09
1.280852052025494e-09
1.4940974889590675e-09
1.3214350403842334e-09
1.2181468941191431e-09
1.0673745958270087e-09
9.63405787438032e-10
8.604072315732125e-10
7.681738274992189e-10
6.957934120359333e-10
7.058667344204961e-10
7.76351259754865e-10
8.69098684078834e-10
9.672048318504212e-10
1.0923468076254328e-09
1.2742880752328323e-09
1.5151799086232653e-09
1.3976262638534798e-09
9.453725779637323e-10
0.0012966556241735816
0.0016882112249732018
3.6700351958851574e-09
4.222486076066456e-09
3.4461517840755906e-09
2.808368338227951e-09
2.845222755315513e-09
3.0196786911240725e-09
3.02090861006854e-09
3.005508602410556e-09
2.9887518241539235e-09
2.9887518241539235e-09
3.005508602410556e-09
3.02090861006854e-09
3.0196786911240725e-09
2.845222755315513e-09
2.808368338227951e-09
3.4461517840755906e-09
4.222486076066456e-09
3.6700351958851574e-09
0.0016882112249732018
0.0012966556241735816
9.453725779637323e-10
1.3976262638534798e-09
1.5151799086232653e-09
1.2742880752328323e-09
1.0923468076254328e-09
9.672048318504212e-10
8.69098684078834e-10
7.76351259754865e-10
7.058667344204961e-10
7.163551978169036e-10
7.860034780156344e-10
8.803104187445066e-10
9.740786736239793e-10
1.1265310516025973e-09
1.3506363995968718e-09
1.625194553586673e-09
2.096074182278418e-09
0.0013198440428823233
0.0015713382745161653
0.001552227302454412
0.0018625255906954408
3.074081354054181e-09
4.19349624469767e-09
2.868851423781793e-09
3.1492226361395925e-09
3.2681880205581715e-09
3.2246228257037934e-09
3.1521046623544935e-09
3.116166396102682e-09
3.116166396102682e-09
3.1521046623544935e-09
3.2246228257037934e-09
3.2681880205581715e-09
3.1492226361395925e-09
2.868851423781793e-09
4.19349624469767e-09
3.074081354054181e-09
0.0018625255906954408
0.001552227302454412
0.0015713382745161653
0.0013198440428823233
2.096074182278418e-09
1.625194553586673e-09
1.3506363995968718e-09
1.1265310516025973e-09
9.740786736239793e-10
8.803104187445066e-10
7.860034780156344e-10
7.163551978169036e-10
7.227832698672443e-10
7.92165649483173e-10
8.87315503191044e-10
9.817076622106735e-10
1.1405702771138948e-09
1.4409081566801873e-09
1.5273662326217852e-09
4.321259062384231e-09
0.0017526140436530113
0.0015911501832306385
0.0015490700025111437
0.0015540765598416328
0.0006873884121887386
3.887260305313056e-09
2.7803616613891746e-09
3.4482538352476055e-09
3.4143185240892437e-09
3.3624726267222904e-09
3.2360952025717316e-09
3.190141076650499e-09
3.190141076650499e-09
3.2360952025717316e-09
3.3624726267222904e-09
3.4143185240892437e-09
3.4482538352476055e-09
2.7803616613891746e-09
3.887260305313056e-09
0.0006873884121887386
0.0015540765598416328
0.0015490700025111437
0.0015911501832306385
0.0017526140436530113
4.321259062384231e-09
1.5273662326217852e-09
1.4409081566801873e-09
1.1405702771138948e-09
9.817076622106735e-10
8.87315503191044e-10
7.92165649483173e-10
7.227832698672443e-10
7.227832698672443e-10
7.92165649483173e-10
8.87315503191044e-10
9.817076622106735e-10
1.1405702771138948e-09
1.4409081566801873e-09
1.5273662326217852e-09
4.321259062384231e-09
0.0017526140436530113
0.0015911501832306385
0.0015490700025111437
0.0015540765598416328
0.0006873884121887386
3.887260305313056e-09
2.7803616613891746e-09
3.4482538352476055e-09
3.4143185240892437e-09
3.3624726267222904e-09
3.2360952025717316e-09
3.190141076650499e-09
3.190141076650499e-09
3.2360952025717316e-09
3.3624726267222904e-09
3.4143185240892437e-09
3.4482538352476055e-09
2.7803616613891746e-09
3.887260305313056e-09
0.0006873884121887386
0.0015540765598416328
0.0015490700025111437
0.0015911501832306385
0.0017526140436530113
4.321259062384231e-09
1.5273662326217852e-09
1.4409081566801873e-09
1.1405702771138948e-09
9.817076622106735e-10
8.87315503191044e-10
7.92165649483173e-10
7.227832698672443e-10
7.163551978169036e-10
7.860034780156344e-10
8.803104187445066e-10
9.740786736239793e-10
1.1265310516025973e-09
1.3506363995968718e-09
1.625194553586673e-09
2.096074182278418e-09
0.0013198440428823233
0.0015713382745161653
0.001552227302454412
0.0018625255906954408
3.074081354054181e-09
4.19349624469767e-09
2.868851423781793e-09
3.1492226361395925e-09
3.2681880205581715e-09
3.2246228257037934e-09
3.1521046623544935e-09
3.116166396102682e-09
3.116166396102682e-09
3.1521046623544935e-09
3.2246228257037934e-09
3.2681880205581715e-09
3.1492226361395925e-09
2.868851423781793e-09
4.19349624469767e-09
3.074081354054181e-09
0.0018625255906954408
0.001552227302454412
0.0015713382745161653
0.0013198440428823233
2.096074182278418e-09
1.625194553586673e-09
1.3506363995968718e-09
1.1265310516025973e-09
9.740786736239793e-10
8.803104187445066e-10
7.860034780156344e-10
7.163551978169036e-10
7.058667344204961e-10
7.76351259754865e-10
8.69098684078834e-10
9.672048318504212e-10
1.0923468076254328e-09
1.2742880752328323e-09
1.5151799086232653e-09
1.3976262638534798e-09
9.453725779637323e-10
0.0012966556241735816
0.0016882112249732018
3.6700351958851574e-09
4.222486076066456e-09
3.4461517840755906e-09
2.808368338227951e-09
2.845222755315513e-09
3.0196786911240725e-09
3.02090861006854e-09
3.005508602410556e-09
2.9887518241539235e-09
2.9887518241539235e-09
3.005508602410556e-09
3.02090861006854e-09
3.0196786911240725e-09
2.845222755315513e-09
2.808368338227951e-09
3.4461517840755906e-09
4.222486076066456e-09
3.6700351958851574e-09
0.0016882112249732018
0.0012966556241735816
9.453725779637323e-10
1.3976262638534798e-09
1.5151799086232653e-09
1.2742880752328323e-09
1.0923468076254328e-09
9.672048318504212e-10
8.69098684078834e-10
7.76351259754865e-10
7.058667344204961e-10
6.957934120359333e-10
7.681738274992189e-10
8.604072315732125e-10
9.63405787438032e-10
1.0673745958270087e-09
1.2181468941191431e-09
1.3214350403842334e-09
1.4940974889590675e-09
1.280852052025494e-09
1.5421694954040333e-09
1.8541255770304632e-09
3.457159688732836e-09
2.5861738965626824e-09
2.603179824478552e-09
2.5579072280429438e-09
2.67643177585819e-09
2.768256977814243e-09
2.821991989046535e-09
2.8405485429094934e-09
2.8455428117968307e-09
2.8455428117968307e-09
2.8405485429094934e-09
2.821991989046535e-09
2.768256977814243e-09
2.67643177585819e-09
2.5579072280429438e-09
2.603179824478552e-09
2.5861738965626824e-09
3.457159688732836e-09
1.8541255770304632e-09
1.5421694954040333e-09
1.280852052025494e-09
1.4940974889590675e-09
1.3214350403842334e-09
1.2181468941191431e-09
1.0673745958270087e-09
9.63405787438032e-10
8.604072315732125e-10
7.681738274992189e-10
6.957934120359333e-10
6.928293117165751e-10
7.683205742632648e-10
8.613289118400425e-10
9.647214667743431e-10
1.0700994127268992e-09
1.1773520526559e-09
1.307944638012648e-09
1.362494427177563e-09
1.4806151096835585e-09
1.6189008683956119e-09
1.7365364788496374e-09
1.849994549912859e-09
2.205006359792816e-09
2.3339318758891503e-09
2.425070344189151e-09
2.5162604205125616e-09
2.5998578290220564e-09
2.6693556219592462e-09
2.716629872445697e-09
2.7394978646677615e-09
2.7394978646677615e-09
2.716629872445697e-09
2.6693556219592462e-09
2.5998578290220564e-09
2.5162604205125616e-09
2.425070344189151e-09
2.3339318758891503e-09
2.205006359792816e-09
1.849994549912859e-09
1.7365364788496374e-09
1.6189008683956119e-09
1.4806151096835585e-09
1.362494427177563e-09
1.307944638012648e-09
1.1773520526559e-09
1.0700994127268992e-09
9.647214667743431e-10
8.613289118400425e-10
7.683205742632648e-10
6.928293117165751e-10
8.55650348751541e-10
9.178207239363134e-10
9.92399413514422e-10
1.0722764906892501e-09
1.156687918189847e-09
1.232492948845254e-09
1.27872159475656e-09
1.42631804804505e-09
1.5429045844769784e-09
1.6439938603160509e-09
2.0075028878824286e-09
2.107669507672716e-09
2.2530525622260766e-09
2.4233030946479994e-09
2.5409433671713666e-09
2.625885836896047e-09
2.715068621317318e-09
2.781789555650338e-09
2.8276838336116494e-09
2.849327978421412e-09
2.849327978421412e-09
2.8276838336116494e-09
2.781789555650338e-09
2.715068621317318e-09
2.625885836896047e-09
2.5409433671713666e-09
2.4233030946479994e-09
2.2530525622260766e-09
2.107669507672716e-09
2.0075028878824286e-09
1.6439938603160509e-09
1.5429045844769784e-09
1.42631804804505e-09
1.27872159475656e-09
1.232492948845254e-09
1.156687918189847e-09
1.0722764906892501e-09
9.92399413514422e-10
9.178207239363134e-10
8.55650348751541e-10
8.644149849038052e-10
9.230121007786085e-10
9.969587004901581e-10
1.0794626911087013e-09
1.1620584052310368e-09
1.189065556086999e-09
1.4661496842982569e-09
1.2332729238881401e-09
9.622880834184167e-10
1.5988246967676978e-09
1.4875338374270575e-09
2.257960528620484e-09
2.292427749364667e-09
2.7119953418391907e-09
2.7348754771255868e-09
2.796298349122539e-09
2.8552026194728075e-09
2.8997453310058985e-09
2.9195020966737983e-09
2.926236943728844e-09
2.926236943728844e-09
2.9195020966737983e-09
2.8997453310058985e-09
2.8552026194728075e-09
2.796298349122539e-09
2.7348754771255868e-09
2.7119953418391907e-09
2.292427749364667e-09
2.257960528620484e-09
1.4875338374270575e-09
1.5988246967676978e-09
9.622880834184167e-10
1.2332729238881401e-09
1.4661496842982569e-09
1.189065556086999e-09
1.1620584052310368e-09
1.0794626911087013e-09
9.969587004901581e-10
9.230121007786085e-10
8.644149849038052e-10
8.822643136896513e-10
9.396734692440623e-10
1.0132060121459396e-09
1.102465232820371e-09
1.1561052679423534e-09
1.302561357385823e-09
1.2227512839052546e-09
6.800970377141002e-10
0.000632588635198772
0.0014771978603675961
0.0008063774439506233
1.328828648679281e-09
2.786132869553315e-09
2.7090012091196547e-09
3.0940922567113116e-09
2.982270029885936e-09
3.0263972751465307e-09
3.0583766855857286e-09
3.0497095734188795e-09
3.0408358123179546e-09
3.0408358123179546e-09
3.0497095734188795e-09
3.0583766855857286e-09
3.0263972751465307e-09
2.982270029885936e-09
3.0940922567113116e-09
2.7090012091196547e-09
2.786132869553315e-09
1.328828648679281e-09
0.0008063774439506233
0.0014771978603675961
0.000632588635198772
6.800970377141002e-10
1.2227512839052546e-09
1.302561357385823e-09
1.1561052679423534e-09
1.102465232820371e-09
1.0132060121459396e-09
9.396734692440623e-10
8.822643136896513e-10
8.995615125191592e-10
9.577089555429241e-10
1.0307433075465444e-09
1.1283029632130903e-09
1.1573786633939376e-09
1.503092789123528e-09
9.086657750019544e-10
0.0005536350654438138
0.0013086575781926513
0.0014274970162659883
0.00146686437074095
0.0007574082701466978
2.3673901380916185e-09
3.5865624706254984e-09
3.3876855314030063e-09
3.127258868529381e-09
3.205110005524703e-09
3.203388292474796e-09
3.171633095044868e-09
3.145493197506677e-09
3.145493197506677e-09
3.171633095044868e-09
3.203388292474796e-09
3.205110005524703e-09
3.127258868529381e-09
3.3876855314030063e-09
3.5865624706254984e-09
2.3673901380916185e-09
0.0007574082701466978
0.00146686437074095
0.0014274970162659883
0.0013086575781926513
0.0005536350654438138
9.086657750019544e-10
1.503092789123528e-09
1.1573786633939376e-09
1.1283029632130903e-09
1.0307433075465444e-09
9.577089555429241e-10
8.995615125191592e-10
9.0992296163106e-10
9.692023659330085e-10
1.0412177847349269e-09
1.1440542523749597e-09
1.1741993011585294e-09
1.5340895871338023e-09
9.082201136989543e-10
0.0007190325995907187
0.0016808235086500645
0.001489252783358097
0.0016362722963094711
0.0012286980636417866
1.5660170642889382e-09
4.597274817774721e-09
3.4837033431600606e-09
3.2007760157604093e-09
3.3280125617124456e-09
3.2881167406906275e-09
3.2457318083212172e-09
3.2064609214316198e-09
3.2064609214316198e-09
3.2457318083212172e-09
3.2881167406906275e-09
3.3280125617124456e-09
3.2007760157604093e-09
3.4837033431600606e-09
4.597274817774721e-09
1.5660170642889382e-09
0.0012286980636417866
0.0016362722963094711
0.001489252783358097
0.0016808235086500645
0.0007190325995907187
9.082201136989543e-10
1.5340895871338023e-09
1.1741993011585294e-09
1.1440542523749597e-09
1.0412177847349269e-09
9.692023659330085e-10
9.0992296163106e-10
9.0992296163106e-10
9.692023659330085e-10
1.0412177847349269e-09
1.1440542523749597e-09
1.1741993011585294e-09
1.5340895871338023e-09
9.082201136989543e-10
0.0007190325995907187
0.0016808235086500645
0.001489252783358097
0.0016362722963094711
0.0012286980636417866
1.5660170642889382e-09
4.597274817774721e-09
3.4837033431600606e-09
3.2007760157604093e-09
3.3280125617124456e-09
3.2881167406906275e-09
3.2457318083212172e-09
3.2064609214316198e-09
3.2064609214316198e-09
3.2457318083212172e-09
3.2881167406906275e-09
3.3280125617124456e-09
3.2007760157604093e-09
3.4837033431600606e-09
4.597274817774721e-09
1.5660170642889382e-09
0.0012286980636417866
0.0016362722963094711
0.001489252783358097
0.0016808235086500645
0.0007190325995907187
9.082201136989543e-10
1.5340895871338023e-09
1.1741993011585294e-09
1.1440542523749597e-09
1.0412177847349269e-09
9.692023659330085e-10
9.0992296163106e-10
8.995615125191592e-10
9.577089555429241e-10
1.0307433075465444e-09
1.1283029632130903e-09
1.1573786633939376e-09
1.503092789123528e-09
9.086657750019544e-10
0.0005536350654438138
0.0013086575781926513
0.0014274970162659883
0.00146686437074095
0.0007574082701466978
2.3673901380916185e-09
3.5865624706254984e-09
3.3876855314030063e-09
3.127258868529381e-09
3.205110005524703e-09
3.203388292474796e-09
3.171633095044868e-09
3.145493197506677e-09
3.145493197506677e-09
3.171633095044868e-09
3.203388292474796e-09
3.205110005524703e-09
3.127258868529381e-09
3.3876855314030063e-09
3.5865624706254984e-09
2.3673901380916185e-09
0.0007574082701466978
0.00146686437074095
0.0014274970162659883
0.0013086575781926513
0.0005536350654438138
9.086657750019544e-10
1.503092789123528e-09
1.1573786633939376e-09
1.1283029632130903e-09
1.0307433075465444e-09
9.577089555429241e-10
8.995615125191592e-10
8.822643136896513e-10
9.396734692440623e-10
1.0132060121459396e-09
1.102465232820371e-09
1.1561052679423534e-09
1.302561357385823e-09
1.2227512839052546e-09
6.800970377141002e-10
0.000632588635198772
0.0014771978603675961
0.0008063774439506233
1.328828648679281e-09
2.786132869553315e-09
2.7090012091196547e-09
3.0940922567113116e-09
2.982270029885936e-09
3.0263972751465307e-09
3.0583766855857286e-09
3.0497095734188795e-09
3.0408358123179546e-09
3.0408358123179546e-09
3.0497095734188795e-09
3.0583766855857286e-09
3.0263972751465307e-09
2.982270029885936e-09
3.0940922567113116e-09
2.7090012091196547e-09
2.786132869553315e-09
1.328828648679281e-09
0.0008063774439506233
0.0014771978603675961
0.000632588635198772
6.800970377141002e-10
1.2227512839052546e-09
1.302561357385823e-09
1.1561052679423534e-09
1.102465232820371e-09
1.0132060121459396e-09
9.396734692440623e-10
8.822643136896513e-10
8.644149849038052e-10
9.230121007786085e-10
9.969587004901581e-10
1.0794626911087013e-09
1.1620584052310368e-09
1.189065556086999e-09
1.4661496842982569e-09
1.2332729238881401e-09
9.622880834184167e-10
1.5988246967676978e-09
1.4875338374270575e-09
2.257960528620484e-09
2.292427749364667e-09
2.7119953418391907e-09
2.7348754771255868e-09
2.796298349122539e-09
2.8552026194728075e-09
2.8997453310058985e-09
2.9195020966737983e-09
2.926236943728844e-09
2.926236943728844e-09
2.9195020966737983e-09
2.8997453310058985e-09
2.8552026194728075e-09
2.796298349122539e-09
2.7348754771255868e-09
2.7119953418391907e-09
2.292427749364667e-09
2.257960528620484e-09
1.4875338374270575e-09
1.5988246967676978e-09
9.622880834184167e-10
1.2332729238881401e-09
1.4661496842982569e-09
1.189065556086999e-09
1.1620584052310368e-09
1.0794626911087013e-09
9.969587004901581e-10
9.230121007786085e-10
8.644149849038052e-10
8.55650348751541e-10
9.178207239363134e-10
9.92399413514422e-10
1.0722764906892501e-09
1.156687918189847e-09
1.232492948845254e-09
1.27872159475656e-09
1.42631804804505e-09
1.5429045844769784e-09
1.6439938603160509e-09
2.0075028878824286e-09
2.107669507672716e-09
2.2530525622260766e-09
2.4233030946479994e-09
2.5409433671713666e-09
2.625885836896047e-09
2.715068621317318e-09
2.781789555650338e-09
2.8276838336116494e-09
2.849327978421412e-09
2.849327978421412e-09
2.8276838336116494e-09
2.781789555650338e-09
2.715068621317318e-09
2.625885836896047e-09
2.5409433671713666e-09
2.4233030946479994e-09
2.2530525622260766e-09
2.107669507672716e-09
2.0075028878824286e-09
1.6439938603160509e-09
1.5429045844769784e-09
1.42631804804505e-09
1.27872159475656e-09
1.232492948845254e-09
1.156687918189847e-09
1.0722764906892501e-09
9.92399413514422e-10
9.178207239363134e-10
8.55650348751541e-10
1.043595656939622e-09
1.0838483973166224e-09
1.1356757548264262e-09
1.185270956903517e-09
1.2303645515604478e-09
1.3067935405661202e-09
1.3840919512939087e-09
1.2971338413103606e-09
1.5196010682422267e-09
1.7466327863202569e-09
1.879946935970378e-09
2.2181046062386134e-09
2.3717614244106455e-09
2.5201396958857147e-09
2.653635774660379e-09
2.7526605127226045e-09
2.8303691855524615e-09
2.8912846509326906e-09
2.9308771121866473e-09
2.9505074598812353e-09
2.9505074598812353e-09
2.9308771121866473e-09
2.8912846509326906e-09
2.8303691855524615e-09
2.7526605127226045e-09
2.653635774660379e-09
2.5201396958857147e-09
2.3717614244106455e-09
2.2181046062386134e-09
1.879946935970378e-09
1.7466327863202569e-09
1.5196010682422267e-09
1.2971338413103606e-09
1.3840919512939087e-09
1.3067935405661202e-09
1.2303645515604478e-09
1.185270956903517e-09
1.1356757548264262e-09
1.0838483973166224e-09
1.043595656939622e-09
1.0616065318491685e-09
1.098954152504994e-09
1.1489045392137909e-09
1.1964336856309932e-09
1.2668083812852893e-09
1.2992758995425402e-09
1.328803278348445e-09
2.809501980019502e-09
1.5475957104368887e-09
1.919563466512564e-09
3.98437793175388e-09
2.7184350690628856e-09
2.6954983384230857e-09
2.712106364141653e-09
2.861933129719163e-09
2.918903400234152e-09
2.953402930203075e-09
2.9800905666788058e-09
2.9971478857776512e-09
3.0038794802261792e-09
3.0038794802261792e-09
2.9971478857776512e-09
2.9800905666788058e-09
2.953402930203075e-09
2.918903400234152e-09
2.861933129719163e-09
2.712106364141653e-09
2.6954983384230857e-09
2.7184350690628856e-09
3.98437793175388e-09
1.919563466512564e-09
1.5475957104368887e-09
2.809501980019502e-09
1.328803278348445e-09
1.2992758995425402e-09
1.2668083812852893e-09
1.1964336856309932e-09
1.1489045392137909e-09
1.098954152504994e-09
1.0616065318491685e-09
1.0898732003689071e-09
1.1288452811397676e-09
1.178947672993147e-09
1.2339301672451009e-09
1.3127549177913145e-09
1.4810282991314927e-09
2.668596029917203e-09
3.818540535854842e-09
0.0015339386882260442
0.0015827720053493977
4.273285284656092e-09
4.66977411600622e-09
3.738788792451153e-09
3.1059367317648467e-09
3.1050550585581815e-09
3.1354868788163737e-09
3.1026043279674953e-09
3.1026836915665212e-09
3.0993532393330803e-09
3.0936323381497433e-09
3.0936323381497433e-09
3.0993532393330803e-09
3.1026836915665212e-09
3.1026043279674953e-09
3.1354868788163737e-09
3.1050550585581815e-09
3.1059367317648467e-09
3.738788792451153e-09
4.66977411600622e-09
4.273285284656092e-09
0.0015827720053493977
0.0015339386882260442
3.818540535854842e-09
2.668596029917203e-09
1.4810282991314927e-09
1.3127549177913145e-09
1.2339301672451009e-09
1.178947672993147e-09
1.1288452811397676e-09
1.0898732003689071e-09
1.11475759179136e-09
1.159312988489869e-09
1.2134090390455987e-09
1.2749342597276336e-09
1.3522109864119725e-09
1.6606709497130057e-09
5.21222127958243e-09
0.00194362027104944
0.0015187583630904555
0.0015587477246299386
0.002107521053403616
6.292362464410672e-09
4.40188163697286e-09
3.5004455931075817e-09
3.4707972173392276e-09
3.328994632040283e-09
3.2340510477957274e-09
3.217694340140742e-09
3.194688654242772e-09
3.1793480608638403e-09
3.1793480608638403e-09
3.194688654242772e-09
3.217694340140742e-09
3.2340510477957274e-09
3.328994632040283e-09
3.4707972173392276e-09
3.5004455931075817e-09
4.40188163697286e-09
6.292362464410672e-09
0.002107521053403616
0.0015587477246299386
0.0015187583630904555
0.00194362027104944
5.21222127958243e-09
1.6606709497130057e-09
1.3522109864119725e-09
1.2749342597276336e-09
1.2134090390455987e-09
1.159312988489869e-09
1.11475759179136e-09
1.1286327775139604e-09
1.1784353874666476e-09
1.2384567113152278e-09
1.2913571037151406e-09
1.4130810237211744e-09
1.759767570379267e-09
5.6776146284409634e-09
0.0019137343624606729
0.001603684388101101
0.0016449515242129564
0.002074749441817403
6.5624415623855015e-09
3.799558757899835e-09
3.6936573591384025e-09
3.809392905285147e-09
3.4325680318969543e-09
3.3112082954006583e-09
3.2877960336880063e-09
3.2508678908527155e-09
3.2305920091846296e-09
3.2305920091846296e-09
3.2508678908527155e-09
3.2877960336880063e-09
3.3112082954006583e-09
3.4325680318969543e-09
3.809392905285147e-09
3.6936573591384025e-09
3.799558757899835e-09
6.5624415623855015e-09
0.002074749441817403
0.0016449515242129564
0.001603684388101101
0.0019137343624606729
5.6776146284409634e-09
1.759767570379267e-09
1.4130810237211744e-09
1.2913571037151406e-09
1.2384567113152278e-09
1.1784353874666476e-09
1.1286327775139604e-09
1.1286327775139604e-09
1.1784353874666476e-09
1.2384567113152278e-09
1.2913571037151406e-09
1.4130810237211744e-09
1.759767570379267e-09
5.6776146284409634e-09
0.0019137343624606729
0.001603684388101101
0.0016449515242129564
0.002074749441817403
6.5624415623855015e-09
3.799558757899835e-09
3.6936573591384025e-09
3.809392905285147e-09
3.4325680318969543e-09
3.3112082954006583e-09
3.2877960336880063e-09
3.2508678908527155e-09
3.2305920091846296e-09
3.2305920091846296e-09
3.2508678908527155e-09
3.2877960336880063e-09
3.3112082954006583e-09
3.4325680318969543e-09
3.809392905285147e-09
3.6936573591384025e-09
3.799558757899835e-09
6.5624415623855015e-09
0.002074749441817403
0.0016449515242129564
0.001603684388101101
0.0019137343624606729
5.6776146284409634e-09
1.759767570379267e-09
1.4130810237211744e-09
1.2913571037151406e-09
1.2384567113152278e-09
1.1784353874666476e-09
1.1286327775139604e-09
1.11475759179136e-09
1.159312988489869e-09
1.2134090390455987e-09
1.2749342597276336e-09
1.3522109864119725e-09
1.6606709497130057e-09
5.21222127958243e-09
0.00194362027104944
0.0015187583630904555
0.0015587477246299386
0.002107521053403616
6.292362464410672e-09
4.40188163697286e-09
3.5004455931075817e-09
3.4707972173392276e-09
3.328994632040283e-09
3.2340510477957274e-09
3.217694340140742e-09
3.194688654242772e-09
3.1793480608638403e-09
3.1793480608638403e-09
3.194688654242772e-09
3.217694340140742e-09
3.2340510477957274e-09
3.328994632040283e-09
3.4707972173392276e-09
3.5004455931075817e-09
4.40188163697286e-09
6.292362464410672e-09
0.002107521053403616
0.0015587477246299386
0.0015187583630904555
0.00194362027104944
5.21222127958243e-09
1.6606709497130057e-09
1.3522109864119725e-09
1.2749342597276336e-09
1.2134090390455987e-09
1.159312988489869e-09
1.11475759179136e-09
1.0898732003689071e-09
1.1288452811397676e-09
1.178947672993147e-09
1.2339301672451009e-09
1.3127549177913145e-09
1.4810282991314927e-09
2.668596029917203e-09
3.818540535854842e-09
0.0015339386882260442
0.0015827720053493977
4.273285284656092e-09
4.66977411600622e-09
3.738788792451153e-09
3.1059367317648467e-09
3.1050550585581815e-09
3.1354868788163737e-09
3.1026043279674953e-09
3.1026836915665212e-09
3.0993532393330803e-09
3.0936323381497433e-09
3.0936323381497433e-09
3.0993532393330803e-09
3.1026836915665212e-09
3.1026043279674953e-09
3.1354868788163737e-09
3.1050550585581815e-09
3.1059367317648467e-09
3.738788792451153e-09
4.66977411600622e-09
4.273285284656092e-09
0.0015827720053493977
0.0015339386882260442
3.818540535854842e-09
2.668596029917203e-09
1.4810282991314927e-09
1.3127549177913145e-09
1.2339301672451009e-09
1.178947672993147e-09
1.1288452811397676e-09
1.0898732003689071e-09
1.0616065318491685e-09
1.098954152504994e-09
1.1489045392137909e-09
1.1964336856309932e-09
1.2668083812852893e-09
1.2992758995425402e-09
1.328803278348445e-09
2.809501980019502e-09
1.5475957104368887e-09
1.919563466512564e-09
3.98437793175388e-09
2.7184350690628856e-09
2.6954983384230857e-09
2.712106364141653e-09
2.861933129719163e-09
2.918903400234152e-09
2.953402930203075e-09
2.9800905666788058e-09
2.9971478857776512e-09
3.0038794802261792e-09
3.0038794802261792e-09
2.9971478857776512e-09
2.9800905666788058e-09
2.953402930203075e-09
2.918903400234152e-09
2.861933129719163e-09
2.712106364141653e-09
2.6954983384230857e-09
2.7184350690628856e-09
3.98437793175388e-09
1.919563466512564e-09
1.5475957104368887e-09
2.809501980019502e-09
1.328803278348445e-09
1.2992758995425402e-09
1.2668083812852893e-09
1.1964336856309932e-09
1.1489045392137909e-09
1.098954152504994e-09
1.0616065318491685e-09
1.043595656939622e-09
1.0838483973166224e-09
1.1356757548264262e-09
1.185270956903517e-09
1.2303645515604478e-09
1.3067935405661202e-09
1.3840919512939087e-09
1.2971338413103606e-09
1.5196010682422267e-09
1.7466327863202569e-09
1.879946935970378e-09
2.2181046062386134e-09
2.3717614244106455e-09
2.5201396958857147e-09
2.653635774660379e-09
2.7526605127226045e-09
2.8303691855524615e-09
2.8912846509326906e-09
2.9308771121866473e-09
2.9505074598812353e-09
2.9505074598812353e-09
2.9308771121866473e-09
2.8912846509326906e-09
2.8303691855524615e-09
2.7526605127226045e-09
2.653635774660379e-09
2.5201396958857147e-09
2.3717614244106455e-09
2.2181046062386134e-09
1.879946935970378e-09
1.7466327863202569e-09
1.5196010682422267e-09
1.2971338413103606e-09
1.3840919512939087e-09
1.3067935405661202e-09
1.2303645515604478e-09
1.185270956903517e-09
1.1356757548264262e-09
1.0838483973166224e-09
1.043595656939622e-09
1.2613653611187603e-09
1.2666281868842222e-09
1.284495296585697e-09
1.3128045742508143e-09
1.3311259646625606e-09
1.305368790491257e-09
1.4928921814039153e-09
1.6468806570205108e-09
1.6471583211968843e-09
1.930911160130666e-09
2.0783299126830856e-09
2.33237973205902e-09
2.5010388725321686e-09
2.6542797907508353e-09
2.7719391452324382e-09
2.87294255225945e-09
2.9427421870814596e-09
2.9936105677697e-09
3.026442811637775e-09
3.04249138903534e-09
3.04249138903534e-09
3.026442811637775e-09
2.9936105677697e-09
2.9427421870814596e-09
2.87294255225945e-09
2.7719391452324382e-09
2.6542797907508353e-09
2.5010388725321686e-09
2.33237973205902e-09
2.0783299126830856e-09
1.930911160130666e-09
1.6471583211968843e-09
1.6468806570205108e-09
1.4928921814039153e-09
1.305368790491257e-09
1.3311259646625606e-09
1.3128045742508143e-09
1.284495296585697e-09
1.2666281868842222e-09
1.2613653611187603e-09
1.2936701406299211e-09
1.2954618931401707e-09
1.3162204616154471e-09
1.3388384368165362e-09
1.2974534641108093e-09
1.5499698963541975e-09
1.2048379871912318e-09
1.2397709811887148e-09
1.5907724356528652e-09
1.3664278042391231e-09
2.7266452984342493e-09
2.3082592694873005e-09
2.8365441506056355e-09
2.907865571596946e-09
2.9734652240431814e-09
3.0223133024032123e-09
3.0476584797489714e-09
3.062895640240648e-09
3.0735171352436197e-09
3.078831677452709e-09
3.078831677452709e-09
3.0735171352436197e-09
3.062895640240648e-09
3.0476584797489714e-09
3.0223133024032123e-09
2.9734652240431814e-09
2.907865571596946e-09
2.8365441506056355e-09
2.3082592694873005e-09
2.7266452984342493e-09
1.3664278042391231e-09
1.5907724356528652e-09
1.2397709811887148e-09
1.2048379871912318e-09
1.5499698963541975e-09
1.2974534641108093e-09
1.3388384368165362e-09
1.3162204616154471e-09
1.2954618931401707e-09
1.2936701406299211e-09
1.3380515228797463e-09
1.3388955742710262e-09
1.3705020191628892e-09
1.3848572896074662e-09
1.3881372180196694e-09
1.1140192501118973e-09
5.509166256870146e-10
0.0007710097706876695
0.0014824894024059176
0.0006653449381701648
1.728547101460809e-09
3.3137960691459467e-09
2.9298347602180197e-09
3.2880605790180928e-09
3.2276820105536785e-09
3.2111700451475933e-09
3.1881875611761146e-09
3.165554623985045e-09
3.155267930612937e-09
3.1500297162367907e-09
3.1500297162367907e-09
3.155267930612937e-09
3.165554623985045e-09
3.1881875611761146e-09
3.2111700451475933e-09
3.2276820105536785e-09
3.2880605790180928e-09
2.9298347602180197e-09
3.3137960691459467e-09
1.728547101460809e-09
0.0006653449381701648
0.0014824894024059176
0.0007710097706876695
5.509166256870146e-10
1.1140192501118973e-09
1.3881372180196694e-09
1.3848572896074662e-09
1.3705020191628892e-09
1.3388955742710262e-09
1.3380515228797463e-09
1.3790768657248598e-09
1.3733410025515425e-09
1.4321034592576498e-09
1.4384371515088756e-09
1.6759828117343667e-09
8.644639908420015e-10
0.0006861740257591009
0.0013993767788633704
0.0014377873158082366
0.0013826827052980661
0.0006065427442081273
3.664909521694515e-09
2.824381136953824e-09
3.592359482801344e-09
3.4657929737919035e-09
3.402289734666386e-09
3.3147124368221315e-09
3.2608392982330647e-09
3.234631095958007e-09
3.220729455702398e-09
3.220729455702398e-09
3.234631095958007e-09
3.2608392982330647e-09
3.3147124368221315e-09
3.402289734666386e-09
3.4657929737919035e-09
3.592359482801344e-09
2.824381136953824e-09
3.664909521694515e-09
0.0006065427442081273
0.0013826827052980661
0.0014377873158082366
0.0013993767788633704
0.0006861740257591009
8.644639908420015e-10
1.6759828117343667e-09
1.4384371515088756e-09
1.4321034592576498e-09
1.3733410025515425e-09
1.3790768657248598e-09
1.4041888311833173e-09
1.388856803001548e-09
1.476795031749023e-09
1.4926003141790822e-09
1.6746678913395763e-09
9.420560035180991e-10
0.001113337930291891
0.001555560971610248
0.001496993936598301
0.0017753501888364553
0.0007849365938454866
3.1902507979103545e-09
2.7949309533426003e-09
3.6623425646309382e-09
3.6142824844098698e-09
3.5299315553904975e-09
3.388146967847616e-09
3.3173093178656687e-09
3.2825287626936372e-09
3.26351901232258e-09
3.26351901232258e-09
3.2825287626936372e-09
3.3173093178656687e-09
3.388146967847616e-09
3.5299315553904975e-09
3.6142824844098698e-09
3.6623425646309382e-09
2.7949309533426003e-09
3.1902507979103545e-09
0.0007849365938454866
0.0017753501888364553
0.001496993936598301
0.001555560971610248
0.001113337930291891
9.420560035180991e-10
1.6746678913395763e-09
1.4926003141790822e-09
1.476795031749023e-09
1.388856803001548e-09
1.4041888311833173e-09
1.4041888311833173e-09
1.388856803001548e-09
1.476795031749023e-09
1.4926003141790822e-09
1.6746678913395763e-09
9.420560035180991e-10
0.001113337930291891
0.001555560971610248
0.001496993936598301
0.0017753501888364553
0.0007849365938454866
3.1902507979103545e-09
2.7949309533426003e-09
3.6623425646309382e-09
3.6142824844098698e-09
3.5299315553904975e-09
3.388146967847616e-09
3.3173093178656687e-09
3.2825287626936372e-09
3.26351901232258e-09
3.26351901232258e-09
3.2825287626936372e-09
3.3173093178656687e-09
3.388146967847616e-09
3.5299315553904975e-09
3.6142824844098698e-09
3.6623425646309382e-09
2.7949309533426003e-09
3.1902507979103545e-09
0.0007849365938454866
0.0017753501888364553
0.001496993936598301
0.001555560971610248
0.001113337930291891
9.420560035180991e-10
1.6746678913395763e-09
1.4926003141790822e-09
1.476795031749023e-09
1.388856803001548e-09
1.4041888311833173e-09
1.3790768657248598e-09
1.3733410025515425e-09
1.4321034592576498e-09
1.4384371515088756e-09
1.6759828117343667e-09
8.644639908420015e-10
0.0006861740257591009
0.0013993767788633704
0.0014377873158082366
0.0013826827052980661
0.0006065427442081273
3.664909521694515e-09
2.824381136953824e-09
3.592359482801344e-09
3.4657929737919035e-09
3.402289734666386e-09
3.3147124368221315e-09
3.2608392982330647e-09
3.234631095958007e-09
3.220729455702398e-09
3.220729455702398e-09
3.234631095958007e-09
3.2608392982330647e-09
3.3147124368221315e-09
3.402289734666386e-09
3.4657929737919035e-09
3.592359482801344e-09
2.824381136953824e-09
3.664909521694515e-09
0.0006065427442081273
0.0013826827052980661
0.0014377873158082366
0.0013993767788633704
0.0006861740257591009
8.644639908420015e-10
1.6759828117343667e-09
1.4384371515088756e-09
1.4321034592576498e-09
1.3733410025515425e-09
1.3790768657248598e-09
1.3380515228797463e-09
1.3388955742710262e-09
1.3705020191628892e-09
1.3848572896074662e-09
1.3881372180196694e-09
1.1140192501118973e-09
5.509166256870146e-10
0.0007710097706876695
0.0014824894024059176
0.0006653449381701648
1.728547101460809e-09
3.3137960691459467e-09
2.9298347602180197e-09
3.2880605790180928e-09
3.2276820105536785e-09
3.2111700451475933e-09
3.1881875611761146e-09
3.165554623985045e-09
3.155267930612937e-09
3.1500297162367907e-09
3.1500297162367907e-09
3.155267930612937e-09
3.165554623985045e-09
3.1881875611761146e-09
3.2111700451475933e-09
3.2276820105536785e-09
3.2880605790180928e-09
2.9298347602180197e-09
3.3137960691459467e-09
1.728547101460809e-09
0.0006653449381701648
0.0014824894024059176
0.0007710097706876695
5.509166256870146e-10
1.1140192501118973e-09
1.3881372180196694e-09
1.3848572896074662e-09
1.3705020191628892e-09
1.3388955742710262e-09
1.3380515228797463e-09
1.2936701406299211e-09
1.2954618931401707e-09
1.3162204616154471e-09
1.3388384368165362e-09
1.2974534641108093e-09
1.5499698963541975e-09
1.2048379871912318e-09
1.2397709811887148e-09
1.5907724356528652e-09
1.3664278042391231e-09
2.7266452984342493e-09
2.3082592694873005e-09
2.8365441506056355e-09
2.907865571596946e-09
2.9734652240431814e-09
3.0223133024032123e-09
3.0476584797489714e-09
3.062895640240648e-09
3.0735171352436197e-09
3.078831677452709e-09
3.078831677452709e-09
3.0735171352436197e-09
3.062895640240648e-09
3.0476584797489714e-09
3.0223133024032123e-09
2.9734652240431814e-09
2.907865571596946e-09
2.8365441506056355e-09
2.3082592694873005e-09
2.7266452984342493e-09
1.3664278042391231e-09
1.5907724356528652e-09
1.2397709811887148e-09
1.2048379871912318e-09
1.5499698963541975e-09
1.2974534641108093e-09
1.3388384368165362e-09
1.3162204616154471e-09
1.2954618931401707e-09
1.2936701406299211e-09
1.2613653611187603e-09
1.2666281868842222e-09
1.284495296585697e-09
1.3128045742508143e-09
1.3311259646625606e-09
1.305368790491257e-09
1.4928921814039153e-09
1.6468806570205108e-09
1.6471583211968843e-09
1.930911160130666e-09
2.0783299126830856e-09
2.33237973205902e-09
2.5010388725321686e-09
2.6542797907508353e-09
2.7719391452324382e-09
2.87294255225945e-09
2.9427421870814596e-09
2.9936105677697e-09
3.026442811637775e-09
3.04249138903534e-09
3.04249138903534e-09
3.026442811637775e-09
2.9936105677697e-09
2.9427421870814596e-09
2.87294255225945e-09
2.7719391452324382e-09
2.6542797907508353e-09
2.5010388725321686e-09
2.33237973205902e-09
2.0783299126830856e-09
1.930911160130666e-09
1.6471583211968843e-09
1.6468806570205108e-09
1.4928921814039153e-09
1.305368790491257e-09
1.3311259646625606e-09
1.3128045742508143e-09
1.284495296585697e-09
1.2666281868842222e-09
1.2613653611187603e-09
1.5125016039965744e-09
1.4689886676869102e-09
1.438490060574893e-09
1.423600928980584e-09
1.4558435837072614e-09
1.492753728786489e-09
1.3847972248071105e-09
1.6571625799030598e-09
1.9261465252634613e-09
2.080785413763331e-09
2.224654488403033e-09
2.4962798755162607e-09
2.6427679489238187e-09
2.7875770268470657e-09
2.8967429583498516e-09
2.9797921942409378e-09
3.042639707892536e-09
3.084873502479102e-09
3.1115806545939373e-09
3.124444279689609e-09
3.124444279689609e-09
3.1115806545939373e-09
3.084873502479102e-09
3.042639707892536e-09
2.9797921942409378e-09
2.8967429583498516e-09
2.7875770268470657e-09
2.6427679489238187e-09
2.4962798755162607e-09
2.224654488403033e-09
2.080785413763331e-09
1.9261465252634613e-09
1.6571625799030598e-09
1.3847972248071105e-09
1.492753728786489e-09
1.4558435837072614e-09
1.423600928980584e-09
1.438490060574893e-09
1.4689886676869102e-09
1.5125016039965744e-09
1.5683029961494066e-09
1.5165391728869104e-09
1.4835763910772681e-09
1.4947652490771013e-09
1.4693365881640608e-09
1.3483081838516764e-09
2.6456215690418006e-09
1.7794060495901487e-09
1.821421052178307e-09
1.8537190012157811e-09
3.0508755244351704e-09
2.820014621124356e-09
2.898617977586948e-09
3.026611513495814e-09
3.0803940127832607e-09
3.111594966062614e-09
3.129888709318962e-09
3.1405390440997216e-09
3.1469638093334362e-09
3.150343050664639e-09
3.150343050664639e-09
3.1469638093334362e-09
3.1405390440997216e-09
3.129888709318962e-09
3.111594966062614e-09
3.0803940127832607e-09
3.026611513495814e-09
2.898617977586948e-09
2.820014621124356e-09
3.0508755244351704e-09
1.8537190012157811e-09
1.821421052178307e-09
1.7794060495901487e-09
2.6456215690418006e-09
1.3483081838516764e-09
1.4693365881640608e-09
1.4947652490771013e-09
1.4835763910772681e-09
1.5165391728869104e-09
1.5683029961494066e-09
1.6361800152589479e-09
1.5865285430891052e-09
1.5583119647097354e-09
1.5722052566086164e-09
1.661603688841995e-09
2.4926154890136942e-09
3.463285864688248e-09
0.0016642118571326137
0.001341074239462614
1.1897602044189104e-09
3.005704843003776e-09
4.135507908342717e-09
3.311861635629798e-09
3.23975004809518e-09
3.3079647961814507e-09
3.2809625242352647e-09
3.2551162286453827e-09
3.2321558623982227e-09
3.217096294222399e-09
3.2105136691523706e-09
3.2105136691523706e-09
3.217096294222399e-09
3.2321558623982227e-09
3.2551162286453827e-09
3.2809625242352647e-09
3.3079647961814507e-09
3.23975004809518e-09
3.311861635629798e-09
4.135507908342717e-09
3.005704843003776e-09
1.1897602044189104e-09
0.001341074239462614
0.0016642118571326137
3.463285864688248e-09
2.4926154890136942e-09
1.661603688841995e-09
1.5722052566086164e-09
1.5583119647097354e-09
1.5865285430891052e-09
1.6361800152589479e-09
1.696077848480082e-09
1.6654968420029559e-09
1.6034935965830721e-09
1.710995819852179e-09
1.3226902212393199e-09
2.597519204936005e-09
0.001727944239974022
0.0015232195146381855
0.0016213838243857026
0.0014253327390179038
3.110580369669602e-09
5.2068475399347225e-09
3.730749650182608e-09
3.3825685308297437e-09
3.507609567382497e-09
3.4328325772270407e-09
3.3729158788881053e-09
3.3194347878046093e-09
3.287298168050401e-09
3.2728394647185688e-09
3.2728394647185688e-09
3.287298168050401e-09
3.3194347878046093e-09
3.3729158788881053e-09
3.4328325772270407e-09
3.507609567382497e-09
3.3825685308297437e-09
3.730749650182608e-09
5.2068475399347225e-09
3.110580369669602e-09
0.0014253327390179038
0.0016213838243857026
0.0015232195146381855
0.001727944239974022
2.597519204936005e-09
1.3226902212393199e-09
1.710995819852179e-09
1.6034935965830721e-09
1.6654968420029559e-09
1.696077848480082e-09
1.7316900951386272e-09
1.7234964540605024e-09
1.600493717592022e-09
1.922437686471823e-09
1.0293066312477839e-09
0.0006039382424205542
0.0014008012367412448
0.0015002618310973048
0.0016316206892952323
0.0019010162213817239
5.3129128700646344e-09
4.949579374829982e-09
3.919651929418233e-09
3.474744146927944e-09
3.611833271702225e-09
3.5235297752428396e-09
3.4441705130255906e-09
3.371504247659529e-09
3.330033731402393e-09
3.3112720464884005e-09
3.3112720464884005e-09
3.330033731402393e-09
3.371504247659529e-09
3.4441705130255906e-09
3.5235297752428396e-09
3.611833271702225e-09
3.474744146927944e-09
3.919651929418233e-09
4.949579374829982e-09
5.3129128700646344e-09
0.0019010162213817239
0.0016316206892952323
0.0015002618310973048
0.0014008012367412448
0.0006039382424205542
1.0293066312477839e-09
1.922437686471823e-09
1.600493717592022e-09
1.7234964540605024e-09
1.7316900951386272e-09
1.7316900951386272e-09
1.7234964540605024e-09
1.600493717592022e-09
1.922437686471823e-09
1.0293066312477839e-09
0.0006039382424205542
0.0014008012367412448
0.0015002618310973048
0.0016316206892952323
0.0019010162213817239
5.3129128700646344e-09
4.949579374829982e-09
3.919651929418233e-09
3.474744146927944e-09
3.611833271702225e-09
3.5235297752428396e-09
3.4441705130255906e-09
3.371504247659529e-09
3.330033731402393e-09
3.3112720464884005e-09
3.3112720464884005e-09
3.330033731402393e-09
3.371504247659529e-09
3.4441705130255906e-09
3.5235297752428396e-09
3.611833271702225e-09
3.474744146927944e-09
3.919651929418233e-09
4.949579374829982e-09
5.3129128700646344e-09
0.0019010162213817239
0.0016316206892952323
0.0015002618310973048
0.0014008012367412448
0.0006039382424205542
1.0293066312477839e-09
1.922437686471823e-09
1.600493717592022e-09
1.7234964540605024e-09
1.7316900951386272e-09
1.696077848480082e-09
1.6654968420029559e-09
1.6034935965830721e-09
1.710995819852179e-09
1.3226902212393199e-09
2.597519204936005e-09
0.001727944239974022
0.0015232195146381855
0.0016213838243857026
0.0014253327390179038
3.110580369669602e-09
5.2068475399347225e-09
3.730749650182608e-09
3.3825685308297437e-09
3.507609567382497e-09
3.4328325772270407e-09
3.3729158788881053e-09
3.3194347878046093e-09
3.287298168050401e-09
3.2728394647185688e-09
3.2728394647185688e-09
3.287298168050401e-09
3.3194347878046093e-09
3.3729158788881053e-09
3.4328325772270407e-09
3.507609567382497e-09
3.3825685308297437e-09
3.730749650182608e-09
5.2068475399347225e-09
3.110580369669602e-09
0.0014253327390179038
0.0016213838243857026
0.0015232195146381855
0.001727944239974022
2.597519204936005e-09
1.3226902212393199e-09
1.710995819852179e-09
1.6034935965830721e-09
1.6654968420029559e-09
1.696077848480082e-09
1.6361800152589479e-09
1.5865285430891052e-09
1.5583119647097354e-09
1.5722052566086164e-09
1.661603688841995e-09
2.4926154890136942e-09
3.463285864688248e-09
0.0016642118571326137
0.001341074239462614
1.1897602044189104e-09
3.005704843003776e-09
4.135507908342717e-09
3.311861635629798e-09
3.23975004809518e-09
3.3079647961814507e-09
3.2809625242352647e-09
3.2551162286453827e-09
3.2321558623982227e-09
3.217096294222399e-09
3.2105136691523706e-09
3.2105136691523706e-09
3.217096294222399e-09
3.2321558623982227e-09
3.2551162286453827e-09
3.2809625242352647e-09
3.3079647961814507e-09
3.23975004809518e-09
3.311861635629798e-09
4.135507908342717e-09
3.005704843003776e-09
1.1897602044189104e-09
0.001341074239462614
0.0016642118571326137
3.463285864688248e-09
2.4926154890136942e-09
1.661603688841995e-09
1.5722052566086164e-09
1.5583119647097354e-09
1.5865285430891052e-09
1.6361800152589479e-09
1.5683029961494066e-09
1.5165391728869104e-09
1.4835763910772681e-09
1.4947652490771013e-09
1.4693365881640608e-09
1.3483081838516764e-09
2.6456215690418006e-09
1.7794060495901487e-09
1.821421052178307e-09
1.8537190012157811e-09
3.0508755244351704e-09
2.820014621124356e-09
2.898617977586948e-09
3.026611513495814e-09
3.0803940127832607e-09
3.111594966062614e-09
3.129888709318962e-09
3.1405390440997216e-09
3.1469638093334362e-09
3.150343050664639e-09
3.150343050664639e-09
3.1469638093334362e-09
3.1405390440997216e-09
3.129888709318962e-09
3.111594966062614e-09
3.0803940127832607e-09
3.026611513495814e-09
2.898617977586948e-09
2.820014621124356e-09
3.0508755244351704e-09
1.8537190012157811e-09
1.821421052178307e-09
1.7794060495901487e-09
2.6456215690418006e-09
1.3483081838516764e-09
1.4693365881640608e-09
1.4947652490771013e-09
1.4835763910772681e-09
1.5165391728869104e-09
1.5683029961494066e-09
1.5125016039965744e-09
1.4689886676869102e-09
1.438490060574893e-09
1.423600928980584e-09
1.4558435837072614e-09
1.492753728786489e-09
1.3847972248071105e-09
1.6571625799030598e-09
1.9261465252634613e-09
2.080785413763331e-09
2.224654488403033e-09
2.4962798755162607e-09
2.6427679489238187e-09
2.7875770268470657e-09
2.8967429583498516e-09
2.9797921942409378e-09
3.042639707892536e-09
3.084873502479102e-09
3.1115806545939373e-09
3.124444279689609e-09
3.124444279689609e-09
3.1115806545939373e-09
3.084873502479102e-09
3.042639707892536e-09
2.9797921942409378e-09
2.8967429583498516e-09
2.7875770268470657e-09
2.6427679489238187e-09
2.4962798755162607e-09
2.224654488403033e-09
2.080785413763331e-09
1.9261465252634613e-09
1.6571625799030598e-09
1.3847972248071105e-09
1.492753728786489e-09
1.4558435837072614e-09
1.423600928980584e-09
1.438490060574893e-09
1.4689886676869102e-09
1.5125016039965744e-09
1.7979903590287227e-09
1.6796582570990926e-09
1.6138041424029748e-09
1.5592022031135633e-09
1.484450041187857e-09
1.638953079155514e-09
1.7881246613601909e-09
1.8180158984151817e-09
1.8782440880382723e-09
2.2233562647216987e-09
2.4404994084653575e-09
2.639321487057922e-09
2.7860929709133675e-09
2.899295820785186e-09
2.9953504954161048e-09
3.0687178059068954e-09
3.1230120486197555e-09
3.1604484654335074e-09
3.1835079277592326e-09
3.194599099143325e-09
3.194599099143325e-09
3.1835079277592326e-09
3.1604484654335074e-09
3.1230120486197555e-09
3.0687178059068954e-09
2.9953504954161048e-09
2.899295820785186e-09
2.7860929709133675e-09
2.639321487057922e-09
2.4404994084653575e-09
2.2233562647216987e-09
1.8782440880382723e-09
1.8180158984151817e-09
1.7881246613601909e-09
1.638953079155514e-09
1.484450041187857e-09
1.5592022031135633e-09
1.6138041424029748e-09
1.6796582570990926e-09
1.7979903590287227e-09
1.881754084151477e-09
1.7679873407297486e-09
1.682632548918872e-09
1.5784067846150163e-09
1.8132428067710316e-09
1.4208492238668158e-09
1.3117097468970385e-09
2.255508496987191e-09
4.440653574022679e-09
2.5798946312605153e-09
2.781599820270153e-09
3.1186028152246914e-09
3.135137548876399e-09
3.132013528736599e-09
3.1624590099421646e-09
3.1854725020957764e-09
3.2000123037501105e-09
3.209035901591273e-09
3.214562730585735e-09
3.217314435699503e-09
3.217314435699503e-09
3.214562730585735e-09
3.209035901591273e-09
3.2000123037501105e-09
3.1854725020957764e-09
3.1624590099421646e-09
3.132013528736599e-09
3.135137548876399e-09
3.1186028152246914e-09
2.781599820270153e-09
2.5798946312605153e-09
4.440653574022679e-09
2.255508496987191e-09
1.3117097468970385e-09
1.4208492238668158e-09
1.8132428067710316e-09
1.5784067846150163e-09
1.682632548918872e-09
1.7679873407297486e-09
1.881754084151477e-09
1.9739045467592753e-09
1.8844990672117756e-09
1.8071486147797078e-09
1.7371897106585599e-09
1.328061792482682e-09
6.693353553702264e-10
0.0008523981086909771
0.002028058050200343
5.350936707615439e-09
5.175901374165903e-09
3.448893514529372e-09
3.612087191851021e-09
3.637344548820809e-09
3.4168590266198118e-09
3.3597048754163694e-09
3.34274621871522e-09
3.3161114913055068e-09
3.295516420517841e-09
3.2814859770441407e-09
3.274887088941525e-09
3.274887088941525e-09
3.2814859770441407e-09
3.295516420517841e-09
3.3161114913055068e-09
3.34274621871522e-09
3.3597048754163694e-09
3.4168590266198118e-09
3.637344548820809e-09
3.612087191851021e-09
3.448893514529372e-09
5.175901374165903e-09
5.350936707615439e-09
0.002028058050200343
0.0008523981086909771
6.693353553702264e-10
1.328061792482682e-09
1.7371897106585599e-09
1.8071486147797078e-09
1.8844990672117756e-09
1.9739045467592753e-09
2.0447176937721245e-09
2.0123614146577706e-09
1.975490517697187e-09
2.2760088085049812e-09
2.4113343700254974e-09
0.0007972059538587928
0.0014689596137031913
0.001573418383486569
0.002462131902575493
4.347846735419658e-09
3.970517491180825e-09
3.6896197902480665e-09
4.081711531267462e-09
3.6715209865423315e-09
3.5270332661430093e-09
3.483779454152569e-09
3.424049238587301e-09
3.380230557264996e-09
3.3498820037336507e-09
3.3357880260126427e-09
3.3357880260126427e-09
3.3498820037336507e-09
3.380230557264996e-09
3.424049238587301e-09
3.483779454152569e-09
3.5270332661430093e-09
3.6715209865423315e-09
4.081711531267462e-09
3.6896197902480665e-09
3.970517491180825e-09
4.347846735419658e-09
0.002462131902575493
0.001573418383486569
0.0014689596137031913
0.0007972059538587928
2.4113343700254974e-09
2.2760088085049812e-09
1.975490517697187e-09
2.0123614146577706e-09
2.0447176937721245e-09
2.078224094551051e-09
2.1085500966772086e-09
2.1314410739853296e-09
2.3893096702531924e-09
5.822980552599999e-09
0.0016490105772390962
0.0015338292578235269
0.001470463233999908
0.0017611506627872586
0.0010508025297895074
3.475298174238084e-09
3.5950957922442628e-09
4.2725831553291904e-09
3.820416205613242e-09
3.62416281880773e-09
3.565250308520951e-09
3.488058149606066e-09
3.4315683974939226e-09
3.3918705517888004e-09
3.373699540218378e-09
3.373699540218378e-09
3.3918705517888004e-09
3.4315683974939226e-09
3.488058149606066e-09
3.565250308520951e-09
3.62416281880773e-09
3.820416205613242e-09
4.2725831553291904e-09
3.5950957922442628e-09
3.475298174238084e-09
0.0010508025297895074
0.0017611506627872586
0.001470463233999908
0.0015338292578235269
0.0016490105772390962
5.822980552599999e-09
2.3893096702531924e-09
2.1314410739853296e-09
2.1085500966772086e-09
2.078224094551051e-09
2.078224094551051e-09
2.1085500966772086e-09
2.1314410739853296e-09
2.3893096702531924e-09
5.822980552599999e-09
0.0016490105772390962
0.0015338292578235269
0.001470463233999908
0.0017611506627872586
0.0010508025297895074
3.475298174238084e-09
3.5950957922442628e-09
4.2725831553291904e-09
3.820416205613242e-09
3.62416281880773e-09
3.565250308520951e-09
3.488058149606066e-09
3.4315683974939226e-09
3.3918705517888004e-09
3.373699540218378e-09
3.373699540218378e-09
3.3918705517888004e-09
3.4315683974939226e-09
3.488058149606066e-09
3.565250308520951e-09
3.62416281880773e-09
3.820416205613242e-09
4.2725831553291904e-09
3.5950957922442628e-09
3.475298174238084e-09
0.0010508025297895074
0.0017611506627872586
0.001470463233999908
0.0015338292578235269
0.0016490105772390962
5.822980552599999e-09
2.3893096702531924e-09
2.1314410739853296e-09
2.1085500966772086e-09
2.078224094551051e-09
2.0447176937721245e-09
2.0123614146577706e-09
1.975490517697187e-09
2.2760088085049812e-09
2.4113343700254974e-09
0.0007972059538587928
0.0014689596137031913
0.001573418383486569
0.002462131902575493
4.347846735419658e-09
3.970517491180825e-09
3.6896197902480665e-09
4.081711531267462e-09
3.6715209865423315e-09
3.5270332661430093e-09
3.483779454152569e-09
3.424049238587301e-09
3.380230557264996e-09
3.3498820037336507e-09
3.3357880260126427e-09
3.3357880260126427e-09
3.3498820037336507e-09
3.380230557264996e-09
3.424049238587301e-09
3.483779454152569e-09
3.5270332661430093e-09
3.6715209865423315e-09
4.081711531267462e-09
3.6896197902480665e-09
3.970517491180825e-09
4.347846735419658e-09
0.002462131902575493
0.001573418383486569
0.0014689596137031913
0.0007972059538587928
2.4113343700254974e-09
2.2760088085049812e-09
1.975490517697187e-09
2.0123614146577706e-09
2.0447176937721245e-09
1.9739045467592753e-09
1.8844990672117756e-09
1.8071486147797078e-09
1.7371897106585599e-09
1.328061792482682e-09
6.693353553702264e-10
0.0008523981086909771
0.002028058050200343
5.350936707615439e-09
5.175901374165903e-09
3.448893514529372e-09
3.612087191851021e-09
3.637344548820809e-09
3.4168590266198118e-09
3.3597048754163694e-09
3.34274621871522e-09
3.3161114913055068e-09
3.295516420517841e-09
3.2814859770441407e-09
3.274887088941525e-09
3.274887088941525e-09
3.2814859770441407e-09
3.295516420517841e-09
3.3161114913055068e-09
3.34274621871522e-09
3.3597048754163694e-09
3.4168590266198118e-09
3.637344548820809e-09
3.612087191851021e-09
3.448893514529372e-09
5.175901374165903e-09
5.350936707615439e-09
0.002028058050200343
0.0008523981086909771
6.693353553702264e-10
1.328061792482682e-09
1.7371897106585599e-09
1.8071486147797078e-09
1.8844990672117756e-09
1.9739045467592753e-09
1.881754084151477e-09
1.7679873407297486e-09
1.682632548918872e-09
1.5784067846150163e-09
1.8132428067710316e-09
1.4208492238668158e-09
1.3117097468970385e-09
2.255508496987191e-09
4.440653574022679e-09
2.5798946312605153e-09
2.781599820270153e-09
3.1186028152246914e-09
3.135137548876399e-09
3.132013528736599e-09
3.1624590099421646e-09
3.1854725020957764e-09
3.2000123037501105e-09
3.209035901591273e-09
3.214562730585735e-09
3.217314435699503e-09
3.217314435699503e-09
3.214562730585735e-09
3.209035901591273e-09
3.2000123037501105e-09
3.1854725020957764e-09
3.1624590099421646e-09
3.132013528736599e-09
3.135137548876399e-09
3.1186028152246914e-09
2.781599820270153e-09
2.5798946312605153e-09
4.440653574022679e-09
2.255508496987191e-09
1.3117097468970385e-09
1.4208492238668158e-09
1.8132428067710316e-09
1.5784067846150163e-09
1.682632548918872e-09
1.7679873407297486e-09
1.881754084151477e-09
1.7979903590287227e-09
1.6796582570990926e-09
1.6138041424029748e-09
1.5592022031135633e-09
1.484450041187857e-09
1.638953079155514e-09
1.7881246613601909e-09
1.8180158984151817e-09
1.8782440880382723e-09
2.2233562647216987e-09
2.4404994084653575e-09
2.639321487057922e-09
2.7860929709133675e-09
2.899295820785186e-09
2.9953504954161048e-09
3.0687178059068954e-09
3.1230120486197555e-09
3.1604484654335074e-09
3.1835079277592326e-09
3.194599099143325e-09
3.194599099143325e-09
3.1835079277592326e-09
3.1604484654335074e-09
3.1230120486197555e-09
3.0687178059068954e-09
2.9953504954161048e-09
2.899295820785186e-09
2.7860929709133675e-09
2.639321487057922e-09
2.4404994084653575e-09
2.2233562647216987e-09
1.8782440880382723e-09
1.8180158984151817e-09
1.7881246613601909e-09
1.638953079155514e-09
1.484450041187857e-09
1.5592022031135633e-09
1.6138041424029748e-09
1.6796582570990926e-09
1.7979903590287227e-09
2.115688483780853e-09
1.8822467456186542e-09
1.7492185000814175e-09
1.7421358409694387e-09
1.721230146259356e-09
1.517612533037671e-09
1.7383412417859567e-09
2.1021660974451795e-09
2.186405136800351e-09
2.2775384009299238e-09
2.4634758209046703e-09
2.6788126838289683e-09
2.838323760051553e-09
2.963183951681936e-09
3.0549237185067968e-09
3.1276277141084607e-09
3.1800905225115583e-09
3.2167404590693893e-09
3.24000028195659e-09
3.2513516618620786e-09
3.2513516618620786e-09
3.24000028195659e-09
3.2167404590693893e-09
3.1800905225115583e-09
3.1276277141084607e-09
3.0549237185067968e-09
2.963183951681936e-09
2.838323760051553e-09
2.6788126838289683e-09
2.4634758209046703e-09
2.2775384009299238e-09
2.186405136800351e-09
2.1021660974451795e-09
1.7383412417859567e-09
1.517612533037671e-09
1.721230146259356e-09
1.7421358409694387e-09
1.7492185000814175e-09
1.8822467456186542e-09
2.115688483780853e-09
2.226811183364541e-09
1.992510973922168e-09
1.934299508760118e-09
1.8173976863364305e-09
1.7122029705510244e-09
3.3029950302632116e-09
1.9174369123714508e-09
1.6198133329439757e-09
2.5353595091426318e-09
2.4340705232633875e-09
2.8238390358675813e-09
2.996179476397187e-09
3.1675495559824185e-09
3.19995007054541e-09
3.2200548651106775e-09
3.2408316481824517e-09
3.256492948564005e-09
3.2675760968520207e-09
3.2753051572992353e-09
3.279439870704226e-09
3.279439870704226e-09
3.2753051572992353e-09
3.2675760968520207e-09
3.256492948564005e-09
3.2408316481824517e-09
3.2200548651106775e-09
3.19995007054541e-09
3.1675495559824185e-09
2.996179476397187e-09
2.8238390358675813e-09
2.4340705232633875e-09
2.5353595091426318e-09
1.6198133329439757e-09
1.9174369123714508e-09
3.3029950302632116e-09
1.7122029705510244e-09
1.8173976863364305e-09
1.934299508760118e-09
1.992510973922168e-09
2.226811183364541e-09
2.3494452910943764e-09
2.1433653463187596e-09
2.10672126445266e-09
2.5623468190988374e-09
4.138578368895196e-09
4.58931590646694e-09
0.0019032699055969715
0.0008990935166366398
1.492786471692098e-09
3.1719123855245e-09
3.099041639628708e-09
3.545970808649379e-09
3.527341613240864e-09
3.500164351064039e-09
3.4292826824738887e-09
3.3963021197486176e-09
3.3748754658946556e-09
3.3577704419002208e-09
3.3482745655927237e-09
3.3441231554742767e-09
3.3441231554742767e-09
3.3482745655927237e-09
3.3577704419002208e-09
3.3748754658946556e-09
3.3963021197486176e-09
3.4292826824738887e-09
3.500164351064039e-09
3.527341613240864e-09
3.545970808649379e-09
3.099041639628708e-09
3.1719123855245e-09
1.492786471692098e-09
0.0008990935166366398
0.0019032699055969715
4.58931590646694e-09
4.138578368895196e-09
2.5623468190988374e-09
2.10672126445266e-09
2.1433653463187596e-09
2.3494452910943764e-09
2.4709579000969928e-09
2.2358644883452294e-09
2.4571382255256236e-09
2.2212871732957273e-09
4.652628542850534e-09
0.0021966418717056513
0.001542678102850914
0.0014743857318535447
0.0008573571103625
4.526340240118554e-09
4.669463166823151e-09
4.123848398179808e-09
3.803823141884655e-09
3.772362196924339e-09
3.6153005502498337e-09
3.5365889904104275e-09
3.4865370139580687e-09
3.4458789988089933e-09
3.42261614015571e-09
3.411570505262862e-09
3.411570505262862e-09
3.42261614015571e-09
3.4458789988089933e-09
3.4865370139580687e-09
3.5365889904104275e-09
3.6153005502498337e-09
3.772362196924339e-09
3.803823141884655e-09
4.123848398179808e-09
4.669463166823151e-09
4.526340240118554e-09
0.0008573571103625
0.0014743857318535447
0.001542678102850914
0.0021966418717056513
4.652628542850534e-09
2.2212871732957273e-09
2.4571382255256236e-09
2.2358644883452294e-09
2.4709579000969928e-09
2.555007854593283e-09
2.230934621066938e-09
2.9785711657542846e-09
1.5286406038553246e-09
0.0010981349041685462
0.001723511260934174
0.0014454295160248876
0.0014776078751310706
0.0019176369532942772
6.785127581315775e-09
6.122878246084262e-09
4.500845442872992e-09
3.952107738292021e-09
3.928768768646229e-09
3.7247050062305664e-09
3.6188359166938744e-09
3.5532299758750385e-09
3.4991037844989137e-09
3.4683495225146244e-09
3.4533990250773527e-09
3.4533990250773527e-09
3.4683495225146244e-09
3.4991037844989137e-09
3.5532299758750385e-09
3.6188359166938744e-09
3.7247050062305664e-09
3.928768768646229e-09
3.952107738292021e-09
4.500845442872992e-09
6.122878246084262e-09
6.785127581315775e-09
0.0019176369532942772
0.0014776078751310706
0.0014454295160248876
0.001723511260934174
0.0010981349041685462
1.5286406038553246e-09
2.9785711657542846e-09
2.230934621066938e-09
2.555007854593283e-09
2.555007854593283e-09
2.230934621066938e-09
2.9785711657542846e-09
1.5286406038553246e-09
0.0010981349041685462
0.001723511260934174
0.0014454295160248876
0.0014776078751310706
0.0019176369532942772
6.785127581315775e-09
6.122878246084262e-09
4.500845442872992e-09
3.952107738292021e-09
3.928768768646229e-09
3.7247050062305664e-09
3.6188359166938744e-09
3.5532299758750385e-09
3.4991037844989137e-09
3.4683495225146244e-09
3.4533990250773527e-09
3.4533990250773527e-09
3.4683495225146244e-09
3.4991037844989137e-09
3.5532299758750385e-09
3.6188359166938744e-09
3.7247050062305664e-09
3.928768768646229e-09
3.952107738292021e-09
4.500845442872992e-09
6.122878246084262e-09
6.785127581315775e-09
0.0019176369532942772
0.0014776078751310706
0.0014454295160248876
0.001723511260934174
0.0010981349041685462
1.5286406038553246e-09
2.9785711657542846e-09
2.230934621066938e-09
2.555007854593283e-09
2.4709579000969928e-09
2.2358644883452294e-09
2.4571382255256236e-09
2.2212871732957273e-09
4.652628542850534e-09
0.0021966418717056513
0.001542678102850914
0.0014743857318535447
0.0008573571103625
4.526340240118554e-09
4.669463166823151e-09
4.123848398179808e-09
3.803823141884655e-09
3.772362196924339e-09
3.6153005502498337e-09
3.5365889904104275e-09
3.4865370139580687e-09
3.4458789988089933e-09
3.42261614015571e-09
3.411570505262862e-09
3.411570505262862e-09
3.42261614015571e-09
3.4458789988089933e-09
3.4865370139580687e-09
3.5365889904104275e-09
3.6153005502498337e-09
3.772362196924339e-09
3.803823141884655e-09
4.123848398179808e-09
4.669463166823151e-09
4.526340240118554e-09
0.0008573571103625
0.0014743857318535447
0.001542678102850914
0.0021966418717056513
4.652628542850534e-09
2.2212871732957273e-09
2.4571382255256236e-09
2.2358644883452294e-09
2.4709579000969928e-09
2.3494452910943764e-09
2.1433653463187596e-09
2.10672126445266e-09
2.5623468190988374e-09
4.138578368895196e-09
4.58931590646694e-09
0.0019032699055969715
0.0008990935166366398
1.492786471692098e-09
3.1719123855245e-09
3.099041639628708e-09
3.545970808649379e-09
3.527341613240864e-09
3.500164351064039e-09
3.4292826824738887e-09
3.3963021197486176e-09
3.3748754658946556e-09
3.3577704419002208e-09
3.3482745655927237e-09
3.3441231554742767e-09
3.3441231554742767e-09
3.3482745655927237e-09
3.3577704419002208e-09
3.3748754658946556e-09
3.3963021197486176e-09
3.4292826824738887e-09
3.500164351064039e-09
3.527341613240864e-09
3.545970808649379e-09
3.099041639628708e-09
3.1719123855245e-09
1.492786471692098e-09
0.0008990935166366398
0.0019032699055969715
4.58931590646694e-09
4.138578368895196e-09
2.5623468190988374e-09
2.10672126445266e-09
2.1433653463187596e-09
2.3494452910943764e-09
2.226811183364541e-09
1.992510973922168e-09
1.934299508760118e-09
1.8173976863364305e-09
1.7122029705510244e-09
3.3029950302632116e-09
1.9174369123714508e-09
1.6198133329439757e-09
2.5353595091426318e-09
2.4340705232633875e-09
2.8238390358675813e-09
2.996179476397187e-09
3.1675495559824185e-09
3.19995007054541e-09
3.2200548651106775e-09
3.2408316481824517e-09
3.256492948564005e-09
3.2675760968520207e-09
3.2753051572992353e-09
3.279439870704226e-09
3.279439870704226e-09
3.2753051572992353e-09
3.2675760968520207e-09
3.256492948564005e-09
3.2408316481824517e-09
3.2200548651106775e-09
3.19995007054541e-09
3.1675495559824185e-09
2.996179476397187e-09
2.8238390358675813e-09
2.4340705232633875e-09
2.5353595091426318e-09
1.6198133329439757e-09
1.9174369123714508e-09
3.3029950302632116e-09
1.7122029705510244e-09
1.8173976863364305e-09
1.934299508760118e-09
1.992510973922168e-09
2.226811183364541e-09
2.115688483780853e-09
1.8822467456186542e-09
1.7492185000814175e-09
1.7421358409694387e-09
1.721230146259356e-09
1.517612533037671e-09
1.7383412417859567e-09
2.1021660974451795e-09
2.186405136800351e-09
2.2775384009299238e-09
2.4634758209046703e-09
2.6788126838289683e-09
2.838323760051553e-09
2.963183951681936e-09
3.0549237185067968e-09
3.1276277141084607e-09
3.1800905225115583e-09
3.2167404590693893e-09
3.24000028195659e-09
3.2513516618620786e-09
3.2513516618620786e-09
3.24000028195659e-09
3.2167404590693893e-09
3.1800905225115583e-09
3.1276277141084607e-09
3.0549237185067968e-09
2.963183951681936e-09
2.838323760051553e-09
2.6788126838289683e-09
2.4634758209046703e-09
2.2775384009299238e-09
2.186405136800351e-09
2.1021660974451795e-09
1.7383412417859567e-09
1.517612533037671e-09
1.721230146259356e-09
1.7421358409694387e-09
1.7492185000814175e-09
1.8822467456186542e-09
2.115688483780853e-09
2.4408741087361685e-09
2.079449459846394e-09
1.841832675958388e-09
1.6881407296359674e-09
1.8455811965495394e-09
1.8797530806219376e-09
1.7474779219137093e-09
1.8446494332025054e-09
2.1860297860082367e-09
2.3169166238345973e-09
2.4458325989518137e-09
2.6284792484926323e-09
2.8094384457721944e-09
2.960149703482018e-09
3.07210051668505e-09
3.1517139158915297e-09
3.2100294644621385e-09
3.252022349325978e-09
3.279941422629218e-09
3.2939304495799293e-09
3.2939304495799293e-09
3.279941422629218e-09
3.252022349325978e-09
3.2100294644621385e-09
3.1517139158915297e-09
3.07210051668505e-09
2.960149703482018e-09
2.8094384457721944e-09
2.6284792484926323e-09
2.4458325989518137e-09
2.3169166238345973e-09
2.1860297860082367e-09
1.8446494332025054e-09
1.7474779219137093e-09
1.8797530806219376e-09
1.8455811965495394e-09
1.6881407296359674e-09
1.841832675958388e-09
2.079449459846394e-09
2.4408741087361685e-09
2.5833564887972615e-09
2.1826141154840384e-09
1.953955660466411e-09
2.4386198355791366e-09
1.8315160586063195e-09
1.4034200234228078e-09
1.908179777382335e-09
3.5467781055870118e-09
2.8678602461557068e-09
2.7477334643699614e-09
2.7469870995944223e-09
2.9459867705028397e-09
3.0864965531313127e-09
3.192080497496641e-09
3.2444700138328786e-09
3.2751316849516376e-09
3.297546046984734e-09
3.316211888426679e-09
3.3306625686624347e-09
3.3385520910311772e-09
3.3385520910311772e-09
3.3306625686624347e-09
3.316211888426679e-09
3.297546046984734e-09
3.2751316849516376e-09
3.2444700138328786e-09
3.192080497496641e-09
3.0864965531313127e-09
2.9459867705028397e-09
2.7469870995944223e-09
2.7477334643699614e-09
2.8678602461557068e-09
3.5467781055870118e-09
1.908179777382335e-09
1.4034200234228078e-09
1.8315160586063195e-09
2.4386198355791366e-09
1.953955660466411e-09
2.1826141154840384e-09
2.5833564887972615e-09
2.7750184962427316e-09
2.3512491866689578e-09
2.2861794922446332e-09
1.885452297761825e-09
1.006128665624606e-09
0.0010120144579559565
0.0017878058133646846
3.7344185903342986e-09
4.451630470497792e-09
3.869383546212246e-09
3.441622854760684e-09
3.3631923201243863e-09
3.4624616541967246e-09
3.4671770662852985e-09
3.470176186334828e-09
3.4471180250517097e-09
3.428440040545433e-09
3.4216624759247916e-09
3.421208628895389e-09
3.4227067794573296e-09
3.4227067794573296e-09
3.421208628895389e-09
3.4216624759247916e-09
3.428440040545433e-09
3.4471180250517097e-09
3.470176186334828e-09
3.4671770662852985e-09
3.4624616541967246e-09
3.3631923201243863e-09
3.441622854760684e-09
3.869383546212246e-09
4.451630470497792e-09
3.7344185903342986e-09
0.0017878058133646846
0.0010120144579559565
1.006128665624606e-09
1.885452297761825e-09
2.2861794922446332e-09
2.3512491866689578e-09
2.7750184962427316e-09
2.9974848558128597e-09
2.488446514820053e-09
3.3024984656682133e-09
3.0895965039828832e-09
0.0011287783272564411
0.0016606063582003117
0.0014641592279076576
0.001726087648421526
3.19255299280341e-09
6.208706725824298e-09
4.078848370170363e-09
3.965658097043745e-09
3.86257345552643e-09
3.7141717652844353e-09
3.677833645271411e-09
3.6094688436044686e-09
3.5513081191040907e-09
3.523756373496889e-09
3.5105039535021643e-09
3.5070074014958985e-09
3.5070074014958985e-09
3.5105039535021643e-09
3.523756373496889e-09
3.5513081191040907e-09
3.6094688436044686e-09
3.677833645271411e-09
3.7141717652844353e-09
3.86257345552643e-09
3.965658097043745e-09
4.078848370170363e-09
6.208706725824298e-09
3.19255299280341e-09
0.001726087648421526
0.0014641592279076576
0.0016606063582003117
0.0011287783272564411
3.0895965039828832e-09
3.3024984656682133e-09
2.488446514820053e-09
2.9974848558128597e-09
3.1590129817571366e-09
2.5758234521028323e-09
3.6074023542637113e-09
8.377458449171371e-09
0.0022486879024654627
0.001714986516162753
0.0014164876192808151
0.0012838152470067143
0.000866592163220048
6.857974691604207e-09
4.369127455661204e-09
4.475085666616474e-09
4.126266169024451e-09
3.861454992565294e-09
3.802398500230009e-09
3.7084020750033364e-09
3.6247530584704313e-09
3.585661932301032e-09
3.564813808726308e-09
3.5586420962796517e-09
3.5586420962796517e-09
3.564813808726308e-09
3.585661932301032e-09
3.6247530584704313e-09
3.7084020750033364e-09
3.802398500230009e-09
3.861454992565294e-09
4.126266169024451e-09
4.475085666616474e-09
4.369127455661204e-09
6.857974691604207e-09
0.000866592163220048
0.0012838152470067143
0.0014164876192808151
0.001714986516162753
0.0022486879024654627
8.377458449171371e-09
3.6074023542637113e-09
2.5758234521028323e-09
3.1590129817571366e-09
3.1590129817571366e-09
2.5758234521028323e-09
3.6074023542637113e-09
8.377458449171371e-09
0.0022486879024654627
0.001714986516162753
0.0014164876192808151
0.0012838152470067143
0.000866592163220048
6.857974691604207e-09
4.369127455661204e-09
4.475085666616474e-09
4.126266169024451e-09
3.861454992565294e-09
3.802398500230009e-09
3.7084020750033364e-09
3.6247530584704313e-09
3.585661932301032e-09
3.564813808726308e-09
3.5586420962796517e-09
3.5586420962796517e-09
3.564813808726308e-09
3.585661932301032e-09
3.6247530584704313e-09
3.7084020750033364e-09
3.802398500230009e-09
3.861454992565294e-09
4.126266169024451e-09
4.475085666616474e-09
4.369127455661204e-09
6.857974691604207e-09
0.000866592163220048
0.0012838152470067143
0.0014164876192808151
0.001714986516162753
0.0022486879024654627
8.377458449171371e-09
3.6074023542637113e-09
2.5758234521028323e-09
3.1590129817571366e-09
2.9974848558128597e-09
2.488446514820053e-09
3.3024984656682133e-09
3.0895965039828832e-09
0.0011287783272564411
0.0016606063582003117
0.0014641592279076576
0.001726087648421526
3.19255299280341e-09
6.208706725824298e-09
4.078848370170363e-09
3.965658097043745e-09
3.86257345552643e-09
3.7141717652844353e-09
3.677833645271411e-09
3.6094688436044686e-09
3.5513081191040907e-09
3.523756373496889e-09
3.5105039535021643e-09
3.5070074014958985e-09
3.5070074014958985e-09
3.5105039535021643e-09
3.523756373496889e-09
3.5513081191040907e-09
3.6094688436044686e-09
3.677833645271411e-09
3.7141717652844353e-09
3.86257345552643e-09
3.965658097043745e-09
4.078848370170363e-09
6.208706725824298e-09
3.19255299280341e-09
0.001726087648421526
0.0014641592279076576
0.0016606063582003117
0.0011287783272564411
3.0895965039828832e-09
3.3024984656682133e-09
2.488446514820053e-09
2.9974848558128597e-09
2.7750184962427316e-09
2.3512491866689578e-09
2.2861794922446332e-09
1.885452297761825e-09
1.006128665624606e-09
0.0010120144579559565
0.0017878058133646846
3.7344185903342986e-09
4.451630470497792e-09
3.869383546212246e-09
3.441622854760684e-09
3.3631923201243863e-09
3.4624616541967246e-09
3.4671770662852985e-09
3.470176186334828e-09
3.4471180250517097e-09
3.428440040545433e-09
3.4216624759247916e-09
3.421208628895389e-09
3.4227067794573296e-09
3.4227067794573296e-09
3.421208628895389e-09
3.4216624759247916e-09
3.428440040545433e-09
3.4471180250517097e-09
3.470176186334828e-09
3.4671770662852985e-09
3.4624616541967246e-09
3.3631923201243863e-09
3.441622854760684e-09
3.869383546212246e-09
4.451630470497792e-09
3.7344185903342986e-09
0.0017878058133646846
0.0010120144579559565
1.006128665624606e-09
1.885452297761825e-09
2.2861794922446332e-09
2.3512491866689578e-09
2.7750184962427316e-09
2.5833564887972615e-09
2.1826141154840384e-09
1.953955660466411e-09
2.4386198355791366e-09
1.8315160586063195e-09
1.4034200234228078e-09
1.908179777382335e-09
3.5467781055870118e-09
2.8678602461557068e-09
2.7477334643699614e-09
2.7469870995944223e-09
2.9459867705028397e-09
3.0864965531313127e-09
3.192080497496641e-09
3.2444700138328786e-09
3.2751316849516376e-09
3.297546046984734e-09
3.316211888426679e-09
3.3306625686624347e-09
3.3385520910311772e-09
3.3385520910311772e-09
3.3306625686624347e-09
3.316211888426679e-09
3.297546046984734e-09
3.2751316849516376e-09
3.2444700138328786e-09
3.192080497496641e-09
3.0864965531313127e-09
2.9459867705028397e-09
2.7469870995944223e-09
2.7477334643699614e-09
2.8678602461557068e-09
3.5467781055870118e-09
1.908179777382335e-09
1.4034200234228078e-09
1.8315160586063195e-09
2.4386198355791366e-09
1.953955660466411e-09
2.1826141154840384e-09
2.5833564887972615e-09
2.4408741087361685e-09
2.079449459846394e-09
1.841832675958388e-09
1.6881407296359674e-09
1.8455811965495394e-09
1.8797530806219376e-09
1.7474779219137093e-09
1.8446494332025054e-09
2.1860297860082367e-09
2.3169166238345973e-09
2.4458325989518137e-09
2.6284792484926323e-09
2.8094384457721944e-09
2.960149703482018e-09
3.07210051668505e-09
3.1517139158915297e-09
3.2100294644621385e-09
3.252022349325978e-09
3.279941422629218e-09
3.2939304495799293e-09
3.2939304495799293e-09
3.279941422629218e-09
3.252022349325978e-09
3.2100294644621385e-09
3.1517139158915297e-09
3.07210051668505e-09
2.960149703482018e-09
2.8094384457721944e-09
2.6284792484926323e-09
2.4458325989518137e-09
2.3169166238345973e-09
2.1860297860082367e-09
1.8446494332025054e-09
1.7474779219137093e-09
1.8797530806219376e-09
1.8455811965495394e-09
1.6881407296359674e-09
1.841832675958388e-09
2.079449459846394e-09
2.4408741087361685e-09
2.732491316548291e-09
2.234217585245224e-09
1.994191270449086e-09
1.768203422222725e-09
1.4931139007481886e-09
1.6540605690673615e-09
1.7897794791360555e-09
1.8338340828510935e-09
2.0980671627118808e-09
2.2471373720134302e-09
2.4066176568943165e-09
2.560172560062135e-09
2.7521585271167437e-09
2.9213272426109604e-09
3.0499617588441996e-09
3.1418413877493112e-09
3.2122555483626858e-09
3.266591641279404e-09
3.3037763063487047e-09
3.3223671210003136e-09
3.3223671210003136e-09
3.3037763063487047e-09
3.266591641279404e-09
3.2122555483626858e-09
3.1418413877493112e-09
3.0499617588441996e-09
2.9213272426109604e-09
2.7521585271167437e-09
2.560172560062135e-09
2.4066176568943165e-09
2.2471373720134302e-09
2.0980671627118808e-09
1.8338340828510935e-09
1.7897794791360555e-09
1.6540605690673615e-09
1.4931139007481886e-09
1.768203422222725e-09
1.994191270449086e-09
2.234217585245224e-09
2.732491316548291e-09
2.857714499066022e-09
2.3964348300903326e-09
1.8687714136572664e-09
2.2758327340721696e-09
4.314665812132912e-09
1.907160844180633e-09
1.3565622149908085e-09
2.596073529759213e-09
1.9937287498023037e-09
2.651936829856094e-09
2.6862318792952866e-09
2.830378076010276e-09
3.0103250621416056e-09
3.151062744066735e-09
3.234562574380706e-09
3.2824808409576134e-09
3.3210929666072087e-09
3.357608245255217e-09
3.384943800949225e-09
3.3986851961237408e-09
3.3986851961237408e-09
3.384943800949225e-09
3.357608245255217e-09
3.3210929666072087e-09
3.2824808409576134e-09
3.234562574380706e-09
3.151062744066735e-09
3.0103250621416056e-09
2.830378076010276e-09
2.6862318792952866e-09
2.651936829856094e-09
1.9937287498023037e-09
2.596073529759213e-09
1.3565622149908085e-09
1.907160844180633e-09
4.314665812132912e-09
2.2758327340721696e-09
1.8687714136572664e-09
2.3964348300903326e-09
2.857714499066022e-09
3.097994300330087e-09
2.572483675730708e-09
3.1158756130800214e-09
5.2072148676307606e-09
6.293158702486146e-09
0.0020563898142427206
0.0009074746631085873
1.84310379458541e-09
3.458533372885375e-09
2.8557208681112556e-09
3.3529865082343457e-09
3.253587503582178e-09
3.3445353691402557e-09
3.461685365441225e-09
3.489842746381977e-09
3.4751413986039426e-09
3.474198576394749e-09
3.4905689449971078e-09
3.509477430885255e-09
3.518558491441559e-09
3.518558491441559e-09
3.509477430885255e-09
3.4905689449971078e-09
3.474198576394749e-09
3.4751413986039426e-09
3.489842746381977e-09
3.461685365441225e-09
3.3445353691402557e-09
3.253587503582178e-09
3.3529865082343457e-09
2.8557208681112556e-09
3.458533372885375e-09
1.84310379458541e-09
0.0009074746631085873
0.0020563898142427206
6.293158702486146e-09
5.2072148676307606e-09
3.1158756130800214e-09
2.572483675730708e-09
3.097994300330087e-09
3.369458358160049e-09
3.063693829880032e-09
2.8088523260777487e-09
5.192242902990474e-09
0.002513291547074914
0.0016263194847851992
0.0013296501711010933
0.0008317586616612971
2.475032115020759e-09
5.284351515394414e-09
4.1362247828191645e-09
3.943693895752665e-09
3.697726586732175e-09
3.7809425729173896e-09
3.761289456977179e-09
3.658837122166858e-09
3.621295971423244e-09
3.6159603956920083e-09
3.6284024829830175e-09
3.6336573940726202e-09
3.6336573940726202e-09
3.6284024829830175e-09
3.6159603956920083e-09
3.621295971423244e-09
3.658837122166858e-09
3.761289456977179e-09
3.7809425729173896e-09
3.697726586732175e-09
3.943693895752665e-09
4.1362247828191645e-09
5.284351515394414e-09
2.475032115020759e-09
0.0008317586616612971
0.0013296501711010933
0.0016263194847851992
0.002513291547074914
5.192242902990474e-09
2.8088523260777487e-09
3.063693829880032e-09
3.369458358160049e-09
3.5285199241619214e-09
3.6806339226425067e-09
1.687118543827748e-09
0.0010719348210841417
0.001719178049825132
0.0015610982663929462
0.0014668367803096771
0.0010502904187887907
0.00027912395307794213
6.710286840072577e-09
4.771662665686849e-09
4.492434636099718e-09
3.936405455068348e-09
3.991441292067188e-09
3.9419843257670895e-09
3.771872137542376e-09
3.7121308631149486e-09
3.6913198192545238e-09
3.7003746421182537e-09
3.703354463369113e-09
3.703354463369113e-09
3.7003746421182537e-09
3.6913198192545238e-09
3.7121308631149486e-09
3.771872137542376e-09
3.9419843257670895e-09
3.991441292067188e-09
3.936405455068348e-09
4.492434636099718e-09
4.771662665686849e-09
6.710286840072577e-09
0.00027912395307794213
0.0010502904187887907
0.0014668367803096771
0.0015610982663929462
0.001719178049825132
0.0010719348210841417
1.687118543827748e-09
3.6806339226425067e-09
3.5285199241619214e-09
3.5285199241619214e-09
3.6806339226425067e-09
1.687118543827748e-09
0.0010719348210841417
0.001719178049825132
0.0015610982663929462
0.0014668367803096771
0.0010502904187887907
0.00027912395307794213
6.710286840072577e-09
4.771662665686849e-09
4.492434636099718e-09
3.936405455068348e-09
3.991441292067188e-09
3.9419843257670895e-09
3.771872137542376e-09
3.7121308631149486e-09
3.6913198192545238e-09
3.7003746421182537e-09
3.703354463369113e-09
3.703354463369113e-09
3.7003746421182537e-09
3.6913198192545238e-09
3.7121308631149486e-09
3.771872137542376e-09
3.9419843257670895e-09
3.991441292067188e-09
3.936405455068348e-09
4.492434636099718e-09
4.771662665686849e-09
6.710286840072577e-09
0.00027912395307794213
0.0010502904187887907
0.0014668367803096771
0.0015610982663929462
0.001719178049825132
0.0010719348210841417
1.687118543827748e-09
3.6806339226425067e-09
3.5285199241619214e-09
3.369458358160049e-09
3.063693829880032e-09
2.8088523260777487e-09
5.192242902990474e-09
0.002513291547074914
0.0016263194847851992
0.0013296501711010933
0.0008317586616612971
2.475032115020759e-09
5.284351515394414e-09
4.1362247828191645e-09
3.943693895752665e-09
3.697726586732175e-09
3.7809425729173896e-09
3.761289456977179e-09
3.658837122166858e-09
3.621295971423244e-09
3.6159603956920083e-09
3.6284024829830175e-09
3.6336573940726202e-09
3.6336573940726202e-09
3.6284024829830175e-09
3.6159603956920083e-09
3.621295971423244e-09
3.658837122166858e-09
3.761289456977179e-09
3.7809425729173896e-09
3.697726586732175e-09
3.943693895752665e-09
4.1362247828191645e-09
5.284351515394414e-09
2.475032115020759e-09
0.0008317586616612971
0.0013296501711010933
0.0016263194847851992
0.002513291547074914
5.192242902990474e-09
2.8088523260777487e-09
3.063693829880032e-09
3.369458358160049e-09
3.097994300330087e-09
2.572483675730708e-09
3.1158756130800214e-09
5.2072148676307606e-09
6.293158702486146e-09
0.0020563898142427206
0.0009074746631085873
1.84310379458541e-09
3.458533372885375e-09
2.8557208681112556e-09
3.3529865082343457e-09
3.253587503582178e-09
3.3445353691402557e-09
3.461685365441225e-09
3.489842746381977e-09
3.4751413986039426e-09
3.474198576394749e-09
3.4905689449971078e-09
3.509477430885255e-09
3.518558491441559e-09
3.518558491441559e-09
3.509477430885255e-09
3.4905689449971078e-09
3.474198576394749e-09
3.4751413986039426e-09
3.489842746381977e-09
3.461685365441225e-09
3.3445353691402557e-09
3.253587503582178e-09
3.3529865082343457e-09
2.8557208681112556e-09
3.458533372885375e-09
1.84310379458541e-09
0.0009074746631085873
0.0020563898142427206
6.293158702486146e-09
5.2072148676307606e-09
3.1158756130800214e-09
2.572483675730708e-09
3.097994300330087e-09
2.857714499066022e-09
2.3964348300903326e-09
1.8687714136572664e-09
2.2758327340721696e-09
4.314665812132912e-09
1.907160844180633e-09
1.3565622149908085e-09
2.596073529759213e-09
1.9937287498023037e-09
2.651936829856094e-09
2.6862318792952866e-09
2.830378076010276e-09
3.0103250621416056e-09
3.151062744066735e-09
3.234562574380706e-09
3.2824808409576134e-09
3.3210929666072087e-09
3.357608245255217e-09
3.384943800949225e-09
3.3986851961237408e-09
3.3986851961237408e-09
3.384943800949225e-09
3.357608245255217e-09
3.3210929666072087e-09
3.2824808409576134e-09
3.234562574380706e-09
3.151062744066735e-09
3.0103250621416056e-09
2.830378076010276e-09
2.6862318792952866e-09
2.651936829856094e-09
1.9937287498023037e-09
2.596073529759213e-09
1.3565622149908085e-09
1.907160844180633e-09
4.314665812132912e-09
2.2758327340721696e-09
1.8687714136572664e-09
2.3964348300903326e-09
2.857714499066022e-09
2.732491316548291e-09
2.234217585245224e-09
1.994191270449086e-09
1.768203422222725e-09
1.4931139007481886e-09
1.6540605690673615e-09
1.7897794791360555e-09
1.8338340828510935e-09
2.0980671627118808e-09
2.2471373720134302e-09
2.4066176568943165e-09
2.560172560062135e-09
2.7521585271167437e-09
2.9213272426109604e-09
3.0499617588441996e-09
3.1418413877493112e-09
3.2122555483626858e-09
3.266591641279404e-09
3.3037763063487047e-09
3.3223671210003136e-09
3.3223671210003136e-09
3.3037763063487047e-09
3.266591641279404e-09
3.2122555483626858e-09
3.1418413877493112e-09
3.0499617588441996e-09
2.9213272426109604e-09
2.7521585271167437e-09
2.560172560062135e-09
2.4066176568943165e-09
2.2471373720134302e-09
2.0980671627118808e-09
1.8338340828510935e-09
1.7897794791360555e-09
1.6540605690673615e-09
1.4931139007481886e-09
1.768203422222725e-09
1.994191270449086e-09
2.234217585245224e-09
2.732491316548291e-09
2.907826757159171e-09
2.3596645470913558e-09
1.9734968867424207e-09
1.878226090282209e-09
1.7569074450482502e-09
1.5864762845443914e-09
1.7547922750299483e-09
1.8893252847623776e-09
2.007936135070554e-09
2.162695803692438e-09
2.335705413802902e-09
2.513680019342046e-09
2.709902614805859e-09
2.8767277188840312e-09
3.0008593266545036e-09
3.1031427427663516e-09
3.1924231053831464e-09
3.2644846027773955e-09
3.3131214785542262e-09
3.3368707103020867e-09
3.3368707103020867e-09
3.3131214785542262e-09
3.2644846027773955e-09
3.1924231053831464e-09
3.1031427427663516e-09
3.0008593266545036e-09
2.8767277188840312e-09
2.709902614805859e-09
2.513680019342046e-09
2.335705413802902e-09
2.162695803692438e-09
2.007936135070554e-09
1.8893252847623776e-09
1.7547922750299483e-09
1.5864762845443914e-09
1.7569074450482502e-09
1.878226090282209e-09
1.9734968867424207e-09
2.3596645470913558e-09
2.907826757159171e-09
3.026085024920855e-09
2.3402081054252344e-09
2.307896061759518e-09
1.6048993731199168e-09
1.4943489154428669e-09
1.540599462238057e-09
1.0412275425544792e-09
1.7384575766790644e-09
2.12560481369084e-09
2.3720409317307123e-09
2.488402062530981e-09
2.715627419117017e-09
2.9339629684099755e-09
3.0908747783442436e-09
3.183055381772437e-09
3.2521602598423183e-09
3.329748369390595e-09
3.3995204654774236e-09
3.4445473817007466e-09
3.464699664321169e-09
3.464699664321169e-09
3.4445473817007466e-09
3.3995204654774236e-09
3.329748369390595e-09
3.2521602598423183e-09
3.183055381772437e-09
3.0908747783442436e-09
2.9339629684099755e-09
2.715627419117017e-09
2.488402062530981e-09
2.3720409317307123e-09
2.12560481369084e-09
1.7384575766790644e-09
1.0412275425544792e-09
1.540599462238057e-09
1.4943489154428669e-09
1.6048993731199168e-09
2.307896061759518e-09
2.3402081054252344e-09
3.026085024920855e-09
3.1433163363847605e-09
2.7489395308666342e-09
2.2495018001111866e-09
8.85057652166843e-10
0.0008892196347005665
0.0014376292238011956
0.0005894178757444024
1.1998762443690691e-09
3.92376669350325e-09
2.67998687478177e-09
2.900610090658673e-09
3.10352936926106e-09
3.325400718678928e-09
3.4709179974612425e-09
3.4604790821041176e-09
3.4536789660782885e-09
3.5081158897970477e-09
3.5830986615248417e-09
3.6255941825158455e-09
3.6406502812447172e-09
3.6406502812447172e-09
3.6255941825158455e-09
3.5830986615248417e-09
3.5081158897970477e-09
3.4536789660782885e-09
3.4604790821041176e-09
3.4709179974612425e-09
3.325400718678928e-09
3.10352936926106e-09
2.900610090658673e-09
2.67998687478177e-09
3.92376669350325e-09
1.1998762443690691e-09
0.0005894178757444024
0.0014376292238011956
0.0008892196347005665
8.85057652166843e-10
2.2495018001111866e-09
2.7489395308666342e-09
3.1433163363847605e-09
3.318536851565357e-09
3.4445677647015893e-09
1.5614644993666715e-09
0.0008357400074601173
0.0015702208038419485
0.001444683177396655
0.001079282141290605
0.0007133825565688312
3.8276166090811525e-09
5.097616339461153e-09
5.224768968165039e-09
3.5308904237918437e-09
3.867848749616876e-09
4.061006739219941e-09
3.761289456977179e-09
3.672972950091724e-09
3.6763205327194903e-09
3.758873420856013e-09
3.798330573678843e-09
3.804680528962656e-09
3.804680528962656e-09
3.798330573678843e-09
3.758873420856013e-09
3.6763205327194903e-09
3.672972950091724e-09
3.761289456977179e-09
4.061006739219941e-09
3.867848749616876e-09
3.5308904237918437e-09
5.224768968165039e-09
5.097616339461153e-09
3.8276166090811525e-09
0.0007133825565688312
0.001079282141290605
0.001444683177396655
0.0015702208038419485
0.0008357400074601173
1.5614644993666715e-09
3.4445677647015893e-09
3.318536851565357e-09
3.49419213181712e-09
3.838510238829418e-09
2.5082835114487168e-09
0.0014160937862470746
0.0018986796494573355
0.0015269070863723755
0.0013424394419416785
0.0011807766277343035
0.001562022021971643
6.31783774601713e-09
7.499039583747091e-09
3.9073492705266055e-09
4.3040653506520865e-09
4.53171875025582e-09
3.969680920784535e-09
3.8211179012592744e-09
3.778199541421001e-09
3.867994466388858e-09
3.904548559474641e-09
3.903579716413308e-09
3.903579716413308e-09
3.904548559474641e-09
3.867994466388858e-09
3.778199541421001e-09
3.8211179012592744e-09
3.969680920784535e-09
4.53171875025582e-09
4.3040653506520865e-09
3.9073492705266055e-09
7.499039583747091e-09
6.31783774601713e-09
0.001562022021971643
0.0011807766277343035
0.0013424394419416785
0.0015269070863723755
0.0018986796494573355
0.0014160937862470746
2.5082835114487168e-09
3.838510238829418e-09
3.49419213181712e-09
3.49419213181712e-09
3.838510238829418e-09
2.5082835114487168e-09
0.0014160937862470746
0.0018986796494573355
0.0015269070863723755
0.0013424394419416785
0.0011807766277343035
0.001562022021971643
6.31783774601713e-09
7.499039583747091e-09
3.9073492705266055e-09
4.3040653506520865e-09
4.53171875025582e-09
3.969680920784535e-09
3.8211179012592744e-09
3.778199541421001e-09
3.867994466388858e-09
3.904548559474641e-09
3.903579716413308e-09
3.903579716413308e-09
3.904548559474641e-09
3.867994466388858e-09
3.778199541421001e-09
3.8211179012592744e-09
3.969680920784535e-09
4.53171875025582e-09
4.3040653506520865e-09
3.9073492705266055e-09
7.499039583747091e-09
6.31783774601713e-09
0.001562022021971643
0.0011807766277343035
0.0013424394419416785
0.0015269070863723755
0.0018986796494573355
0.0014160937862470746
2.5082835114487168e-09
3.838510238829418e-09
3.49419213181712e-09
3.318536851565357e-09
3.4445677647015893e-09
1.5614644993666715e-09
0.0008357400074601173
0.0015702208038419485
0.001444683177396655
0.001079282141290605
0.0007133825565688312
3.8276166090811525e-09
5.097616339461153e-09
5.224768968165039e-09
3.5308904237918437e-09
3.867848749616876e-09
4.061006739219941e-09
3.761289456977179e-09
3.672972950091724e-09
3.6763205327194903e-09
3.758873420856013e-09
3.798330573678843e-09
3.804680528962656e-09
3.804680528962656e-09
3.798330573678843e-09
3.758873420856013e-09
3.6763205327194903e-09
3.672972950091724e-09
3.761289456977179e-09
4.061006739219941e-09
3.867848749616876e-09
3.5308904237918437e-09
5.224768968165039e-09
5.097616339461153e-09
3.8276166090811525e-09
0.0007133825565688312
0.001079282141290605
0.001444683177396655
0.0015702208038419485
0.0008357400074601173
1.5614644993666715e-09
3.4445677647015893e-09
3.318536851565357e-09
3.1433163363847605e-09
2.7489395308666342e-09
2.2495018001111866e-09
8.85057652166843e-10
0.0008892196347005665
0.0014376292238011956
0.0005894178757444024
1.1998762443690691e-09
3.92376669350325e-09
2.67998687478177e-09
2.900610090658673e-09
3.10352936926106e-09
3.325400718678928e-09
3.4709179974612425e-09
3.4604790821041176e-09
3.4536789660782885e-09
3.5081158897970477e-09
3.5830986615248417e-09
3.6255941825158455e-09
3.6406502812447172e-09
3.6406502812447172e-09
3.6255941825158455e-09
3.5830986615248417e-09
3.5081158897970477e-09
3.4536789660782885e-09
3.4604790821041176e-09
3.4709179974612425e-09
3.325400718678928e-09
3.10352936926106e-09
2.900610090658673e-09
2.67998687478177e-09
3.92376669350325e-09
1.1998762443690691e-09
0.0005894178757444024
0.0014376292238011956
0.0008892196347005665
8.85057652166843e-10
2.2495018001111866e-09
2.7489395308666342e-09
3.1433163363847605e-09
3.026085024920855e-09
2.3402081054252344e-09
2.307896061759518e-09
1.6048993731199168e-09
1.4943489154428669e-09
1.540599462238057e-09
1.0412275425544792e-09
1.7384575766790644e-09
2.12560481369084e-09
2.3720409317307123e-09
2.488402062530981e-09
2.715627419117017e-09
2.9339629684099755e-09
3.0908747783442436e-09
3.183055381772437e-09
3.2521602598423183e-09
3.329748369390595e-09
3.3995204654774236e-09
3.4445473817007466e-09
3.464699664321169e-09
3.464699664321169e-09
3.4445473817007466e-09
3.3995204654774236e-09
3.329748369390595e-09
3.2521602598423183e-09
3.183055381772437e-09
3.0908747783442436e-09
2.9339629684099755e-09
2.715627419117017e-09
2.488402062530981e-09
2.3720409317307123e-09
2.12560481369084e-09
1.7384575766790644e-09
1.0412275425544792e-09
1.540599462238057e-09
1.4943489154428669e-09
1.6048993731199168e-09
2.307896061759518e-09
2.3402081054252344e-09
3.026085024920855e-09
2.907826757159171e-09
2.3596645470913558e-09
1.9734968867424207e-09
1.878226090282209e-09
1.7569074450482502e-09
1.5864762845443914e-09
1.7547922750299483e-09
1.8893252847623776e-09
2.007936135070554e-09
2.162695803692438e-09
2.335705413802902e-09
2.513680019342046e-09
2.709902614805859e-09
2.8767277188840312e-09
3.0008593266545036e-09
3.1031427427663516e-09
3.1924231053831464e-09
3.2644846027773955e-09
3.3131214785542262e-09
3.3368707103020867e-09
3.3368707103020867e-09
3.3131214785542262e-09
3.2644846027773955e-09
3.1924231053831464e-09
3.1031427427663516e-09
3.0008593266545036e-09
2.8767277188840312e-09
2.709902614805859e-09
2.513680019342046e-09
2.335705413802902e-09
2.162695803692438e-09
2.007936135070554e-09
1.8893252847623776e-09
1.7547922750299483e-09
1.5864762845443914e-09
1.7569074450482502e-09
1.878226090282209e-09
1.9734968867424207e-09
2.3596645470913558e-09
2.907826757159171e-09
2.8995733765413423e-09
2.3618507323519555e-09
2.010599369287047e-09
1.7166071081958778e-09
1.592136361985852e-09
1.562058858997628e-09
1.5846427902505011e-09
1.780442655287262e-09
1.9623129076523638e-09
2.1116821399130847e-09
2.278749021075721e-09
2.4828867260795473e-09
2.6867110966555252e-09
2.8323289893994463e-09
2.942412155940155e-09
3.0547795196178562e-09
3.16347425685648e-09
3.251802039444529e-09
3.3100516685230508e-09
3.3383183370427894e-09
3.3383183370427894e-09
3.3100516685230508e-09
3.251802039444529e-09
3.16347425685648e-09
3.0547795196178562e-09
2.942412155940155e-09
2.8323289893994463e-09
2.6867110966555252e-09
2.4828867260795473e-09
2.278749021075721e-09
2.1116821399130847e-09
1.9623129076523638e-09
1.780442655287262e-09
1.5846427902505011e-09
1.562058858997628e-09
1.592136361985852e-09
1.7166071081958778e-09
2.010599369287047e-09
2.3618507323519555e-09
2.8995733765413423e-09
3.0020107493616832e-09
2.4739479128482733e-09
1.9080256038334076e-09
1.3576764495634719e-09
1.1632870231328973e-09
1.7104298663181416e-09
2.3825891346668238e-09
2.0707734572217307e-09
2.2375543258512653e-09
2.3486449330506476e-09
2.4575827484163426e-09
2.7160962281364e-09
2.910953596224619e-09
2.988975820322759e-09
3.065084427586462e-09
3.1902774692837976e-09
3.3383005561271606e-09
3.4498163874185916e-09
3.512962273508058e-09
3.540814343117038e-09
3.540814343117038e-09
3.512962273508058e-09
3.4498163874185916e-09
3.3383005561271606e-09
3.1902774692837976e-09
3.065084427586462e-09
2.988975820322759e-09
2.910953596224619e-09
2.7160962281364e-09
2.4575827484163426e-09
2.3486449330506476e-09
2.2375543258512653e-09
2.0707734572217307e-09
2.3825891346668238e-09
1.7104298663181416e-09
1.1632870231328973e-09
1.3576764495634719e-09
1.9080256038334076e-09
2.4739479128482733e-09
3.0020107493616832e-09
3.2131090323128664e-09
2.252171973221584e-09
1.231371883798904e-09
1.0997079982755231e-09
0.0011462584370747209
0.0016982534434646368
2.526539524469462e-09
1.6195915051794851e-09
4.2456541754498645e-09
2.7105190921611344e-09
2.475026043488593e-09
2.9670660459807374e-09
3.2421318234276963e-09
3.3568319564997173e-09
3.276077109246045e-09
3.3627046459872023e-09
3.580915945711194e-09
3.7201296730626776e-09
3.777274500127437e-09
3.7968035833391145e-09
3.7968035833391145e-09
3.777274500127437e-09
3.7201296730626776e-09
3.580915945711194e-09
3.3627046459872023e-09
3.276077109246045e-09
3.3568319564997173e-09
3.2421318234276963e-09
2.9670660459807374e-09
2.475026043488593e-09
2.7105190921611344e-09
4.2456541754498645e-09
1.6195915051794851e-09
2.526539524469462e-09
0.0016982534434646368
0.0011462584370747209
1.0997079982755231e-09
1.231371883798904e-09
2.252171973221584e-09
3.2131090323128664e-09
3.1990230776879347e-09
4.1815483367568795e-09
4.901780804172917e-09
0.0014460263773798943
0.0014606253243982792
0.0015585805522277951
0.0014408791903406382
0.0006500415620394051
4.966669870515306e-09
3.2407295163378036e-09
6.374413150100899e-09
4.787891003804612e-09
4.910607510899556e-09
3.866943223962416e-09
3.641476009619282e-09
3.5270887772942405e-09
3.845861996920608e-09
4.009530554793805e-09
4.029814676398402e-09
4.037708535575835e-09
4.037708535575835e-09
4.029814676398402e-09
4.009530554793805e-09
3.845861996920608e-09
3.5270887772942405e-09
3.641476009619282e-09
3.866943223962416e-09
4.910607510899556e-09
4.787891003804612e-09
6.374413150100899e-09
3.2407295163378036e-09
4.966669870515306e-09
0.0006500415620394051
0.0014408791903406382
0.0015585805522277951
0.0014606253243982792
0.0014460263773798943
4.901780804172917e-09
4.1815483367568795e-09
3.1990230776879347e-09
3.108878605939669e-09
5.738405844252226e-09
1.0805604674923863e-08
0.002385186031460762
0.0015657150652259588
0.001556185889057815
0.001316763344220817
0.0010793522233143449
0.001762276515364647
0.0023929632734507322
1.0225165332500286e-08
5.821951427897876e-09
6.4217476822281405e-09
4.325545564093369e-09
3.936244559465951e-09
3.62539815876306e-09
4.0297118940324506e-09
4.20233552816951e-09
4.1870057768123026e-09
4.186660133159714e-09
4.186660133159714e-09
4.1870057768123026e-09
4.20233552816951e-09
4.0297118940324506e-09
3.62539815876306e-09
3.936244559465951e-09
4.325545564093369e-09
6.4217476822281405e-09
5.821951427897876e-09
1.0225165332500286e-08
0.0023929632734507322
0.001762276515364647
0.0010793522233143449
0.001316763344220817
0.001556185889057815
0.0015657150652259588
0.002385186031460762
1.0805604674923863e-08
5.738405844252226e-09
3.108878605939669e-09
3.108878605939669e-09
5.738405844252226e-09
1.0805604674923863e-08
0.002385186031460762
0.0015657150652259588
0.001556185889057815
0.001316763344220817
0.0010793522233143449
0.001762276515364647
0.0023929632734507322
1.0225165332500286e-08
5.821951427897876e-09
6.4217476822281405e-09
4.325545564093369e-09
3.936244559465951e-09
3.62539815876306e-09
4.0297118940324506e-09
4.20233552816951e-09
4.1870057768123026e-09
4.186660133159714e-09
4.186660133159714e-09
4.1870057768123026e-09
4.20233552816951e-09
4.0297118940324506e-09
3.62539815876306e-09
3.936244559465951e-09
4.325545564093369e-09
6.4217476822281405e-09
5.821951427897876e-09
1.0225165332500286e-08
0.0023929632734507322
0.001762276515364647
0.0010793522233143449
0.001316763344220817
0.001556185889057815
0.0015657150652259588
0.002385186031460762
1.0805604674923863e-08
5.738405844252226e-09
3.108878605939669e-09
3.1990230776879347e-09
4.1815483367568795e-09
4.901780804172917e-09
0.0014460263773798943
0.0014606253243982792
0.0015585805522277951
0.0014408791903406382
0.0006500415620394051
4.966669870515306e-09
3.2407295163378036e-09
6.374413150100899e-09
4.787891003804612e-09
4.910607510899556e-09
3.866943223962416e-09
3.641476009619282e-09
3.5270887772942405e-09
3.845861996920608e-09
4.009530554793805e-09
4.029814676398402e-09
4.037708535575835e-09
4.037708535575835e-09
4.029814676398402e-09
4.009530554793805e-09
3.845861996920608e-09
3.5270887772942405e-09
3.641476009619282e-09
3.866943223962416e-09
4.910607510899556e-09
4.787891003804612e-09
6.374413150100899e-09
3.2407295163378036e-09
4.966669870515306e-09
0.0006500415620394051
0.0014408791903406382
0.0015585805522277951
0.0014606253243982792
0.0014460263773798943
4.901780804172917e-09
4.1815483367568795e-09
3.1990230776879347e-09
3.2131090323128664e-09
2.252171973221584e-09
1.231371883798904e-09
1.0997079982755231e-09
0.0011462584370747209
0.0016982534434646368
2.526539524469462e-09
1.6195915051794851e-09
4.2456541754498645e-09
2.7105190921611344e-09
2.475026043488593e-09
2.9670660459807374e-09
3.2421318234276963e-09
3.3568319564997173e-09
3.276077109246045e-09
3.3627046459872023e-09
3.580915945711194e-09
3.7201296730626776e-09
3.777274500127437e-09
3.7968035833391145e-09
3.7968035833391145e-09
3.777274500127437e-09
3.7201296730626776e-09
3.580915945711194e-09
3.3627046459872023e-09
3.276077109246045e-09
3.3568319564997173e-09
3.2421318234276963e-09
2.9670660459807374e-09
2.475026043488593e-09
2.7105190921611344e-09
4.2456541754498645e-09
1.6195915051794851e-09
2.526539524469462e-09
0.0016982534434646368
0.0011462584370747209
1.0997079982755231e-09
1.231371883798904e-09
2.252171973221584e-09
3.2131090323128664e-09
3.0020107493616832e-09
2.4739479128482733e-09
1.9080256038334076e-09
1.3576764495634719e-09
1.1632870231328973e-09
1.7104298663181416e-09
2.3825891346668238e-09
2.0707734572217307e-09
2.2375543258512653e-09
2.3486449330506476e-09
2.4575827484163426e-09
2.7160962281364e-09
2.910953596224619e-09
2.988975820322759e-09
3.065084427586462e-09
3.1902774692837976e-09
3.3383005561271606e-09
3.4498163874185916e-09
3.512962273508058e-09
3.540814343117038e-09
3.540814343117038e-09
3.512962273508058e-09
3.4498163874185916e-09
3.3383005561271606e-09
3.1902774692837976e-09
3.065084427586462e-09
2.988975820322759e-09
2.910953596224619e-09
2.7160962281364e-09
2.4575827484163426e-09
2.3486449330506476e-09
2.2375543258512653e-09
2.0707734572217307e-09
2.3825891346668238e-09
1.7104298663181416e-09
1.1632870231328973e-09
1.3576764495634719e-09
1.9080256038334076e-09
2.4739479128482733e-09
3.0020107493616832e-09
2.8995733765413423e-09
2.3618507323519555e-09
2.010599369287047e-09
1.7166071081958778e-09
1.592136361985852e-09
1.562058858997628e-09
1.5846427902505011e-09
1.780442655287262e-09
1.9623129076523638e-09
2.1116821399130847e-09
2.278749021075721e-09
2.4828867260795473e-09
2.6867110966555252e-09
2.8323289893994463e-09
2.942412155940155e-09
3.0547795196178562e-09
3.16347425685648e-09
3.251802039444529e-09
3.3100516685230508e-09
3.3383183370427894e-09
3.3383183370427894e-09
3.3100516685230508e-09
3.251802039444529e-09
3.16347425685648e-09
3.0547795196178562e-09
2.942412155940155e-09
2.8323289893994463e-09
2.6867110966555252e-09
2.4828867260795473e-09
2.278749021075721e-09
2.1116821399130847e-09
1.9623129076523638e-09
1.780442655287262e-09
1.5846427902505011e-09
1.562058858997628e-09
1.592136361985852e-09
1.7166071081958778e-09
2.010599369287047e-09
2.3618507323519555e-09
2.8995733765413423e-09
2.6966799019506604e-09
2.282296747424528e-09
1.986793975866652e-09
1.737142222603405e-09
1.5743051393762864e-09
1.5628314614657413e-09
1.5857604942701164e-09
1.7010583479998287e-09
1.8574265389648126e-09
2.0736802032461643e-09
2.2717004059119583e-09
2.492135621132152e-09
2.6656409284758764e-09
2.7958707397857108e-09
2.91176176052399e-09
3.0330547101664607e-09
3.1476858879803116e-09
3.2384375129451692e-09
3.2988713757203803e-09
3.32850652422223e-09
3.32850652422223e-09
3.2988713757203803e-09
3.2384375129451692e-09
3.1476858879803116e-09
3.0330547101664607e-09
2.91176176052399e-09
2.7958707397857108e-09
2.6656409284758764e-09
2.492135621132152e-09
2.2717004059119583e-09
2.0736802032461643e-09
1.8574265389648126e-09
1.7010583479998287e-09
1.5857604942701164e-09
1.5628314614657413e-09
1.5743051393762864e-09
1.737142222603405e-09
1.986793975866652e-09
2.282296747424528e-09
2.6966799019506604e-09
2.8560287815282415e-09
2.427085225506498e-09
2.0803391561491358e-09
1.8662742792135978e-09
1.4509682517982458e-09
1.4775206882630676e-09
2.1837618519038315e-09
1.8332195570597287e-09
2.0594476644875126e-09
2.118310951995661e-09
2.3414124371984313e-09
2.5705214866389436e-09
2.814043702920044e-09
2.837694272270208e-09
2.929861865272332e-09
3.1464099988637306e-09
3.3578200983597206e-09
3.498269816187838e-09
3.585654993407128e-09
3.6324608685550652e-09
3.6324608685550652e-09
3.585654993407128e-09
3.498269816187838e-09
3.3578200983597206e-09
3.1464099988637306e-09
2.929861865272332e-09
2.837694272270208e-09
2.814043702920044e-09
2.5705214866389436e-09
2.3414124371984313e-09
2.118310951995661e-09
2.0594476644875126e-09
1.8332195570597287e-09
2.1837618519038315e-09
1.4775206882630676e-09
1.4509682517982458e-09
1.8662742792135978e-09
2.0803391561491358e-09
2.427085225506498e-09
2.8560287815282415e-09
3.0323759996064847e-09
2.7251972380126777e-09
2.3675219770757927e-09
1.8239780345818968e-09
0.0014066671719774604
0.0011297371238470078
1.8369182043509458e-09
1.6033062464476666e-09
3.954035883435569e-09
5.794950890675166e-09
4.482940060834828e-09
3.507495292473517e-09
3.1994741057916887e-09
2.989545460144183e-09
2.9377559412901988e-09
3.3748147505729964e-09
3.728127615648669e-09
3.883172429441917e-09
3.955455320919787e-09
4.003122486273547e-09
4.003122486273547e-09
3.955455320919787e-09
3.883172429441917e-09
3.728127615648669e-09
3.3748147505729964e-09
2.9377559412901988e-09
2.989545460144183e-09
3.1994741057916887e-09
3.507495292473517e-09
4.482940060834828e-09
5.794950890675166e-09
3.954035883435569e-09
1.6033062464476666e-09
1.8369182043509458e-09
0.0011297371238470078
0.0014066671719774604
1.8239780345818968e-09
2.3675219770757927e-09
2.7251972380126777e-09
3.0323759996064847e-09
3.3066570315209987e-09
3.217503737398819e-09
2.3539406101419358e-09
0.0017406626138836145
0.0014540024567395449
0.0013247485039755702
0.0012177251046523452
0.0006581944180652499
5.544745218521996e-09
7.304230137394896e-09
4.498071186354036e-09
2.467321702850911e-09
2.7818880012075997e-09
3.7891048805527294e-09
2.921295583907524e-09
3.758949748688956e-09
4.2882034728686236e-09
4.309237428695711e-09
4.359826735744754e-09
4.356170372338264e-09
4.356170372338264e-09
4.359826735744754e-09
4.309237428695711e-09
4.2882034728686236e-09
3.758949748688956e-09
2.921295583907524e-09
3.7891048805527294e-09
2.7818880012075997e-09
2.467321702850911e-09
4.498071186354036e-09
7.304230137394896e-09
5.544745218521996e-09
0.0006581944180652499
0.0012177251046523452
0.0013247485039755702
0.0014540024567395449
0.0017406626138836145
2.3539406101419358e-09
3.217503737398819e-09
3.3066570315209987e-09
3.5573263085231233e-09
3.282120452155479e-09
0.0008399772341363132
0.0017125732265412807
0.001513090101070702
0.0014232638059183955
0.001310785417445004
0.0012126588262617588
0.0017057853983715177
0.002165137091651559
0.002993930596858263
0.000751818937715143
2.0283614197980082e-09
4.484276665273068e-09
2.966037788640352e-09
4.113126939736533e-09
4.725790939130725e-09
4.610711985819638e-09
4.638807567236558e-09
4.57436692691271e-09
4.57436692691271e-09
4.638807567236558e-09
4.610711985819638e-09
4.725790939130725e-09
4.113126939736533e-09
2.966037788640352e-09
4.484276665273068e-09
2.0283614197980082e-09
0.000751818937715143
0.002993930596858263
0.002165137091651559
0.0017057853983715177
0.0012126588262617588
0.001310785417445004
0.0014232638059183955
0.001513090101070702
0.0017125732265412807
0.0008399772341363132
3.282120452155479e-09
3.5573263085231233e-09
3.5573263085231233e-09
3.282120452155479e-09
0.0008399772341363132
0.0017125732265412807
0.001513090101070702
0.0014232638059183955
0.001310785417445004
0.0012126588262617588
0.0017057853983715177
0.002165137091651559
0.002993930596858263
0.000751818937715143
2.0283614197980082e-09
4.484276665273068e-09
2.966037788640352e-09
4.113126939736533e-09
4.725790939130725e-09
4.610711985819638e-09
4.638807567236558e-09
4.57436692691271e-09
4.57436692691271e-09
4.638807567236558e-09
4.610711985819638e-09
4.725790939130725e-09
4.113126939736533e-09
2.966037788640352e-09
4.484276665273068e-09
2.0283614197980082e-09
0.000751818937715143
0.002993930596858263
0.002165137091651559
0.0017057853983715177
0.0012126588262617588
0.001310785417445004
0.0014232638059183955
0.001513090101070702
0.0017125732265412807
0.0008399772341363132
3.282120452155479e-09
3.5573263085231233e-09
3.3066570315209987e-09
3.217503737398819e-09
2.3539406101419358e-09
0.0017406626138836145
0.0014540024567395449
0.0013247485039755702
0.0012177251046523452
0.0006581944180652499
5.544745218521996e-09
7.304230137394896e-09
4.498071186354036e-09
2.467321702850911e-09
2.7818880012075997e-09
3.7891048805527294e-09
2.921295583907524e-09
3.758949748688956e-09
4.2882034728686236e-09
4.309237428695711e-09
4.359826735744754e-09
4.356170372338264e-09
4.356170372338264e-09
4.359826735744754e-09
4.309237428695711e-09
4.2882034728686236e-09
3.758949748688956e-09
2.921295583907524e-09
3.7891048805527294e-09
2.7818880012075997e-09
2.467321702850911e-09
4.498071186354036e-09
7.304230137394896e-09
5.544745218521996e-09
0.0006581944180652499
0.0012177251046523452
0.0013247485039755702
0.0014540024567395449
0.0017406626138836145
2.3539406101419358e-09
3.217503737398819e-09
3.3066570315209987e-09
3.0323759996064847e-09
2.7251972380126777e-09
2.3675219770757927e-09
1.8239780345818968e-09
0.0014066671719774604
0.0011297371238470078
1.8369182043509458e-09
1.6033062464476666e-09
3.954035883435569e-09
5.794950890675166e-09
4.482940060834828e-09
3.507495292473517e-09
3.1994741057916887e-09
2.989545460144183e-09
2.9377559412901988e-09
3.3748147505729964e-09
3.728127615648669e-09
3.883172429441917e-09
3.955455320919787e-09
4.003122486273547e-09
4.003122486273547e-09
3.955455320919787e-09
3.883172429441917e-09
3.728127615648669e-09
3.3748147505729964e-09
2.9377559412901988e-09
2.989545460144183e-09
3.1994741057916887e-09
3.507495292473517e-09
4.482940060834828e-09
5.794950890675166e-09
3.954035883435569e-09
1.6033062464476666e-09
1.8369182043509458e-09
0.0011297371238470078
0.0014066671719774604
1.8239780345818968e-09
2.3675219770757927e-09
2.7251972380126777e-09
3.0323759996064847e-09
2.8560287815282415e-09
2.427085225506498e-09
2.0803391561491358e-09
1.8662742792135978e-09
1.4509682517982458e-09
1.4775206882630676e-09
2.1837618519038315e-09
1.8332195570597287e-09
2.0594476644875126e-09
2.118310951995661e-09
2.3414124371984313e-09
2.5705214866389436e-09
2.814043702920044e-09
2.837694272270208e-09
2.929861865272332e-09
3.1464099988637306e-09
3.3578200983597206e-09
3.498269816187838e-09
3.585654993407128e-09
3.6324608685550652e-09
3.6324608685550652e-09
3.585654993407128e-09
3.498269816187838e-09
3.3578200983597206e-09
3.1464099988637306e-09
2.929861865272332e-09
2.837694272270208e-09
2.814043702920044e-09
2.5705214866389436e-09
2.3414124371984313e-09
2.118310951995661e-09
2.0594476644875126e-09
1.8332195570597287e-09
2.1837618519038315e-09
1.4775206882630676e-09
1.4509682517982458e-09
1.8662742792135978e-09
2.0803391561491358e-09
2.427085225506498e-09
2.8560287815282415e-09
2.6966799019506604e-09
2.282296747424528e-09
1.986793975866652e-09
1.737142222603405e-09
1.5743051393762864e-09
1.5628314614657413e-09
1.5857604942701164e-09
1.7010583479998287e-09
1.8574265389648126e-09
2.0736802032461643e-09
2.2717004059119583e-09
2.492135621132152e-09
2.6656409284758764e-09
2.7958707397857108e-09
2.91176176052399e-09
3.0330547101664607e-09
3.1476858879803116e-09
3.2384375129451692e-09
3.2988713757203803e-09
3.32850652422223e-09
3.32850652422223e-09
3.2988713757203803e-09
3.2384375129451692e-09
3.1476858879803116e-09
3.0330547101664607e-09
2.91176176052399e-09
2.7958707397857108e-09
2.6656409284758764e-09
2.492135621132152e-09
2.2717004059119583e-09
2.0736802032461643e-09
1.8574265389648126e-09
1.7010583479998287e-09
1.5857604942701164e-09
1.5628314614657413e-09
1.5743051393762864e-09
1.737142222603405e-09
1.986793975866652e-09
2.282296747424528e-09
2.6966799019506604e-09
2.4321031300011953e-09
2.082447495693751e-09
1.849728486699731e-09
1.7387920530492762e-09
1.613602697639327e-09
1.5469047483923637e-09
1.5533526071323522e-09
1.7149199811952731e-09
1.8654361909342665e-09
2.0746299643492616e-09
2.302005157675535e-09
2.5184496415392443e-09
2.6548130013792637e-09
2.7977782850879818e-09
2.932006417169508e-09
3.059991713141863e-09
3.1706618667387554e-09
3.239249146691492e-09
3.2878161998484146e-09
3.315001485121316e-09
3.315001485121316e-09
3.2878161998484146e-09
3.239249146691492e-09
3.1706618667387554e-09
3.059991713141863e-09
2.932006417169508e-09
2.7977782850879818e-09
2.6548130013792637e-09
2.5184496415392443e-09
2.302005157675535e-09
2.0746299643492616e-09
1.8654361909342665e-09
1.7149199811952731e-09
1.5533526071323522e-09
1.5469047483923637e-09
1.613602697639327e-09
1.7387920530492762e-09
1.849728486699731e-09
2.082447495693751e-09
2.4321031300011953e-09
2.526127310803483e-09
2.3964651877511622e-09
2.6461324451054757e-09
2.484244147199499e-09
1.6760520922531885e-09
1.2574189736311303e-09
1.735810497074941e-09
1.6616291675930484e-09
1.923885963733829e-09
2.094990630627236e-09
2.459917035693704e-09
2.500194929561106e-09
2.669116013279127e-09
2.7939714344199507e-09
2.9723747334980954e-09
3.2285970771872563e-09
3.3751237481921548e-09
3.5407596993275448e-09
3.667900184967099e-09
3.7289689565345174e-09
3.7289689565345174e-09
3.667900184967099e-09
3.5407596993275448e-09
3.3751237481921548e-09
3.2285970771872563e-09
2.9723747334980954e-09
2.7939714344199507e-09
2.669116013279127e-09
2.500194929561106e-09
2.459917035693704e-09
2.094990630627236e-09
1.923885963733829e-09
1.6616291675930484e-09
1.735810497074941e-09
1.2574189736311303e-09
1.6760520922531885e-09
2.484244147199499e-09
2.6461324451054757e-09
2.3964651877511622e-09
2.526127310803483e-09
2.6024898382159822e-09
2.8848763655719978e-09
3.0042468079222173e-09
2.5331915384785297e-09
0.0016770277870818973
0.0008093557553365827
1.3858241811048888e-09
2.4567988702456356e-09
3.5318534121614453e-09
5.1529982537934504e-09
2.575776180888112e-09
1.4128311151204165e-09
3.130177107096843e-09
2.317692478909228e-09
2.9799311889594504e-09
3.4288956222983114e-09
3.828539915651241e-09
3.9991274181083725e-09
4.160894285371031e-09
4.303488988777193e-09
4.303488988777193e-09
4.160894285371031e-09
3.9991274181083725e-09
3.828539915651241e-09
3.4288956222983114e-09
2.9799311889594504e-09
2.317692478909228e-09
3.130177107096843e-09
1.4128311151204165e-09
2.575776180888112e-09
5.1529982537934504e-09
3.5318534121614453e-09
2.4567988702456356e-09
1.3858241811048888e-09
0.0008093557553365827
0.0016770277870818973
2.5331915384785297e-09
3.0042468079222173e-09
2.8848763655719978e-09
2.6024898382159822e-09
2.5646919483979236e-09
2.0408414541650544e-09
1.980389159952911e-09
0.002009172458201647
0.0016451709670946002
0.001091715763323009
0.0009814649820327759
2.506550522696216e-09
4.498412926878803e-09
6.148351792967244e-09
0.0005473832716234028
1.2655661024360554e-09
2.809230712635946e-09
5.268845255923527e-09
3.6618624799089616e-09
4.608746110440487e-09
4.568753795425318e-09
4.74383379800436e-09
4.624200328207095e-09
4.982069444492421e-09
4.982069444492421e-09
4.624200328207095e-09
4.74383379800436e-09
4.568753795425318e-09
4.608746110440487e-09
3.6618624799089616e-09
5.268845255923527e-09
2.809230712635946e-09
1.2655661024360554e-09
0.0005473832716234028
6.148351792967244e-09
4.498412926878803e-09
2.506550522696216e-09
0.0009814649820327759
0.001091715763323009
0.0016451709670946002
0.002009172458201647
1.980389159952911e-09
2.0408414541650544e-09
2.5646919483979236e-09
2.39738892800212e-09
1.1187272896256983e-09
0.001134258578531444
0.0017037750221788883
0.0015317428624257445
0.0013106653932482004
0.0011534454533830285
0.0010879370383918285
0.0019730208441615105
0.002156625036150217
0.0020771855488419533
0.0022578409407287836
0.0017867751885205507
8.697998050977152e-09
3.854039483386362e-09
5.671053036893081e-09
5.2820903033434785e-09
5.346009225581927e-09
4.891349044550131e-09
5.478477914377944e-09
5.478477914377944e-09
4.891349044550131e-09
5.346009225581927e-09
5.2820903033434785e-09
5.671053036893081e-09
3.854039483386362e-09
8.697998050977152e-09
0.0017867751885205507
0.0022578409407287836
0.0020771855488419533
0.002156625036150217
0.0019730208441615105
0.0010879370383918285
0.0011534454533830285
0.0013106653932482004
0.0015317428624257445
0.0017037750221788883
0.001134258578531444
1.1187272896256983e-09
2.39738892800212e-09
2.39738892800212e-09
1.1187272896256983e-09
0.001134258578531444
0.0017037750221788883
0.0015317428624257445
0.0013106653932482004
0.0011534454533830285
0.0010879370383918285
0.0019730208441615105
0.002156625036150217
0.0020771855488419533
0.0022578409407287836
0.0017867751885205507
8.697998050977152e-09
3.854039483386362e-09
5.671053036893081e-09
5.2820903033434785e-09
5.346009225581927e-09
4.891349044550131e-09
5.478477914377944e-09
5.478477914377944e-09
4.891349044550131e-09
5.346009225581927e-09
5.2820903033434785e-09
5.671053036893081e-09
3.854039483386362e-09
8.697998050977152e-09
0.0017867751885205507
0.0022578409407287836
0.0020771855488419533
0.002156625036150217
0.0019730208441615105
0.0010879370383918285
0.0011534454533830285
0.0013106653932482004
0.0015317428624257445
0.0017037750221788883
0.001134258578531444
1.1187272896256983e-09
2.39738892800212e-09
2.5646919483979236e-09
2.0408414541650544e-09
1.980389159952911e-09
0.002009172458201647
0.0016451709670946002
0.001091715763323009
0.0009814649820327759
2.506550522696216e-09
4.498412926878803e-09
6.148351792967244e-09
0.0005473832716234028
1.2655661024360554e-09
2.809230712635946e-09
5.268845255923527e-09
3.6618624799089616e-09
4.608746110440487e-09
4.568753795425318e-09
4.74383379800436e-09
4.624200328207095e-09
4.982069444492421e-09
4.982069444492421e-09
4.624200328207095e-09
4.74383379800436e-09
4.568753795425318e-09
4.608746110440487e-09
3.6618624799089616e-09
5.268845255923527e-09
2.809230712635946e-09
1.2655661024360554e-09
0.0005473832716234028
6.148351792967244e-09
4.498412926878803e-09
2.506550522696216e-09
0.0009814649820327759
0.001091715763323009
0.0016451709670946002
0.002009172458201647
1.980389159952911e-09
2.0408414541650544e-09
2.5646919483979236e-09
2.6024898382159822e-09
2.8848763655719978e-09
3.0042468079222173e-09
2.5331915384785297e-09
0.0016770277870818973
0.0008093557553365827
1.3858241811048888e-09
2.4567988702456356e-09
3.5318534121614453e-09
5.1529982537934504e-09
2.575776180888112e-09
1.4128311151204165e-09
3.130177107096843e-09
2.317692478909228e-09
2.9799311889594504e-09
3.4288956222983114e-09
3.828539915651241e-09
3.9991274181083725e-09
4.160894285371031e-09
4.303488988777193e-09
4.303488988777193e-09
4.160894285371031e-09
3.9991274181083725e-09
3.828539915651241e-09
3.4288956222983114e-09
2.9799311889594504e-09
2.317692478909228e-09
3.130177107096843e-09
1.4128311151204165e-09
2.575776180888112e-09
5.1529982537934504e-09
3.5318534121614453e-09
2.4567988702456356e-09
1.3858241811048888e-09
0.0008093557553365827
0.0016770277870818973
2.5331915384785297e-09
3.0042468079222173e-09
2.8848763655719978e-09
2.6024898382159822e-09
2.526127310803483e-09
2.3964651877511622e-09
2.6461324451054757e-09
2.484244147199499e-09
1.6760520922531885e-09
1.2574189736311303e-09
1.735810497074941e-09
1.6616291675930484e-09
1.923885963733829e-09
2.094990630627236e-09
2.459917035693704e-09
2.500194929561106e-09
2.669116013279127e-09
2.7939714344199507e-09
2.9723747334980954e-09
3.2285970771872563e-09
3.3751237481921548e-09
3.5407596993275448e-09
3.667900184967099e-09
3.7289689565345174e-09
3.7289689565345174e-09
3.667900184967099e-09
3.5407596993275448e-09
3.3751237481921548e-09
3.2285970771872563e-09
2.9723747334980954e-09
2.7939714344199507e-09
2.669116013279127e-09
2.500194929561106e-09
2.459917035693704e-09
2.094990630627236e-09
1.923885963733829e-09
1.6616291675930484e-09
1.735810497074941e-09
1.2574189736311303e-09
1.6760520922531885e-09
2.484244147199499e-09
2.6461324451054757e-09
2.3964651877511622e-09
2.526127310803483e-09
2.4321031300011953e-09
2.082447495693751e-09
1.849728486699731e-09
1.7387920530492762e-09
1.613602697639327e-09
1.5469047483923637e-09
1.5533526071323522e-09
1.7149199811952731e-09
1.8654361909342665e-09
2.0746299643492616e-09
2.302005157675535e-09
2.5184496415392443e-09
2.6548130013792637e-09
2.7977782850879818e-09
2.932006417169508e-09
3.059991713141863e-09
3.1706618667387554e-09
3.239249146691492e-09
3.2878161998484146e-09
3.315001485121316e-09
3.315001485121316e-09
3.2878161998484146e-09
3.239249146691492e-09
3.1706618667387554e-09
3.059991713141863e-09
2.932006417169508e-09
2.7977782850879818e-09
2.6548130013792637e-09
2.5184496415392443e-09
2.302005157675535e-09
2.0746299643492616e-09
1.8654361909342665e-09
1.7149199811952731e-09
1.5533526071323522e-09
1.5469047483923637e-09
1.613602697639327e-09
1.7387920530492762e-09
1.849728486699731e-09
2.082447495693751e-09
2.4321031300011953e-09
2.179089807902157e-09
2.0141113169641622e-09
1.7262632295844682e-09
1.5079773367510096e-09
1.608421403877236e-09
1.782055297598617e-09
1.755586886802163e-09
1.8363893305312073e-09
2.0047002252665536e-09
2.199695503871113e-09
2.4318628707997725e-09
2.534004690107894e-09
2.73368610734237e-09
2.8519916463187744e-09
3.0142422845907957e-09
3.1450202685190387e-09
3.2199828740864245e-09
3.2640422482910214e-09
3.303088922171349e-09
3.3234459021619367e-09
3.3234459021619367e-09
3.303088922171349e-09
3.2640422482910214e-09
3.2199828740864245e-09
3.1450202685190387e-09
3.0142422845907957e-09
2.8519916463187744e-09
2.73368610734237e-09
2.534004690107894e-09
2.4318628707997725e-09
2.199695503871113e-09
2.0047002252665536e-09
1.8363893305312073e-09
1.755586886802163e-09
1.782055297598617e-09
1.608421403877236e-09
1.5079773367510096e-09
1.7262632295844682e-09
2.0141113169641622e-09
2.179089807902157e-09
2.306453205508374e-09
1.8357591922285588e-09
3.1667795555995193e-09
4.225502326510311e-09
2.03826061931367e-09
1.1914170821789027e-09
1.8153418221769635e-09
2.162480697981417e-09
2.1663016432776905e-09
2.2557155796021355e-09
2.3571296824120846e-09
2.8478183353164432e-09
2.431324022320047e-09
2.8971733866123284e-09
3.1118000971136484e-09
3.31303148977391e-09
3.456528466228015e-09
3.6199548133358794e-09
3.727834447381229e-09
3.806135961959001e-09
3.806135961959001e-09
3.727834447381229e-09
3.6199548133358794e-09
3.456528466228015e-09
3.31303148977391e-09
3.1118000971136484e-09
2.8971733866123284e-09
2.431324022320047e-09
2.8478183353164432e-09
2.3571296824120846e-09
2.2557155796021355e-09
2.1663016432776905e-09
2.162480697981417e-09
1.8153418221769635e-09
1.1914170821789027e-09
2.03826061931367e-09
4.225502326510311e-09
3.1667795555995193e-09
1.8357591922285588e-09
2.306453205508374e-09
2.188744845088575e-09
3.261311793539834e-09
5.93148663866061e-09
6.058265434455423e-09
0.002007273258641362
0.0005452316254377365
1.0813149421001755e-09
2.734893041200781e-09
2.2081076116869935e-09
3.435798954370961e-09
1.6961543931534595e-09
1.7666430384560838e-09
8.188266037434389e-09
3.434742507774091e-09
3.784198215200929e-09
3.561118630882043e-09
3.876281674114468e-09
4.217188664251692e-09
4.50382136099603e-09
4.6344399672049175e-09
4.6344399672049175e-09
4.50382136099603e-09
4.217188664251692e-09
3.876281674114468e-09
3.561118630882043e-09
3.784198215200929e-09
3.434742507774091e-09
8.188266037434389e-09
1.7666430384560838e-09
1.6961543931534595e-09
3.435798954370961e-09
2.2081076116869935e-09
2.734893041200781e-09
1.0813149421001755e-09
0.0005452316254377365
0.002007273258641362
6.058265434455423e-09
5.93148663866061e-09
3.261311793539834e-09
2.188744845088575e-09
1.967107466499529e-09
3.504908169249532e-09
5.167625875823756e-09
0.0023488602600991726
0.0015055034309625626
0.001109330914914608
0.000588578695897013
3.798212612482477e-09
4.010541031218562e-09
2.712970039592255e-09
1.7705289274624891e-09
0.0006079100421629846
1.1518448521374847e-08
3.165366189647467e-09
2.5465608354674485e-09
3.1314785833846948e-09
5.78789056612794e-09
4.641113014736131e-09
5.7418549082033365e-09
5.9073796201958295e-09
5.9073796201958295e-09
5.7418549082033365e-09
4.641113014736131e-09
5.78789056612794e-09
3.1314785833846948e-09
2.5465608354674485e-09
3.165366189647467e-09
1.1518448521374847e-08
0.0006079100421629846
1.7705289274624891e-09
2.712970039592255e-09
4.010541031218562e-09
3.798212612482477e-09
0.000588578695897013
0.001109330914914608
0.0015055034309625626
0.0023488602600991726
5.167625875823756e-09
3.504908169249532e-09
1.967107466499529e-09
1.8952257298254782e-09
1.5590831577150244e-09
0.0014542483258992434
0.0014162459410727024
0.0013863150961697102
0.0012107233051210642
0.0016001921612769365
4.360974255324113e-09
6.778841377119704e-09
0.000980038894340396
0.0029152322094887495
0.0026286649517714977
0.0031353055965155363
0.0029675692785531282
0.0008669875096529722
2.3131030511130968e-09
7.500149806771716e-09
4.9306296892592805e-09
6.854248939258678e-09
6.910676024485252e-09
6.910676024485252e-09
6.854248939258678e-09
4.9306296892592805e-09
7.500149806771716e-09
2.3131030511130968e-09
0.0008669875096529722
0.0029675692785531282
0.0031353055965155363
0.0026286649517714977
0.0029152322094887495
0.000980038894340396
6.778841377119704e-09
4.360974255324113e-09
0.0016001921612769365
0.0012107233051210642
0.0013863150961697102
0.0014162459410727024
0.0014542483258992434
1.5590831577150244e-09
1.8952257298254782e-09
1.8952257298254782e-09
1.5590831577150244e-09
0.0014542483258992434
0.0014162459410727024
0.0013863150961697102
0.0012107233051210642
0.0016001921612769365
4.360974255324113e-09
6.778841377119704e-09
0.000980038894340396
0.0029152322094887495
0.0026286649517714977
0.0031353055965155363
0.0029675692785531282
0.0008669875096529722
2.3131030511130968e-09
7.500149806771716e-09
4.9306296892592805e-09
6.854248939258678e-09
6.910676024485252e-09
6.910676024485252e-09
6.854248939258678e-09
4.9306296892592805e-09
7.500149806771716e-09
2.3131030511130968e-09
0.0008669875096529722
0.0029675692785531282
0.0031353055965155363
0.0026286649517714977
0.0029152322094887495
0.000980038894340396
6.778841377119704e-09
4.360974255324113e-09
0.0016001921612769365
0.0012107233051210642
0.0013863150961697102
0.0014162459410727024
0.0014542483258992434
1.5590831577150244e-09
1.8952257298254782e-09
1.967107466499529e-09
3.504908169249532e-09
5.167625875823756e-09
0.0023488602600991726
0.0015055034309625626
0.001109330914914608
0.000588578695897013
3.798212612482477e-09
4.010541031218562e-09
2.712970039592255e-09
1.7705289274624891e-09
0.0006079100421629846
1.1518448521374847e-08
3.165366189647467e-09
2.5465608354674485e-09
3.1314785833846948e-09
5.78789056612794e-09
4.641113014736131e-09
5.7418549082033365e-09
5.9073796201958295e-09
5.9073796201958295e-09
5.7418549082033365e-09
4.641113014736131e-09
5.78789056612794e-09
3.1314785833846948e-09
2.5465608354674485e-09
3.165366189647467e-09
1.1518448521374847e-08
0.0006079100421629846
1.7705289274624891e-09
2.712970039592255e-09
4.010541031218562e-09
3.798212612482477e-09
0.000588578695897013
0.001109330914914608
0.0015055034309625626
0.0023488602600991726
5.167625875823756e-09
3.504908169249532e-09
1.967107466499529e-09
2.188744845088575e-09
3.261311793539834e-09
5.93148663866061e-09
6.058265434455423e-09
0.002007273258641362
0.0005452316254377365
1.0813149421001755e-09
2.734893041200781e-09
2.2081076116869935e-09
3.435798954370961e-09
1.6961543931534595e-09
1.7666430384560838e-09
8.188266037434389e-09
3.434742507774091e-09
3.784198215200929e-09
3.561118630882043e-09
3.876281674114468e-09
4.217188664251692e-09
4.50382136099603e-09
4.6344399672049175e-09
4.6344399672049175e-09
4.50382136099603e-09
4.217188664251692e-09
3.876281674114468e-09
3.561118630882043e-09
3.784198215200929e-09
3.434742507774091e-09
8.188266037434389e-09
1.7666430384560838e-09
1.6961543931534595e-09
3.435798954370961e-09
2.2081076116869935e-09
2.734893041200781e-09
1.0813149421001755e-09
0.0005452316254377365
0.002007273258641362
6.058265434455423e-09
5.93148663866061e-09
3.261311793539834e-09
2.188744845088575e-09
2.306453205508374e-09
1.8357591922285588e-09
3.1667795555995193e-09
4.225502326510311e-09
2.03826061931367e-09
1.1914170821789027e-09
1.8153418221769635e-09
2.162480697981417e-09
2.1663016432776905e-09
2.2557155796021355e-09
2.3571296824120846e-09
2.8478183353164432e-09
2.431324022320047e-09
2.8971733866123284e-09
3.1118000971136484e-09
3.31303148977391e-09
3.456528466228015e-09
3.6199548133358794e-09
3.727834447381229e-09
3.806135961959001e-09
3.806135961959001e-09
3.727834447381229e-09
3.6199548133358794e-09
3.456528466228015e-09
3.31303148977391e-09
3.1118000971136484e-09
2.8971733866123284e-09
2.431324022320047e-09
2.8478183353164432e-09
2.3571296824120846e-09
2.2557155796021355e-09
2.1663016432776905e-09
2.162480697981417e-09
1.8153418221769635e-09
1.1914170821789027e-09
2.03826061931367e-09
4.225502326510311e-09
3.1667795555995193e-09
1.8357591922285588e-09
2.306453205508374e-09
2.179089807902157e-09
2.0141113169641622e-09
1.7262632295844682e-09
1.5079773367510096e-09
1.608421403877236e-09
1.782055297598617e-09
1.755586886802163e-09
1.8363893305312073e-09
2.0047002252665536e-09
2.199695503871113e-09
2.4318628707997725e-09
2.534004690107894e-09
2.73368610734237e-09
2.8519916463187744e-09
3.0142422845907957e-09
3.1450202685190387e-09
3.2199828740864245e-09
3.2640422482910214e-09
3.303088922171349e-09
3.3234459021619367e-09
3.3234459021619367e-09
3.303088922171349e-09
3.2640422482910214e-09
3.2199828740864245e-09
3.1450202685190387e-09
3.0142422845907957e-09
2.8519916463187744e-09
2.73368610734237e-09
2.534004690107894e-09
2.4318628707997725e-09
2.199695503871113e-09
2.0047002252665536e-09
1.8363893305312073e-09
1.755586886802163e-09
1.782055297598617e-09
1.608421403877236e-09
1.5079773367510096e-09
1.7262632295844682e-09
2.0141113169641622e-09
2.179089807902157e-09
1.9791950196801356e-09
1.7628745685449587e-09
1.7590908113832016e-09
1.8096388103294725e-09
1.7761604903868133e-09
1.780317863617209e-09
1.9347778587586184e-09
2.0817462337285875e-09
2.18831354946436e-09
2.3787870544883516e-09
2.551622758570349e-09
2.6675604000020448e-09
2.8652444999943683e-09
2.900003804803819e-09
3.127818100009949e-09
3.2207275041384875e-09
3.27080376671951e-09
3.3163699651034273e-09
3.3645276235200194e-09
3.402808850666572e-09
3.402808850666572e-09
3.3645276235200194e-09
3.3163699651034273e-09
3.27080376671951e-09
3.2207275041384875e-09
3.127818100009949e-09
2.900003804803819e-09
2.8652444999943683e-09
2.6675604000020448e-09
2.551622758570349e-09
2.3787870544883516e-09
2.18831354946436e-09
2.0817462337285875e-09
1.9347778587586184e-09
1.780317863617209e-09
1.7761604903868133e-09
1.8096388103294725e-09
1.7590908113832016e-09
1.7628745685449587e-09
1.9791950196801356e-09
1.9374744864020244e-09
2.1158682445010513e-09
2.29597092206435e-09
2.129062117578462e-09
2.5563472779571716e-09
3.868433785109149e-09
2.667172255624295e-09
2.319748776749564e-09
2.4212123191785784e-09
2.5977291064765984e-09
2.743387765222205e-09
2.823589018846606e-09
2.461802463271656e-09
3.5546537501679465e-09
3.2213255500568305e-09
3.3856476649996026e-09
3.654276100467646e-09
3.733925061505383e-09
3.7935097771391035e-09
3.865806546404782e-09
3.865806546404782e-09
3.7935097771391035e-09
3.733925061505383e-09
3.654276100467646e-09
3.3856476649996026e-09
3.2213255500568305e-09
3.5546537501679465e-09
2.461802463271656e-09
2.823589018846606e-09
2.743387765222205e-09
2.5977291064765984e-09
2.4212123191785784e-09
2.319748776749564e-09
2.667172255624295e-09
3.868433785109149e-09
2.5563472779571716e-09
2.129062117578462e-09
2.29597092206435e-09
2.1158682445010513e-09
1.9374744864020244e-09
2.1269824009712e-09
2.334367508322055e-09
1.182456584904179e-09
0.0006027225754223764
0.001972055295482278
4.839885003188327e-09
5.027094625992268e-09
3.3158230935276256e-09
2.9486758087310383e-09
3.06541944605776e-09
2.9518262834038467e-09
3.7016800215339263e-09
9.363261901929043e-09
2.0845014082893076e-09
3.180515312922738e-09
3.939756073462197e-09
3.8161717709483955e-09
4.470948784807138e-09
4.751128743901711e-09
4.962480079639953e-09
4.962480079639953e-09
4.751128743901711e-09
4.470948784807138e-09
3.8161717709483955e-09
3.939756073462197e-09
3.180515312922738e-09
2.0845014082893076e-09
9.363261901929043e-09
3.7016800215339263e-09
2.9518262834038467e-09
3.06541944605776e-09
2.9486758087310383e-09
3.3158230935276256e-09
5.027094625992268e-09
4.839885003188327e-09
0.001972055295482278
0.0006027225754223764
1.182456584904179e-09
2.334367508322055e-09
2.1269824009712e-09
2.341123172058812e-09
1.5493025699170326e-09
0.0005907537997700274
0.0012311070458963513
0.0015254250029101968
0.0022025529760867357
4.435454607765177e-09
5.140221581712012e-09
4.371487980631139e-09
3.0224054595878735e-09
6.071682653180366e-09
3.0282432377654045e-09
1.3580165637849806e-08
0.0003866037295665592
3.806246116899725e-09
4.074470361797866e-09
1.092352944209729e-08
7.105199241463911e-09
8.705192816593765e-09
6.328122487825327e-09
6.328122487825327e-09
8.705192816593765e-09
7.105199241463911e-09
1.092352944209729e-08
4.074470361797866e-09
3.806246116899725e-09
0.0003866037295665592
1.3580165637849806e-08
3.0282432377654045e-09
6.071682653180366e-09
3.0224054595878735e-09
4.371487980631139e-09
5.140221581712012e-09
4.435454607765177e-09
0.0022025529760867357
0.0015254250029101968
0.0012311070458963513
0.0005907537997700274
1.5493025699170326e-09
2.341123172058812e-09
2.2815406248294368e-09
1.6482462096567563e-09
0.0012642806395888329
0.0014175479300320148
0.00140240543987602
0.001422636560164392
0.0015413925284519792
5.003953848503606e-09
5.139465675957355e-09
3.0110590670123782e-09
1.0379955575623434e-08
0.0012670084834098816
0.0047437287867069244
0.0027741421945393085
0.003244070103392005
0.002813462633639574
1.8635386636600693e-08
7.814999515576293e-09
1.2289854897651331e-08
7.457704592761516e-09
7.457704592761516e-09
1.2289854897651331e-08
7.814999515576293e-09
1.8635386636600693e-08
0.002813462633639574
0.003244070103392005
0.0027741421945393085
0.0047437287867069244
0.0012670084834098816
1.0379955575623434e-08
3.0110590670123782e-09
5.139465675957355e-09
5.003953848503606e-09
0.0015413925284519792
0.001422636560164392
0.00140240543987602
0.0014175479300320148
0.0012642806395888329
1.6482462096567563e-09
2.2815406248294368e-09
2.2815406248294368e-09
1.6482462096567563e-09
0.0012642806395888329
0.0014175479300320148
0.00140240543987602
0.001422636560164392
0.0015413925284519792
5.003953848503606e-09
5.139465675957355e-09
3.0110590670123782e-09
1.0379955575623434e-08
0.0012670084834098816
0.0047437287867069244
0.0027741421945393085
0.003244070103392005
0.002813462633639574
1.8635386636600693e-08
7.814999515576293e-09
1.2289854897651331e-08
7.457704592761516e-09
7.457704592761516e-09
1.2289854897651331e-08
7.814999515576293e-09
1.8635386636600693e-08
0.002813462633639574
0.003244070103392005
0.0027741421945393085
0.0047437287867069244
0.0012670084834098816
1.0379955575623434e-08
3.0110590670123782e-09
5.139465675957355e-09
5.003953848503606e-09
0.0015413925284519792
0.001422636560164392
0.00140240543987602
0.0014175479300320148
0.0012642806395888329
1.6482462096567563e-09
2.2815406248294368e-09
2.341123172058812e-09
1.5493025699170326e-09
0.0005907537997700274
0.0012311070458963513
0.0015254250029101968
0.0022025529760867357
4.435454607765177e-09
5.140221581712012e-09
4.371487980631139e-09
3.0224054595878735e-09
6.071682653180366e-09
3.0282432377654045e-09
1.3580165637849806e-08
0.0003866037295665592
3.806246116899725e-09
4.074470361797866e-09
1.092352944209729e-08
7.105199241463911e-09
8.705192816593765e-09
6.328122487825327e-09
6.328122487825327e-09
8.705192816593765e-09
7.105199241463911e-09
1.092352944209729e-08
4.074470361797866e-09
3.806246116899725e-09
0.0003866037295665592
1.3580165637849806e-08
3.0282432377654045e-09
6.071682653180366e-09
3.0224054595878735e-09
4.371487980631139e-09
5.140221581712012e-09
4.435454607765177e-09
0.0022025529760867357
0.0015254250029101968
0.0012311070458963513
0.0005907537997700274
1.5493025699170326e-09
2.341123172058812e-09
2.1269824009712e-09
2.334367508322055e-09
1.182456584904179e-09
0.0006027225754223764
0.001972055295482278
4.839885003188327e-09
5.027094625992268e-09
3.3158230935276256e-09
2.9486758087310383e-09
3.06541944605776e-09
2.9518262834038467e-09
3.7016800215339263e-09
9.363261901929043e-09
2.0845014082893076e-09
3.180515312922738e-09
3.939756073462197e-09
3.8161717709483955e-09
4.470948784807138e-09
4.751128743901711e-09
4.962480079639953e-09
4.962480079639953e-09
4.751128743901711e-09
4.470948784807138e-09
3.8161717709483955e-09
3.939756073462197e-09
3.180515312922738e-09
2.0845014082893076e-09
9.363261901929043e-09
3.7016800215339263e-09
2.9518262834038467e-09
3.06541944605776e-09
2.9486758087310383e-09
3.3158230935276256e-09
5.027094625992268e-09
4.839885003188327e-09
0.001972055295482278
0.0006027225754223764
1.182456584904179e-09
2.334367508322055e-09
2.1269824009712e-09
1.9374744864020244e-09
2.1158682445010513e-09
2.29597092206435e-09
2.129062117578462e-09
2.5563472779571716e-09
3.868433785109149e-09
2.667172255624295e-09
2.319748776749564e-09
2.4212123191785784e-09
2.5977291064765984e-09
2.743387765222205e-09
2.823589018846606e-09
2.461802463271656e-09
3.5546537501679465e-09
3.2213255500568305e-09
3.3856476649996026e-09
3.654276100467646e-09
3.733925061505383e-09
3.7935097771391035e-09
3.865806546404782e-09
3.865806546404782e-09
3.7935097771391035e-09
3.733925061505383e-09
3.654276100467646e-09
3.3856476649996026e-09
3.2213255500568305e-09
3.5546537501679465e-09
2.461802463271656e-09
2.823589018846606e-09
2.743387765222205e-09
2.5977291064765984e-09
2.4212123191785784e-09
2.319748776749564e-09
2.667172255624295e-09
3.868433785109149e-09
2.5563472779571716e-09
2.129062117578462e-09
2.29597092206435e-09
2.1158682445010513e-09
1.9374744864020244e-09
1.9791950196801356e-09
1.7628745685449587e-09
1.7590908113832016e-09
1.8096388103294725e-09
1.7761604903868133e-09
1.780317863617209e-09
1.9347778587586184e-09
2.0817462337285875e-09
2.18831354946436e-09
2.3787870544883516e-09
2.551622758570349e-09
2.6675604000020448e-09
2.8652444999943683e-09
2.900003804803819e-09
3.127818100009949e-09
3.2207275041384875e-09
3.27080376671951e-09
3.3163699651034273e-09
3.3645276235200194e-09
3.402808850666572e-09
3.402808850666572e-09
3.3645276235200194e-09
3.3163699651034273e-09
3.27080376671951e-09
3.2207275041384875e-09
3.127818100009949e-09
2.900003804803819e-09
2.8652444999943683e-09
2.6675604000020448e-09
2.551622758570349e-09
2.3787870544883516e-09
2.18831354946436e-09
2.0817462337285875e-09
1.9347778587586184e-09
1.780317863617209e-09
1.7761604903868133e-09
1.8096388103294725e-09
1.7590908113832016e-09
1.7628745685449587e-09
1.9791950196801356e-09
1.7669779485071646e-09
1.6187371538675666e-09
1.480302100516362e-09
1.5594201277502329e-09
1.9315796791902207e-09
2.1004706220878466e-09
2.2178368083020095e-09
2.2179441443170855e-09
2.372137208883629e-09
2.542304040897836e-09
2.6901625458514156e-09
2.828364062054667e-09
2.9284422109476793e-09
3.0422190374496116e-09
3.1727311750051612e-09
3.2082910546987753e-09
3.275703276336972e-09
3.3354577780309036e-09
3.395294679089944e-09
3.460051255926855e-09
3.460051255926855e-09
3.395294679089944e-09
3.3354577780309036e-09
3.275703276336972e-09
3.2082910546987753e-09
3.1727311750051612e-09
3.0422190374496116e-09
2.9284422109476793e-09
2.828364062054667e-09
2.6901625458514156e-09
2.542304040897836e-09
2.372137208883629e-09
2.2179441443170855e-09
2.2178368083020095e-09
2.1004706220878466e-09
1.9315796791902207e-09
1.5594201277502329e-09
1.480302100516362e-09
1.6187371538675666e-09
1.7669779485071646e-09
1.702089641106297e-09
1.428061661978841e-09
1.172196888166166e-09
1.451419388322217e-09
2.56984386028114e-09
3.847875577195348e-09
2.535113612089912e-09
2.5472128746539813e-09
2.623740200796698e-09
2.8521813816989594e-09
3.0068514952213965e-09
2.9293774437416653e-09
3.120313903093308e-09
3.281581603675754e-09
3.16533257938012e-09
3.5788058714431026e-09
3.793711438743186e-09
3.870890153551132e-09
4.0952397722948675e-09
4.265877148051933e-09
4.265877148051933e-09
4.0952397722948675e-09
3.870890153551132e-09
3.793711438743186e-09
3.5788058714431026e-09
3.16533257938012e-09
3.281581603675754e-09
3.120313903093308e-09
2.9293774437416653e-09
3.0068514952213965e-09
2.8521813816989594e-09
2.623740200796698e-09
2.5472128746539813e-09
2.535113612089912e-09
3.847875577195348e-09
2.56984386028114e-09
1.451419388322217e-09
1.172196888166166e-09
1.428061661978841e-09
1.702089641106297e-09
1.7472721403413716e-09
1.1289154290203274e-09
6.45612794995809e-10
0.0008710130932740867
0.0015690205618739128
3.3481780715993725e-09
4.141378212585423e-09
2.5807086502516174e-09
3.105696906244293e-09
3.367956521310722e-09
3.4552022701306306e-09
3.5984876103206664e-09
3.6430984097501895e-09
3.1892615718481787e-09
4.226944749080586e-09
4.1895601571306784e-09
4.865041963036942e-09
5.005328616858318e-09
4.5589712560634155e-09
5.1110348592287025e-09
5.1110348592287025e-09
4.5589712560634155e-09
5.005328616858318e-09
4.865041963036942e-09
4.1895601571306784e-09
4.226944749080586e-09
3.1892615718481787e-09
3.6430984097501895e-09
3.5984876103206664e-09
3.4552022701306306e-09
3.367956521310722e-09
3.105696906244293e-09
2.5807086502516174e-09
4.141378212585423e-09
3.3481780715993725e-09
0.0015690205618739128
0.0008710130932740867
6.45612794995809e-10
1.1289154290203274e-09
1.7472721403413716e-09
2.1217008185081543e-09
1.3504542536318942e-09
0.0008817117195576429
0.0012273788452148438
0.0016407479997724295
0.0018947517964988947
3.0893130935349955e-09
3.797817529210823e-09
3.964108988979698e-09
4.1035356536378575e-09
5.031281814782407e-09
3.7237491735953032e-09
9.190915389867271e-09
2.980402166383178e-09
5.681555052816645e-09
4.258860191591607e-09
5.689855704649194e-09
4.284956070521595e-09
9.415327892337011e-09
1.0426881580372083e-08
1.0426881580372083e-08
9.415327892337011e-09
4.284956070521595e-09
5.689855704649194e-09
4.258860191591607e-09
5.681555052816645e-09
2.980402166383178e-09
9.190915389867271e-09
3.7237491735953032e-09
5.031281814782407e-09
4.1035356536378575e-09
3.964108988979698e-09
3.797817529210823e-09
3.0893130935349955e-09
0.0018947517964988947
0.0016407479997724295
0.0012273788452148438
0.0008817117195576429
1.3504542536318942e-09
2.1217008185081543e-09
2.686731479656368e-09
2.303062905315012e-09
0.0014056419022381306
0.0015073551330715418
0.0015731191961094737
0.0016865691868588328
0.0010785567574203014
4.642324285403232e-09
4.868275053915294e-09
4.7824561151543765e-09
5.9511371525156065e-09
3.7128082726323175e-09
1.8101225379707486e-08
0.002842386020347476
0.0035213420633226633
0.003305263351649046
0.004628484137356281
0.0014434527838602662
1.2354162831629267e-08
1.2849454139596261e-08
1.2849454139596261e-08
1.2354162831629267e-08
0.0014434527838602662
0.004628484137356281
0.003305263351649046
0.0035213420633226633
0.002842386020347476
1.8101225379707486e-08
3.7128082726323175e-09
5.9511371525156065e-09
4.7824561151543765e-09
4.868275053915294e-09
4.642324285403232e-09
0.0010785567574203014
0.0016865691868588328
0.0015731191961094737
0.0015073551330715418
0.0014056419022381306
2.303062905315012e-09
2.686731479656368e-09
2.686731479656368e-09
2.303062905315012e-09
0.0014056419022381306
0.0015073551330715418
0.0015731191961094737
0.0016865691868588328
0.0010785567574203014
4.642324285403232e-09
4.868275053915294e-09
4.7824561151543765e-09
5.9511371525156065e-09
3.7128082726323175e-09
1.8101225379707486e-08
0.002842386020347476
0.0035213420633226633
0.003305263351649046
0.004628484137356281
0.0014434527838602662
1.2354162831629267e-08
1.2849454139596261e-08
1.2849454139596261e-08
1.2354162831629267e-08
0.0014434527838602662
0.004628484137356281
0.003305263351649046
0.0035213420633226633
0.002842386020347476
1.8101225379707486e-08
3.7128082726323175e-09
5.9511371525156065e-09
4.7824561151543765e-09
4.868275053915294e-09
4.642324285403232e-09
0.0010785567574203014
0.0016865691868588328
0.0015731191961094737
0.0015073551330715418
0.0014056419022381306
2.303062905315012e-09
2.686731479656368e-09
2.1217008185081543e-09
1.3504542536318942e-09
0.0008817117195576429
0.0012273788452148438
0.0016407479997724295
0.0018947517964988947
3.0893130935349955e-09
3.797817529210823e-09
3.964108988979698e-09
4.1035356536378575e-09
5.031281814782407e-09
3.7237491735953032e-09
9.190915389867271e-09
2.980402166383178e-09
5.681555052816645e-09
4.258860191591607e-09
5.689855704649194e-09
4.284956070521595e-09
9.415327892337011e-09
1.0426881580372083e-08
1.0426881580372083e-08
9.415327892337011e-09
4.284956070521595e-09
5.689855704649194e-09
4.258860191591607e-09
5.681555052816645e-09
2.980402166383178e-09
9.190915389867271e-09
3.7237491735953032e-09
5.031281814782407e-09
4.1035356536378575e-09
3.964108988979698e-09
3.797817529210823e-09
3.0893130935349955e-09
0.0018947517964988947
0.0016407479997724295
0.0012273788452148438
0.0008817117195576429
1.3504542536318942e-09
2.1217008185081543e-09
1.7472721403413716e-09
1.1289154290203274e-09
6.45612794995809e-10
0.0008710130932740867
0.0015690205618739128
3.3481780715993725e-09
4.141378212585423e-09
2.5807086502516174e-09
3.105696906244293e-09
3.367956521310722e-09
3.4552022701306306e-09
3.5984876103206664e-09
3.6430984097501895e-09
3.1892615718481787e-09
4.226944749080586e-09
4.1895601571306784e-09
4.865041963036942e-09
5.005328616858318e-09
4.5589712560634155e-09
5.1110348592287025e-09
5.1110348592287025e-09
4.5589712560634155e-09
5.005328616858318e-09
4.865041963036942e-09
4.1895601571306784e-09
4.226944749080586e-09
3.1892615718481787e-09
3.6430984097501895e-09
3.5984876103206664e-09
3.4552022701306306e-09
3.367956521310722e-09
3.105696906244293e-09
2.5807086502516174e-09
4.141378212585423e-09
3.3481780715993725e-09
0.0015690205618739128
0.0008710130932740867
6.45612794995809e-10
1.1289154290203274e-09
1.7472721403413716e-09
1.702089641106297e-09
1.428061661978841e-09
1.172196888166166e-09
1.451419388322217e-09
2.56984386028114e-09
3.847875577195348e-09
2.535113612089912e-09
2.5472128746539813e-09
2.623740200796698e-09
2.8521813816989594e-09
3.0068514952213965e-09
2.9293774437416653e-09
3.120313903093308e-09
3.281581603675754e-09
3.16533257938012e-09
3.5788058714431026e-09
3.793711438743186e-09
3.870890153551132e-09
4.0952397722948675e-09
4.265877148051933e-09
4.265877148051933e-09
4.0952397722948675e-09
3.870890153551132e-09
3.793711438743186e-09
3.5788058714431026e-09
3.16533257938012e-09
3.281581603675754e-09
3.120313903093308e-09
2.9293774437416653e-09
3.0068514952213965e-09
2.8521813816989594e-09
2.623740200796698e-09
2.5472128746539813e-09
2.535113612089912e-09
3.847875577195348e-09
2.56984386028114e-09
1.451419388322217e-09
1.172196888166166e-09
1.428061661978841e-09
1.702089641106297e-09
1.7669779485071646e-09
1.6187371538675666e-09
1.480302100516362e-09
1.5594201277502329e-09
1.9315796791902207e-09
2.1004706220878466e-09
2.2178368083020095e-09
2.2179441443170855e-09
2.372137208883629e-09
2.542304040897836e-09
2.6901625458514156e-09
2.828364062054667e-09
2.9284422109476793e-09
3.0422190374496116e-09
3.1727311750051612e-09
3.2082910546987753e-09
3.275703276336972e-09
3.3354577780309036e-09
3.395294679089944e-09
3.460051255926855e-09
3.460051255926855e-09
3.395294679089944e-09
3.3354577780309036e-09
3.275703276336972e-09
3.2082910546987753e-09
3.1727311750051612e-09
3.0422190374496116e-09
2.9284422109476793e-09
2.828364062054667e-09
2.6901625458514156e-09
2.542304040897836e-09
2.372137208883629e-09
2.2179441443170855e-09
2.2178368083020095e-09
2.1004706220878466e-09
1.9315796791902207e-09
1.5594201277502329e-09
1.480302100516362e-09
1.6187371538675666e-09
1.7669779485071646e-09
1.5958819552311376e-09
1.4505070321940705e-09
1.3345557298150013e-09
1.4649531587807019e-09
1.911295557585624e-09
2.2171227527512105e-09
2.4544381284352657e-09
2.4346271526587415e-09
2.5357602302655824e-09
2.68941683159718e-09
2.8474150121082786e-09
2.9657758453954797e-09
3.035157411859779e-09
3.088109412283102e-09
3.113681838404214e-09
3.1314859559594677e-09
3.1635455973594295e-09
3.291786765044491e-09
3.3663466979250156e-09
3.4290348338572585e-09
3.4290348338572585e-09
3.3663466979250156e-09
3.291786765044491e-09
3.1635455973594295e-09
3.1314859559594677e-09
3.113681838404214e-09
3.088109412283102e-09
3.035157411859779e-09
2.9657758453954797e-09
2.8474150121082786e-09
2.68941683159718e-09
2.5357602302655824e-09
2.4346271526587415e-09
2.4544381284352657e-09
2.2171227527512105e-09
1.911295557585624e-09
1.4649531587807019e-09
1.3345557298150013e-09
1.4505070321940705e-09
1.5958819552311376e-09
1.5702027351960357e-09
1.3610803022839901e-09
1.2837760368644702e-09
1.5215353933381581e-09
2.3849073757520323e-09
3.8520822816245914e-09
2.932579092757015e-09
2.858602243804853e-09
2.858917096115743e-09
3.0481034363205595e-09
3.103327490816543e-09
3.1624904518051666e-09
3.318227637105764e-09
3.300941985029393e-09
3.300551021725995e-09
3.5458296455265215e-09
3.8306103081198195e-09
3.495981932763459e-09
3.755036212527152e-09
4.08754627367891e-09
4.08754627367891e-09
3.755036212527152e-09
3.495981932763459e-09
3.8306103081198195e-09
3.5458296455265215e-09
3.300551021725995e-09
3.300941985029393e-09
3.318227637105764e-09
3.1624904518051666e-09
3.103327490816543e-09
3.0481034363205595e-09
2.858917096115743e-09
2.858602243804853e-09
2.932579092757015e-09
3.8520822816245914e-09
2.3849073757520323e-09
1.5215353933381581e-09
1.2837760368644702e-09
1.3610803022839901e-09
1.5702027351960357e-09
1.4738416650311725e-09
1.0797170449383664e-09
1.0178942107599842e-09
0.0010290654608979821
0.0013006757944822311
3.1243516888240785e-09
5.130822416238301e-09
3.3680666762514466e-09
3.386441300989862e-09
3.6844520490131316e-09
3.676558623516568e-09
3.5832018775716623e-09
3.790261073749468e-09
3.7056924369338606e-09
3.4913862165947274e-09
3.993028130366838e-09
5.045322232916094e-09
9.095935810110589e-09
1.0404374410633022e-08
9.453330479525235e-09
9.453330479525235e-09
1.0404374410633022e-08
9.095935810110589e-09
5.045322232916094e-09
3.993028130366838e-09
3.4913862165947274e-09
3.7056924369338606e-09
3.790261073749468e-09
3.5832018775716623e-09
3.676558623516568e-09
3.6844520490131316e-09
3.386441300989862e-09
3.3680666762514466e-09
5.130822416238301e-09
3.1243516888240785e-09
0.0013006757944822311
0.0010290654608979821
1.0178942107599842e-09
1.0797170449383664e-09
1.4738416650311725e-09
2.6526135888521596e-09
3.6508695372416966e-09
0.0012166291708126664
0.0012038262793794274
0.00143139879219234
0.0017244912451133132
3.393690710395969e-09
4.551802511298941e-09
4.640760432189639e-09
4.475979482887471e-09
4.749690224459258e-09
4.355101782677062e-09
6.266429649487426e-09
4.8105837889556025e-09
2.406156437290141e-09
3.7231086269517988e-09
4.06067107022734e-09
1.0348616061306437e-08
8.35853001396325e-09
6.1803795588233346e-09
6.1803795588233346e-09
8.35853001396325e-09
1.0348616061306437e-08
4.06067107022734e-09
3.7231086269517988e-09
2.406156437290141e-09
4.8105837889556025e-09
6.266429649487426e-09
4.355101782677062e-09
4.749690224459258e-09
4.475979482887471e-09
4.640760432189639e-09
4.551802511298941e-09
3.393690710395969e-09
0.0017244912451133132
0.00143139879219234
0.0012038262793794274
0.0012166291708126664
3.6508695372416966e-09
2.6526135888521596e-09
3.486735206115199e-09
7.124399160896022e-09
0.0018544427584856749
0.0013163036201149225
0.0015275247860699892
0.0016809046501293778
0.0007705059251748025
5.393881521986721e-09
6.054990710213648e-09
5.023754415939274e-09
5.749153757228509e-09
5.1959742931873e-09
7.821904582372419e-09
3.6284952906889822e-09
0.0008817645139060915
0.0033728976268321276
0.00300862779840827
0.003310784697532654
0.002963796490803361
0.0007648328901268542
0.0007648328901268542
0.002963796490803361
0.003310784697532654
0.00300862779840827
0.0033728976268321276
0.0008817645139060915
3.6284952906889822e-09
7.821904582372419e-09
5.1959742931873e-09
5.749153757228509e-09
5.023754415939274e-09
6.054990710213648e-09
5.393881521986721e-09
0.0007705059251748025
0.0016809046501293778
0.0015275247860699892
0.0013163036201149225
0.0018544427584856749
7.124399160896022e-09
3.486735206115199e-09
3.486735206115199e-09
7.124399160896022e-09
0.0018544427584856749
0.0013163036201149225
0.0015275247860699892
0.0016809046501293778
0.0007705059251748025
5.393881521986721e-09
6.054990710213648e-09
5.023754415939274e-09
5.749153757228509e-09
5.1959742931873e-09
7.821904582372419e-09
3.6284952906889822e-09
0.0008817645139060915
0.0033728976268321276
0.00300862779840827
0.003310784697532654
0.002963796490803361
0.0007648328901268542
0.0007648328901268542
0.002963796490803361
0.003310784697532654
0.00300862779840827
0.0033728976268321276
0.0008817645139060915
3.6284952906889822e-09
7.821904582372419e-09
5.1959742931873e-09
5.749153757228509e-09
5.023754415939274e-09
6.054990710213648e-09
5.393881521986721e-09
0.0007705059251748025
0.0016809046501293778
0.0015275247860699892
0.0013163036201149225
0.0018544427584856749
7.124399160896022e-09
3.486735206115199e-09
2.6526135888521596e-09
3.6508695372416966e-09
0.0012166291708126664
0.0012038262793794274
0.00143139879219234
0.0017244912451133132
3.393690710395969e-09
4.551802511298941e-09
4.640760432189639e-09
4.475979482887471e-09
4.749690224459258e-09
4.355101782677062e-09
6.266429649487426e-09
4.8105837889556025e-09
2.406156437290141e-09
3.7231086269517988e-09
4.06067107022734e-09
1.0348616061306437e-08
8.35853001396325e-09
6.1803795588233346e-09
6.1803795588233346e-09
8.35853001396325e-09
1.0348616061306437e-08
4.06067107022734e-09
3.7231086269517988e-09
2.406156437290141e-09
4.8105837889556025e-09
6.266429649487426e-09
4.355101782677062e-09
4.749690224459258e-09
4.475979482887471e-09
4.640760432189639e-09
4.551802511298941e-09
3.393690710395969e-09
0.0017244912451133132
0.00143139879219234
0.0012038262793794274
0.0012166291708126664
3.6508695372416966e-09
2.6526135888521596e-09
1.4738416650311725e-09
1.0797170449383664e-09
1.0178942107599842e-09
0.0010290654608979821
0.0013006757944822311
3.1243516888240785e-09
5.130822416238301e-09
3.3680666762514466e-09
3.386441300989862e-09
3.6844520490131316e-09
3.676558623516568e-09
3.5832018775716623e-09
3.790261073749468e-09
3.7056924369338606e-09
3.4913862165947274e-09
3.993028130366838e-09
5.045322232916094e-09
9.095935810110589e-09
1.0404374410633022e-08
9.453330479525235e-09
9.453330479525235e-09
1.0404374410633022e-08
9.095935810110589e-09
5.045322232916094e-09
3.993028130366838e-09
3.4913862165947274e-09
3.7056924369338606e-09
3.790261073749468e-09
3.5832018775716623e-09
3.676558623516568e-09
3.6844520490131316e-09
3.386441300989862e-09
3.3680666762514466e-09
5.130822416238301e-09
3.1243516888240785e-09
0.0013006757944822311
0.0010290654608979821
1.0178942107599842e-09
1.0797170449383664e-09
1.4738416650311725e-09
1.5702027351960357e-09
1.3610803022839901e-09
1.2837760368644702e-09
1.5215353933381581e-09
2.3849073757520323e-09
3.8520822816245914e-09
2.932579092757015e-09
2.858602243804853e-09
2.858917096115743e-09
3.0481034363205595e-09
3.103327490816543e-09
3.1624904518051666e-09
3.318227637105764e-09
3.300941985029393e-09
3.300551021725995e-09
3.5458296455265215e-09
3.8306103081198195e-09
3.495981932763459e-09
3.755036212527152e-09
4.08754627367891e-09
4.08754627367891e-09
3.755036212527152e-09
3.495981932763459e-09
3.8306103081198195e-09
3.5458296455265215e-09
3.300551021725995e-09
3.300941985029393e-09
3.318227637105764e-09
3.1624904518051666e-09
3.103327490816543e-09
3.0481034363205595e-09
2.858917096115743e-09
2.858602243804853e-09
2.932579092757015e-09
3.8520822816245914e-09
2.3849073757520323e-09
1.5215353933381581e-09
1.2837760368644702e-09
1.3610803022839901e-09
1.5702027351960357e-09
1.5958819552311376e-09
1.4505070321940705e-09
1.3345557298150013e-09
1.4649531587807019e-09
1.911295557585624e-09
2.2171227527512105e-09
2.4544381284352657e-09
2.4346271526587415e-09
2.5357602302655824e-09
2.68941683159718e-09
2.8474150121082786e-09
2.9657758453954797e-09
3.035157411859779e-09
3.088109412283102e-09
3.113681838404214e-09
3.1314859559594677e-09
3.1635455973594295e-09
3.291786765044491e-09
3.3663466979250156e-09
3.4290348338572585e-09
3.4290348338572585e-09
3.3663466979250156e-09
3.291786765044491e-09
3.1635455973594295e-09
3.1314859559594677e-09
3.113681838404214e-09
3.088109412283102e-09
3.035157411859779e-09
2.9657758453954797e-09
2.8474150121082786e-09
2.68941683159718e-09
2.5357602302655824e-09
2.4346271526587415e-09
2.4544381284352657e-09
2.2171227527512105e-09
1.911295557585624e-09
1.4649531587807019e-09
1.3345557298150013e-09
1.4505070321940705e-09
1.5958819552311376e-09
1.4931749413304995e-09
1.4523357559984018e-09
1.4096892056447707e-09
1.519118273014819e-09
1.8844684927105115e-09
2.184746524316883e-09
2.5386877929717278e-09
2.616231233390498e-09
2.7248041063049344e-09
2.8580506017394924e-09
2.9881041217760806e-09
3.0825992800020963e-09
3.129703310747467e-09
3.0873788768592814e-09
3.034138912338946e-09
2.9822609225876873e-09
3.010417653007136e-09
3.134128590334684e-09
3.2067556075821013e-09
3.276175337962872e-09
3.276175337962872e-09
3.2067556075821013e-09
3.134128590334684e-09
3.010417653007136e-09
2.9822609225876873e-09
3.034138912338946e-09
3.0873788768592814e-09
3.129703310747467e-09
3.0825992800020963e-09
2.9881041217760806e-09
2.8580506017394924e-09
2.7248041063049344e-09
2.616231233390498e-09
2.5386877929717278e-09
2.184746524316883e-09
1.8844684927105115e-09
1.519118273014819e-09
1.4096892056447707e-09
1.4523357559984018e-09
1.4931749413304995e-09
1.5998251985324674e-09
1.5189225745226853e-09
1.483344697073008e-09
1.560999701895327e-09
2.25664929451308e-09
3.735987214037451e-09
3.0252883531645125e-09
3.1513064727151097e-09
3.112870855179195e-09
3.252244393930903e-09
3.3406647673844825e-09
3.3967138997337276e-09
3.39050597493451e-09
3.3841037611059832e-09
3.2359310543628172e-09
3.3766735067775056e-09
3.4131206975290818e-09
3.2213856148571862e-09
3.6179329931246285e-09
3.663702154155235e-09
3.663702154155235e-09
3.6179329931246285e-09
3.2213856148571862e-09
3.4131206975290818e-09
3.3766735067775056e-09
3.2359310543628172e-09
3.3841037611059832e-09
3.39050597493451e-09
3.3967138997337276e-09
3.3406647673844825e-09
3.252244393930903e-09
3.112870855179195e-09
3.1513064727151097e-09
3.0252883531645125e-09
3.735987214037451e-09
2.25664929451308e-09
1.560999701895327e-09
1.483344697073008e-09
1.5189225745226853e-09
1.5998251985324674e-09
1.8807171531937117e-09
1.7032970086455768e-09
1.359214173504708e-09
0.001156445941887796
0.0012108798837289214
2.9056655085485383e-09
5.044290939809626e-09
3.604516208080555e-09
3.8135571089892295e-09
3.887779421313242e-09
3.879064170569935e-09
3.912298002922698e-09
3.936530355158618e-09
3.655841688404715e-09
3.81672601509897e-09
3.185298379226875e-09
4.59362322485779e-09
7.040895644294665e-09
6.052065966433151e-09
3.799774730972594e-09
3.799774730972594e-09
6.052065966433151e-09
7.040895644294665e-09
4.59362322485779e-09
3.185298379226875e-09
3.81672601509897e-09
3.655841688404715e-09
3.936530355158618e-09
3.912298002922698e-09
3.879064170569935e-09
3.887779421313242e-09
3.8135571089892295e-09
3.604516208080555e-09
5.044290939809626e-09
2.9056655085485383e-09
0.0012108798837289214
0.001156445941887796
1.359214173504708e-09
1.7032970086455768e-09
1.8807171531937117e-09
2.0702591117111036e-09
1.6728965218301695e-09
0.001362625160254538
0.0012925147311761975
0.0013212545309215784
0.0016487386310473084
7.3146618970176824e-09
6.02932157325875e-09
5.029932633598966e-09
4.759332251219606e-09
4.489599664259103e-09
4.487070871111998e-09
4.661473464173671e-09
5.290599555674014e-09
3.2488499737692855e-09
6.251710087112894e-09
3.5665702162457347e-09
8.22683848128447e-09
0.0008328169351443648
0.00100999407004565
0.00100999407004565
0.0008328169351443648
8.22683848128447e-09
3.5665702162457347e-09
6.251710087112894e-09
3.2488499737692855e-09
5.290599555674014e-09
4.661473464173671e-09
4.487070871111998e-09
4.489599664259103e-09
4.759332251219606e-09
5.029932633598966e-09
6.02932157325875e-09
7.3146618970176824e-09
0.0016487386310473084
0.0013212545309215784
0.0012925147311761975
0.001362625160254538
1.6728965218301695e-09
2.0702591117111036e-09
1.7914967469570553e-09
0.0006053301622159779
0.0013774052495136857
0.0014008672442287207
0.001369162229821086
0.0023069502785801888
9.042726636931953e-09
7.918049896304957e-09
6.248723760649e-09
5.444606571147759e-09
4.9283810539535455e-09
4.857170221583829e-09
5.353683208558779e-09
6.214762645478933e-09
2.4405904814478463e-09
1.0834368124879035e-08
0.0021161423064768314
0.0021415981464087963
0.0017948060994967818
0.0018075843108817935
0.0018075843108817935
0.0017948060994967818
0.0021415981464087963
0.0021161423064768314
1.0834368124879035e-08
2.4405904814478463e-09
6.214762645478933e-09
5.353683208558779e-09
4.857170221583829e-09
4.9283810539535455e-09
5.444606571147759e-09
6.248723760649e-09
7.918049896304957e-09
9.042726636931953e-09
0.0023069502785801888
0.001369162229821086
0.0014008672442287207
0.0013774052495136857
0.0006053301622159779
1.7914967469570553e-09
1.7914967469570553e-09
0.0006053301622159779
0.0013774052495136857
0.0014008672442287207
0.001369162229821086
0.0023069502785801888
9.042726636931953e-09
7.918049896304957e-09
6.248723760649e-09
5.444606571147759e-09
4.9283810539535455e-09
4.857170221583829e-09
5.353683208558779e-09
6.214762645478933e-09
2.4405904814478463e-09
1.0834368124879035e-08
0.0021161423064768314
0.0021415981464087963
0.0017948060994967818
0.0018075843108817935
0.0018075843108817935
0.0017948060994967818
0.0021415981464087963
0.0021161423064768314
1.0834368124879035e-08
2.4405904814478463e-09
6.214762645478933e-09
5.353683208558779e-09
4.857170221583829e-09
4.9283810539535455e-09
5.444606571147759e-09
6.248723760649e-09
7.918049896304957e-09
9.042726636931953e-09
0.0023069502785801888
0.001369162229821086
0.0014008672442287207
0.0013774052495136857
0.0006053301622159779
1.7914967469570553e-09
2.0702591117111036e-09
1.6728965218301695e-09
0.001362625160254538
0.0012925147311761975
0.0013212545309215784
0.0016487386310473084
7.3146618970176824e-09
6.02932157325875e-09
5.029932633598966e-09
4.759332251219606e-09
4.489599664259103e-09
4.487070871111998e-09
4.661473464173671e-09
5.290599555674014e-09
3.2488499737692855e-09
6.251710087112894e-09
3.5665702162457347e-09
8.22683848128447e-09
0.0008328169351443648
0.00100999407004565
0.00100999407004565
0.0008328169351443648
8.22683848128447e-09
3.5665702162457347e-09
6.251710087112894e-09
3.2488499737692855e-09
5.290599555674014e-09
4.661473464173671e-09
4.487070871111998e-09
4.489599664259103e-09
4.759332251219606e-09
5.029932633598966e-09
6.02932157325875e-09
7.3146618970176824e-09
0.0016487386310473084
0.0013212545309215784
0.0012925147311761975
0.001362625160254538
1.6728965218301695e-09
2.0702591117111036e-09
1.8807171531937117e-09
1.7032970086455768e-09
1.359214173504708e-09
0.001156445941887796
0.0012108798837289214
2.9056655085485383e-09
5.044290939809626e-09
3.604516208080555e-09
3.8135571089892295e-09
3.887779421313242e-09
3.879064170569935e-09
3.912298002922698e-09
3.936530355158618e-09
3.655841688404715e-09
3.81672601509897e-09
3.185298379226875e-09
4.59362322485779e-09
7.040895644294665e-09
6.052065966433151e-09
3.799774730972594e-09
3.799774730972594e-09
6.052065966433151e-09
7.040895644294665e-09
4.59362322485779e-09
3.185298379226875e-09
3.81672601509897e-09
3.655841688404715e-09
3.936530355158618e-09
3.912298002922698e-09
3.879064170569935e-09
3.887779421313242e-09
3.8135571089892295e-09
3.604516208080555e-09
5.044290939809626e-09
2.9056655085485383e-09
0.0012108798837289214
0.001156445941887796
1.359214173504708e-09
1.7032970086455768e-09
1.8807171531937117e-09
1.5998251985324674e-09
1.5189225745226853e-09
1.483344697073008e-09
1.560999701895327e-09
2.25664929451308e-09
3.735987214037451e-09
3.0252883531645125e-09
3.1513064727151097e-09
3.112870855179195e-09
3.252244393930903e-09
3.3406647673844825e-09
3.3967138997337276e-09
3.39050597493451e-09
3.3841037611059832e-09
3.2359310543628172e-09
3.3766735067775056e-09
3.4131206975290818e-09
3.2213856148571862e-09
3.6179329931246285e-09
3.663702154155235e-09
3.663702154155235e-09
3.6179329931246285e-09
3.2213856148571862e-09
3.4131206975290818e-09
3.3766735067775056e-09
3.2359310543628172e-09
3.3841037611059832e-09
3.39050597493451e-09
3.3967138997337276e-09
3.3406647673844825e-09
3.252244393930903e-09
3.112870855179195e-09
3.1513064727151097e-09
3.0252883531645125e-09
3.735987214037451e-09
2.25664929451308e-09
1.560999701895327e-09
1.483344697073008e-09
1.5189225745226853e-09
1.5998251985324674e-09
1.4931749413304995e-09
1.4523357559984018e-09
1.4096892056447707e-09
1.519118273014819e-09
1.8844684927105115e-09
2.184746524316883e-09
2.5386877929717278e-09
2.616231233390498e-09
2.7248041063049344e-09
2.8580506017394924e-09
2.9881041217760806e-09
3.0825992800020963e-09
3.129703310747467e-09
3.0873788768592814e-09
3.034138912338946e-09
2.9822609225876873e-09
3.010417653007136e-09
3.134128590334684e-09
3.2067556075821013e-09
3.276175337962872e-09
3.276175337962872e-09
3.2067556075821013e-09
3.134128590334684e-09
3.010417653007136e-09
2.9822609225876873e-09
3.034138912338946e-09
3.0873788768592814e-09
3.129703310747467e-09
3.0825992800020963e-09
2.9881041217760806e-09
2.8580506017394924e-09
2.7248041063049344e-09
2.616231233390498e-09
2.5386877929717278e-09
2.184746524316883e-09
1.8844684927105115e-09
1.519118273014819e-09
1.4096892056447707e-09
1.4523357559984018e-09
1.4931749413304995e-09
1.4118505626756206e-09
1.4862396252937615e-09
1.5399611924191148e-09
1.618076007382785e-09
1.8696595920769665e-09
2.106013280434027e-09
2.536487296242451e-09
2.750183978120213e-09
2.9156169666089138e-09
3.0475730446177796e-09
3.1467732065915133e-09
3.19925574747415e-09
3.1744979908654436e-09
3.084965225982894e-09
2.9473628399001583e-09
2.8414597064152503e-09
2.848947640299304e-09
2.9558341451546566e-09
3.031697289046509e-09
3.087867635198638e-09
3.087867635198638e-09
3.031697289046509e-09
2.9558341451546566e-09
2.848947640299304e-09
2.8414597064152503e-09
2.9473628399001583e-09
3.084965225982894e-09
3.1744979908654436e-09
3.19925574747415e-09
3.1467732065915133e-09
3.0475730446177796e-09
2.9156169666089138e-09
2.750183978120213e-09
2.536487296242451e-09
2.106013280434027e-09
1.8696595920769665e-09
1.618076007382785e-09
1.5399611924191148e-09
1.4862396252937615e-09
1.4118505626756206e-09
1.653122083666858e-09
1.8031810853497143e-09
1.7420581036736715e-09
1.5999961772150684e-09
2.129165550465717e-09
3.5851538751630052e-09
2.8849622343840586e-09
3.221028261821135e-09
3.380084406812145e-09
3.4715526894130155e-09
3.5398199128844343e-09
3.5550481829182967e-09
3.5414527213561975e-09
3.426673007844716e-09
3.284618453960886e-09
3.106811466077608e-09
3.075652579842547e-09
2.995480599676803e-09
3.1503070551525125e-09
2.9581137886425246e-09
2.9581137886425246e-09
3.1503070551525125e-09
2.995480599676803e-09
3.075652579842547e-09
3.106811466077608e-09
3.284618453960886e-09
3.426673007844716e-09
3.5414527213561975e-09
3.5550481829182967e-09
3.5398199128844343e-09
3.4715526894130155e-09
3.380084406812145e-09
3.221028261821135e-09
2.8849622343840586e-09
3.5851538751630052e-09
2.129165550465717e-09
1.5999961772150684e-09
1.7420581036736715e-09
1.8031810853497143e-09
1.653122083666858e-09
2.0174998824340484e-09
2.1198199445793264e-09
1.7460863484253242e-09
0.001296857837587595
0.001111918711103499
2.7509871550895904e-09
5.328473773325015e-09
4.013342609632264e-09
3.944638452685334e-09
4.058386873090347e-09
4.067871040014381e-09
4.0598128157876e-09
4.087214941494999e-09
4.048406141571315e-09
3.6706401806974043e-09
3.4377231963866883e-09
3.2477943945341536e-09
4.692366720876473e-09
2.866304849719059e-09
2.772183307561682e-09
2.772183307561682e-09
2.866304849719059e-09
4.692366720876473e-09
3.2477943945341536e-09
3.4377231963866883e-09
3.6706401806974043e-09
4.048406141571315e-09
4.087214941494999e-09
4.0598128157876e-09
4.067871040014381e-09
4.058386873090347e-09
3.944638452685334e-09
4.013342609632264e-09
5.328473773325015e-09
2.7509871550895904e-09
0.001111918711103499
0.001296857837587595
1.7460863484253242e-09
2.1198199445793264e-09
2.0174998824340484e-09
1.29775172812846e-09
1.5130543302641075e-09
0.001590297557413578
0.0014484846033155918
0.0013112346641719341
0.0012782422127202153
6.7241464132838935e-09
4.418923126719987e-09
4.597025017594181e-09
4.733209050394871e-09
4.617653915489628e-09
4.6247103369090325e-09
4.648066653789584e-09
4.817360486214506e-09
4.272462158366741e-09
4.442636362955721e-09
2.819067678946907e-09
3.915148587274597e-09
0.0009062669123522937
0.0019582926761358976
0.0019582926761358976
0.0009062669123522937
3.915148587274597e-09
2.819067678946907e-09
4.442636362955721e-09
4.272462158366741e-09
4.817360486214506e-09
4.648066653789584e-09
4.6247103369090325e-09
4.617653915489628e-09
4.733209050394871e-09
4.597025017594181e-09
4.418923126719987e-09
6.7241464132838935e-09
0.0012782422127202153
0.0013112346641719341
0.0014484846033155918
0.001590297557413578
1.5130543302641075e-09
1.29775172812846e-09
5.288801623211381e-10
0.0008887085132300854
0.0014767429092898965
0.0014850558945909142
0.001536465366370976
0.0015490591758862138
6.0922035645394335e-09
4.267254952172728e-09
5.1019123821494095e-09
5.2135769659789055e-09
4.976883054980119e-09
5.026124481888328e-09
4.97621431908013e-09
5.455285095185003e-09
4.779286341682898e-09
4.6866425670866185e-09
2.363751121919888e-09
0.0014133128570392728
0.0018933004466816783
0.002149578183889389
0.002149578183889389
0.0018933004466816783
0.0014133128570392728
2.363751121919888e-09
4.6866425670866185e-09
4.779286341682898e-09
5.455285095185003e-09
4.97621431908013e-09
5.026124481888328e-09
4.976883054980119e-09
5.2135769659789055e-09
5.1019123821494095e-09
4.267254952172728e-09
6.0922035645394335e-09
0.0015490591758862138
0.001536465366370976
0.0014850558945909142
0.0014767429092898965
0.0008887085132300854
5.288801623211381e-10
5.288801623211381e-10
0.0008887085132300854
0.0014767429092898965
0.0014850558945909142
0.001536465366370976
0.0015490591758862138
6.0922035645394335e-09
4.267254952172728e-09
5.1019123821494095e-09
5.2135769659789055e-09
4.976883054980119e-09
5.026124481888328e-09
4.97621431908013e-09
5.455285095185003e-09
4.779286341682898e-09
4.6866425670866185e-09
2.363751121919888e-09
0.0014133128570392728
0.0018933004466816783
0.002149578183889389
0.002149578183889389
0.0018933004466816783
0.0014133128570392728
2.363751121919888e-09
4.6866425670866185e-09
4.779286341682898e-09
5.455285095185003e-09
4.97621431908013e-09
5.026124481888328e-09
4.976883054980119e-09
5.2135769659789055e-09
5.1019123821494095e-09
4.267254952172728e-09
6.0922035645394335e-09
0.0015490591758862138
0.001536465366370976
0.0014850558945909142
0.0014767429092898965
0.0008887085132300854
5.288801623211381e-10
1.29775172812846e-09
1.5130543302641075e-09
0.001590297557413578
0.0014484846033155918
0.0013112346641719341
0.0012782422127202153
6.7241464132838935e-09
4.418923126719987e-09
4.597025017594181e-09
4.733209050394871e-09
4.617653915489628e-09
4.6247103369090325e-09
4.648066653789584e-09
4.817360486214506e-09
4.272462158366741e-09
4.442636362955721e-09
2.819067678946907e-09
3.915148587274597e-09
0.0009062669123522937
0.0019582926761358976
0.0019582926761358976
0.0009062669123522937
3.915148587274597e-09
2.819067678946907e-09
4.442636362955721e-09
4.272462158366741e-09
4.817360486214506e-09
4.648066653789584e-09
4.6247103369090325e-09
4.617653915489628e-09
4.733209050394871e-09
4.597025017594181e-09
4.418923126719987e-09
6.7241464132838935e-09
0.0012782422127202153
0.0013112346641719341
0.0014484846033155918
0.001590297557413578
1.5130543302641075e-09
1.29775172812846e-09
2.0174998824340484e-09
2.1198199445793264e-09
1.7460863484253242e-09
0.001296857837587595
0.001111918711103499
2.7509871550895904e-09
5.328473773325015e-09
4.013342609632264e-09
3.944638452685334e-09
4.058386873090347e-09
4.067871040014381e-09
4.0598128157876e-09
4.087214941494999e-09
4.048406141571315e-09
3.6706401806974043e-09
3.4377231963866883e-09
3.2477943945341536e-09
4.692366720876473e-09
2.866304849719059e-09
2.772183307561682e-09
2.772183307561682e-09
2.866304849719059e-09
4.692366720876473e-09
3.2477943945341536e-09
3.4377231963866883e-09
3.6706401806974043e-09
4.048406141571315e-09
4.087214941494999e-09
4.0598128157876e-09
4.067871040014381e-09
4.058386873090347e-09
3.944638452685334e-09
4.013342609632264e-09
5.328473773325015e-09
2.7509871550895904e-09
0.001111918711103499
0.001296857837587595
1.7460863484253242e-09
2.1198199445793264e-09
2.0174998824340484e-09
1.653122083666858e-09
1.8031810853497143e-09
1.7420581036736715e-09
1.5999961772150684e-09
2.129165550465717e-09
3.5851538751630052e-09
2.8849622343840586e-09
3.221028261821135e-09
3.380084406812145e-09
3.4715526894130155e-09
3.5398199128844343e-09
3.5550481829182967e-09
3.5414527213561975e-09
3.426673007844716e-09
3.284618453960886e-09
3.106811466077608e-09
3.075652579842547e-09
2.995480599676803e-09
3.1503070551525125e-09
2.9581137886425246e-09
2.9581137886425246e-09
3.1503070551525125e-09
2.995480599676803e-09
3.075652579842547e-09
3.106811466077608e-09
3.284618453960886e-09
3.426673007844716e-09
3.5414527213561975e-09
3.5550481829182967e-09
3.5398199128844343e-09
3.4715526894130155e-09
3.380084406812145e-09
3.221028261821135e-09
2.8849622343840586e-09
3.5851538751630052e-09
2.129165550465717e-09
1.5999961772150684e-09
1.7420581036736715e-09
1.8031810853497143e-09
1.653122083666858e-09
1.4118505626756206e-09
1.4862396252937615e-09
1.5399611924191148e-09
1.618076007382785e-09
1.8696595920769665e-09
2.106013280434027e-09
2.536487296242451e-09
2.750183978120213e-09
2.9156169666089138e-09
3.0475730446177796e-09
3.1467732065915133e-09
3.19925574747415e-09
3.1744979908654436e-09
3.084965225982894e-09
2.9473628399001583e-09
2.8414597064152503e-09
2.848947640299304e-09
2.9558341451546566e-09
3.031697289046509e-09
3.087867635198638e-09
3.087867635198638e-09
3.031697289046509e-09
2.9558341451546566e-09
2.848947640299304e-09
2.8414597064152503e-09
2.9473628399001583e-09
3.084965225982894e-09
3.1744979908654436e-09
3.19925574747415e-09
3.1467732065915133e-09
3.0475730446177796e-09
2.9156169666089138e-09
2.750183978120213e-09
2.536487296242451e-09
2.106013280434027e-09
1.8696595920769665e-09
1.618076007382785e-09
1.5399611924191148e-09
1.4862396252937615e-09
1.4118505626756206e-09
1.37290331013451e-09
1.5153051339741874e-09
1.6172246918369493e-09
1.70353488260222e-09
1.9017868876924915e-09
2.119955036170018e-09
2.6233390459928785e-09
2.9137519220318042e-09
3.1082547560096208e-09
3.2346985333331357e-09
3.2948246995317954e-09
3.2907222953515447e-09
3.218410130415017e-09
3.074851571277515e-09
2.903185070818326e-09
2.743210606587221e-09
2.7533242612926e-09
2.83860760418031e-09
2.8735165288895637e-09
2.885825692994226e-09
2.885825692994226e-09
2.8735165288895637e-09
2.83860760418031e-09
2.7533242612926e-09
2.743210606587221e-09
2.903185070818326e-09
3.074851571277515e-09
3.218410130415017e-09
3.2907222953515447e-09
3.2948246995317954e-09
3.2346985333331357e-09
3.1082547560096208e-09
2.9137519220318042e-09
2.6233390459928785e-09
2.119955036170018e-09
1.9017868876924915e-09
1.70353488260222e-09
1.6172246918369493e-09
1.5153051339741874e-09
1.37290331013451e-09
1.4449309804209776e-09
1.7690918174828596e-09
2.108811606241212e-09
1.7945732790417002e-09
1.8844628548592146e-09
2.977657833844183e-09
2.8203765278095316e-09
3.4580389766947217e-09
3.616556056365572e-09
3.685172392936531e-09
3.7037716643650853e-09
3.69228736127325e-09
3.6326423639987393e-09
3.5358265794427357e-09
3.3038010261582373e-09
3.1121704605757694e-09
2.774829845064719e-09
2.6927661489484223e-09
2.930251961213992e-09
2.77592684082284e-09
2.77592684082284e-09
2.930251961213992e-09
2.6927661489484223e-09
2.774829845064719e-09
3.1121704605757694e-09
3.3038010261582373e-09
3.5358265794427357e-09
3.6326423639987393e-09
3.69228736127325e-09
3.7037716643650853e-09
3.685172392936531e-09
3.616556056365572e-09
3.4580389766947217e-09
2.8203765278095316e-09
2.977657833844183e-09
1.8844628548592146e-09
1.7945732790417002e-09
2.108811606241212e-09
1.7690918174828596e-09
1.4449309804209776e-09
2.3983824908729856e-09
3.857370152460238e-09
2.3748746025287204e-09
0.0015313313342630863
0.0009433644590899348
2.253625454654018e-09
4.9146242631081805e-09
4.282545238570856e-09
4.283514515313058e-09
4.232969010031784e-09
4.243373881440693e-09
4.22990505469234e-09
4.18209564201355e-09
4.190584945024112e-09
4.064678715137715e-09
3.4161165649720937e-09
4.5437876551590595e-09
6.277351902173045e-09
2.980910657202074e-09
3.003062859149863e-09
3.003062859149863e-09
2.980910657202074e-09
6.277351902173045e-09
4.5437876551590595e-09
3.4161165649720937e-09
4.064678715137715e-09
4.190584945024112e-09
4.18209564201355e-09
4.22990505469234e-09
4.243373881440693e-09
4.232969010031784e-09
4.283514515313058e-09
4.282545238570856e-09
4.9146242631081805e-09
2.253625454654018e-09
0.0009433644590899348
0.0015313313342630863
2.3748746025287204e-09
3.857370152460238e-09
2.3983824908729856e-09
2.2340863967823532e-09
4.414222459780959e-09
0.0020162982400506735
0.0014954893849790096
0.0012626928510144353
0.0008899167296476662
6.1997520832413056e-09
5.177011163509659e-09
4.790770644774733e-09
4.777256281535136e-09
4.790881233396327e-09
4.755336315692693e-09
4.809944543354705e-09
4.800461677473278e-09
5.215939659353186e-09
5.849898256776731e-09
6.358628467512117e-09
4.938769011808564e-09
0.0016057353932410479
0.0020404751412570477
0.0020404751412570477
0.0016057353932410479
4.938769011808564e-09
6.358628467512117e-09
5.849898256776731e-09
5.215939659353186e-09
4.800461677473278e-09
4.809944543354705e-09
4.755336315692693e-09
4.790881233396327e-09
4.777256281535136e-09
4.790770644774733e-09
5.177011163509659e-09
6.1997520832413056e-09
0.0008899167296476662
0.0012626928510144353
0.0014954893849790096
0.0020162982400506735
4.414222459780959e-09
2.2340863967823532e-09
9.565524370855338e-10
0.0012393436627462506
0.0013685807352885604
0.001472448231652379
0.0014625965850427747
0.0012758979573845863
5.856344489213461e-09
5.525600376560247e-09
5.025749347936648e-09
5.1239026042926294e-09
5.15312358756459e-09
5.078379123474308e-09
5.268488336568344e-09
5.11982340203887e-09
6.172468352411142e-09
8.317061449270025e-09
7.509951861772723e-09
0.0015794297214597464
0.0017006871057674289
0.001979864202439785
0.001979864202439785
0.0017006871057674289
0.0015794297214597464
7.509951861772723e-09
8.317061449270025e-09
6.172468352411142e-09
5.11982340203887e-09
5.268488336568344e-09
5.078379123474308e-09
5.15312358756459e-09
5.1239026042926294e-09
5.025749347936648e-09
5.525600376560247e-09
5.856344489213461e-09
0.0012758979573845863
0.0014625965850427747
0.001472448231652379
0.0013685807352885604
0.0012393436627462506
9.565524370855338e-10
9.565524370855338e-10
0.0012393436627462506
0.0013685807352885604
0.001472448231652379
0.0014625965850427747
0.0012758979573845863
5.856344489213461e-09
5.525600376560247e-09
5.025749347936648e-09
5.1239026042926294e-09
5.15312358756459e-09
5.078379123474308e-09
5.268488336568344e-09
5.11982340203887e-09
6.172468352411142e-09
8.317061449270025e-09
7.509951861772723e-09
0.0015794297214597464
0.0017006871057674289
0.001979864202439785
0.001979864202439785
0.0017006871057674289
0.0015794297214597464
7.509951861772723e-09
8.317061449270025e-09
6.172468352411142e-09
5.11982340203887e-09
5.268488336568344e-09
5.078379123474308e-09
5.15312358756459e-09
5.1239026042926294e-09
5.025749347936648e-09
5.525600376560247e-09
5.856344489213461e-09
0.0012758979573845863
0.0014625965850427747
0.001472448231652379
0.0013685807352885604
0.0012393436627462506
9.565524370855338e-10
2.2340863967823532e-09
4.414222459780959e-09
0.0020162982400506735
0.0014954893849790096
0.0012626928510144353
0.0008899167296476662
6.1997520832413056e-09
5.177011163509659e-09
4.790770644774733e-09
4.777256281535136e-09
4.790881233396327e-09
4.755336315692693e-09
4.809944543354705e-09
4.800461677473278e-09
5.215939659353186e-09
5.849898256776731e-09
6.358628467512117e-09
4.938769011808564e-09
0.0016057353932410479
0.0020404751412570477
0.0020404751412570477
0.0016057353932410479
4.938769011808564e-09
6.358628467512117e-09
5.849898256776731e-09
5.215939659353186e-09
4.800461677473278e-09
4.809944543354705e-09
4.755336315692693e-09
4.790881233396327e-09
4.777256281535136e-09
4.790770644774733e-09
5.177011163509659e-09
6.1997520832413056e-09
0.0008899167296476662
0.0012626928510144353
0.0014954893849790096
0.0020162982400506735
4.414222459780959e-09
2.2340863967823532e-09
2.3983824908729856e-09
3.857370152460238e-09
2.3748746025287204e-09
0.0015313313342630863
0.0009433644590899348
2.253625454654018e-09
4.9146242631081805e-09
4.282545238570856e-09
4.283514515313058e-09
4.232969010031784e-09
4.243373881440693e-09
4.22990505469234e-09
4.18209564201355e-09
4.190584945024112e-09
4.064678715137715e-09
3.4161165649720937e-09
4.5437876551590595e-09
6.277351902173045e-09
2.980910657202074e-09
3.003062859149863e-09
3.003062859149863e-09
2.980910657202074e-09
6.277351902173045e-09
4.5437876551590595e-09
3.4161165649720937e-09
4.064678715137715e-09
4.190584945024112e-09
4.18209564201355e-09
4.22990505469234e-09
4.243373881440693e-09
4.232969010031784e-09
4.283514515313058e-09
4.282545238570856e-09
4.9146242631081805e-09
2.253625454654018e-09
0.0009433644590899348
0.0015313313342630863
2.3748746025287204e-09
3.857370152460238e-09
2.3983824908729856e-09
1.4449309804209776e-09
1.7690918174828596e-09
2.108811606241212e-09
1.7945732790417002e-09
1.8844628548592146e-09
2.977657833844183e-09
2.8203765278095316e-09
3.4580389766947217e-09
3.616556056365572e-09
3.685172392936531e-09
3.7037716643650853e-09
3.69228736127325e-09
3.6326423639987393e-09
3.5358265794427357e-09
3.3038010261582373e-09
3.1121704605757694e-09
2.774829845064719e-09
2.6927661489484223e-09
2.930251961213992e-09
2.77592684082284e-09
2.77592684082284e-09
2.930251961213992e-09
2.6927661489484223e-09
2.774829845064719e-09
3.1121704605757694e-09
3.3038010261582373e-09
3.5358265794427357e-09
3.6326423639987393e-09
3.69228736127325e-09
3.7037716643650853e-09
3.685172392936531e-09
3.616556056365572e-09
3.4580389766947217e-09
2.8203765278095316e-09
2.977657833844183e-09
1.8844628548592146e-09
1.7945732790417002e-09
2.108811606241212e-09
1.7690918174828596e-09
1.4449309804209776e-09
1.37290331013451e-09
1.5153051339741874e-09
1.6172246918369493e-09
1.70353488260222e-09
1.9017868876924915e-09
2.119955036170018e-09
2.6233390459928785e-09
2.9137519220318042e-09
3.1082547560096208e-09
3.2346985333331357e-09
3.2948246995317954e-09
3.2907222953515447e-09
3.218410130415017e-09
3.074851571277515e-09
2.903185070818326e-09
2.743210606587221e-09
2.7533242612926e-09
2.83860760418031e-09
2.8735165288895637e-09
2.885825692994226e-09
2.885825692994226e-09
2.8735165288895637e-09
2.83860760418031e-09
2.7533242612926e-09
2.743210606587221e-09
2.903185070818326e-09
3.074851571277515e-09
3.218410130415017e-09
3.2907222953515447e-09
3.2948246995317954e-09
3.2346985333331357e-09
3.1082547560096208e-09
2.9137519220318042e-09
2.6233390459928785e-09
2.119955036170018e-09
1.9017868876924915e-09
1.70353488260222e-09
1.6172246918369493e-09
1.5153051339741874e-09
1.37290331013451e-09
1.329458461721278e-09
1.3473795646909426e-09
1.4436058685257658e-09
1.7811250521346245e-09
2.2230398945277674e-09
2.3837130186388222e-09
2.7937710738584753e-09
3.1062032286588437e-09
3.2802636475148805e-09
3.3912837815730512e-09
3.412285428175399e-09
3.3595595923252564e-09
3.238949906891886e-09
3.0671574221402542e-09
2.861213436317067e-09
2.753094410432033e-09
2.7250519549215646e-09
2.7187817969176464e-09
2.7522910166222214e-09
2.695477088060505e-09
2.695477088060505e-09
2.7522910166222214e-09
2.7187817969176464e-09
2.7250519549215646e-09
2.753094410432033e-09
2.861213436317067e-09
3.0671574221402542e-09
3.238949906891886e-09
3.3595595923252564e-09
3.412285428175399e-09
3.3912837815730512e-09
3.2802636475148805e-09
3.1062032286588437e-09
2.7937710738584753e-09
2.3837130186388222e-09
2.2230398945277674e-09
1.7811250521346245e-09
1.4436058685257658e-09
1.3473795646909426e-09
1.329458461721278e-09
1.3968121364421604e-09
2.6596012718538287e-09
3.6778583650809438e-09
2.196621573871682e-09
1.8480462386089025e-09
3.199218667759851e-09
3.5297370495207536e-09
3.666093470466869e-09
3.861402950861015e-09
3.869036601517051e-09
3.859744555217981e-09
3.79981072648472e-09
3.6768366129535934e-09
3.5298005837680613e-09
3.3384623190912954e-09
2.838985340217204e-09
2.6063730167169563e-09
2.707742450397399e-09
2.564907704630248e-09
2.6638890746055743e-09
2.6638890746055743e-09
2.564907704630248e-09
2.707742450397399e-09
2.6063730167169563e-09
2.838985340217204e-09
3.3384623190912954e-09
3.5298005837680613e-09
3.6768366129535934e-09
3.79981072648472e-09
3.859744555217981e-09
3.869036601517051e-09
3.861402950861015e-09
3.666093470466869e-09
3.5297370495207536e-09
3.199218667759851e-09
1.8480462386089025e-09
2.196621573871682e-09
3.6778583650809438e-09
2.6596012718538287e-09
1.3968121364421604e-09
1.5976113661164693e-09
2.1988962300295567e-09
4.366841957481604e-09
0.0020087279845029116
0.0006221442017704248
2.0069946139039674e-09
4.9583761575766605e-09
4.950422016758438e-09
4.582325404539622e-09
4.487376616124639e-09
4.450119960031085e-09
4.3790054048142846e-09
4.294734273074807e-09
4.081732781630043e-09
4.4181980123070286e-09
5.175409146379595e-09
4.103340930927679e-09
2.9198882894876377e-09
2.147082858727778e-09
2.000401146812214e-09
2.000401146812214e-09
2.147082858727778e-09
2.9198882894876377e-09
4.103340930927679e-09
5.175409146379595e-09
4.4181980123070286e-09
4.081732781630043e-09
4.294734273074807e-09
4.3790054048142846e-09
4.450119960031085e-09
4.487376616124639e-09
4.582325404539622e-09
4.950422016758438e-09
4.9583761575766605e-09
2.0069946139039674e-09
0.0006221442017704248
0.0020087279845029116
4.366841957481604e-09
2.1988962300295567e-09
1.5976113661164693e-09
1.1483785927399182e-09
0.0006473756511695683
0.0015536714345216751
0.0015612558927387
0.0011951064225286245
0.0005813793977722526
6.200863607308538e-09
6.027313197154438e-09
5.2324980286122535e-09
5.084053837645097e-09
5.033986682362324e-09
4.998297782610184e-09
4.935082290741244e-09
4.882132458722266e-09
5.299209855647025e-09
6.560755411166852e-09
1.974347551766953e-09
0.00103214499540627
0.0010762367164716125
0.0013003966305404902
0.0013003966305404902
0.0010762367164716125
0.00103214499540627
1.974347551766953e-09
6.560755411166852e-09
5.299209855647025e-09
4.882132458722266e-09
4.935082290741244e-09
4.998297782610184e-09
5.033986682362324e-09
5.084053837645097e-09
5.2324980286122535e-09
6.027313197154438e-09
6.200863607308538e-09
0.0005813793977722526
0.0011951064225286245
0.0015612558927387
0.0015536714345216751
0.0006473756511695683
1.1483785927399182e-09
1.2006813729023569e-09
0.00108482432551682
0.0012756416108459234
0.0013784293550997972
0.0013487744145095348
0.0011980208801105618
6.094080101659571e-09
5.971548342614819e-09
5.686383221931157e-09
5.4374430305537125e-09
5.408091943021054e-09
5.428642778360082e-09
5.3341467527723285e-09
5.592707286866672e-09
5.599344338885759e-09
5.54986568854221e-09
0.0006758401286788285
0.0013061735080555081
0.0010893295984715223
0.0016179002122953534
0.0016179002122953534
0.0010893295984715223
0.0013061735080555081
0.0006758401286788285
5.54986568854221e-09
5.599344338885759e-09
5.592707286866672e-09
5.3341467527723285e-09
5.428642778360082e-09
5.408091943021054e-09
5.4374430305537125e-09
5.686383221931157e-09
5.971548342614819e-09
6.094080101659571e-09
0.0011980208801105618
0.0013487744145095348
0.0013784293550997972
0.0012756416108459234
0.00108482432551682
1.2006813729023569e-09
1.2006813729023569e-09
0.00108482432551682
0.0012756416108459234
0.0013784293550997972
0.0013487744145095348
0.0011980208801105618
6.094080101659571e-09
5.971548342614819e-09
5.686383221931157e-09
5.4374430305537125e-09
5.408091943021054e-09
5.428642778360082e-09
5.3341467527723285e-09
5.592707286866672e-09
5.599344338885759e-09
5.54986568854221e-09
0.0006758401286788285
0.0013061735080555081
0.0010893295984715223
0.0016179002122953534
0.0016179002122953534
0.0010893295984715223
0.0013061735080555081
0.0006758401286788285
5.54986568854221e-09
5.599344338885759e-09
5.592707286866672e-09
5.3341467527723285e-09
5.428642778360082e-09
5.408091943021054e-09
5.4374430305537125e-09
5.686383221931157e-09
5.971548342614819e-09
6.094080101659571e-09
0.0011980208801105618
0.0013487744145095348
0.0013784293550997972
0.0012756416108459234
0.00108482432551682
1.2006813729023569e-09
1.1483785927399182e-09
0.0006473756511695683
0.0015536714345216751
0.0015612558927387
0.0011951064225286245
0.0005813793977722526
6.200863607308538e-09
6.027313197154438e-09
5.2324980286122535e-09
5.084053837645097e-09
5.033986682362324e-09
4.998297782610184e-09
4.935082290741244e-09
4.882132458722266e-09
5.299209855647025e-09
6.560755411166852e-09
1.974347551766953e-09
0.00103214499540627
0.0010762367164716125
0.0013003966305404902
0.0013003966305404902
0.0010762367164716125
0.00103214499540627
1.974347551766953e-09
6.560755411166852e-09
5.299209855647025e-09
4.882132458722266e-09
4.935082290741244e-09
4.998297782610184e-09
5.033986682362324e-09
5.084053837645097e-09
5.2324980286122535e-09
6.027313197154438e-09
6.200863607308538e-09
0.0005813793977722526
0.0011951064225286245
0.0015612558927387
0.0015536714345216751
0.0006473756511695683
1.1483785927399182e-09
1.5976113661164693e-09
2.1988962300295567e-09
4.366841957481604e-09
0.0020087279845029116
0.0006221442017704248
2.0069946139039674e-09
4.9583761575766605e-09
4.950422016758438e-09
4.582325404539622e-09
4.487376616124639e-09
4.450119960031085e-09
4.3790054048142846e-09
4.294734273074807e-09
4.081732781630043e-09
4.4181980123070286e-09
5.175409146379595e-09
4.103340930927679e-09
2.9198882894876377e-09
2.147082858727778e-09
2.000401146812214e-09
2.000401146812214e-09
2.147082858727778e-09
2.9198882894876377e-09
4.103340930927679e-09
5.175409146379595e-09
4.4181980123070286e-09
4.081732781630043e-09
4.294734273074807e-09
4.3790054048142846e-09
4.450119960031085e-09
4.487376616124639e-09
4.582325404539622e-09
4.950422016758438e-09
4.9583761575766605e-09
2.0069946139039674e-09
0.0006221442017704248
0.0020087279845029116
4.366841957481604e-09
2.1988962300295567e-09
1.5976113661164693e-09
1.3968121364421604e-09
2.6596012718538287e-09
3.6778583650809438e-09
2.196621573871682e-09
1.8480462386089025e-09
3.199218667759851e-09
3.5297370495207536e-09
3.666093470466869e-09
3.861402950861015e-09
3.869036601517051e-09
3.859744555217981e-09
3.79981072648472e-09
3.6768366129535934e-09
3.5298005837680613e-09
3.3384623190912954e-09
2.838985340217204e-09
2.6063730167169563e-09
2.707742450397399e-09
2.564907704630248e-09
2.6638890746055743e-09
2.6638890746055743e-09
2.564907704630248e-09
2.707742450397399e-09
2.6063730167169563e-09
2.838985340217204e-09
3.3384623190912954e-09
3.5298005837680613e-09
3.6768366129535934e-09
3.79981072648472e-09
3.859744555217981e-09
3.869036601517051e-09
3.861402950861015e-09
3.666093470466869e-09
3.5297370495207536e-09
3.199218667759851e-09
1.8480462386089025e-09
2.196621573871682e-09
3.6778583650809438e-09
2.6596012718538287e-09
1.3968121364421604e-09
1.329458461721278e-09
1.3473795646909426e-09
1.4436058685257658e-09
1.7811250521346245e-09
2.2230398945277674e-09
2.3837130186388222e-09
2.7937710738584753e-09
3.1062032286588437e-09
3.2802636475148805e-09
3.3912837815730512e-09
3.412285428175399e-09
3.3595595923252564e-09
3.238949906891886e-09
3.0671574221402542e-09
2.861213436317067e-09
2.753094410432033e-09
2.7250519549215646e-09
2.7187817969176464e-09
2.7522910166222214e-09
2.695477088060505e-09
2.695477088060505e-09
2.7522910166222214e-09
2.7187817969176464e-09
2.7250519549215646e-09
2.753094410432033e-09
2.861213436317067e-09
3.0671574221402542e-09
3.238949906891886e-09
3.3595595923252564e-09
3.412285428175399e-09
3.3912837815730512e-09
3.2802636475148805e-09
3.1062032286588437e-09
2.7937710738584753e-09
2.3837130186388222e-09
2.2230398945277674e-09
1.7811250521346245e-09
1.4436058685257658e-09
1.3473795646909426e-09
1.329458461721278e-09
1.2812562425953966e-09
1.4735307158481037e-09
1.725105410084471e-09
1.9978062173325872e-09
2.2334356586384274e-09
2.5792621077130873e-09
2.984389428292711e-09
3.2075700602540724e-09
3.384914093809699e-09
3.491257413376636e-09
3.4923619985499643e-09
3.401809433103975e-09
3.2358300067203416e-09
3.0471100902901282e-09
2.857198418831919e-09
2.764027071458508e-09
2.6870066501677448e-09
2.6664354318278738e-09
2.5566090043616096e-09
2.4899028151781355e-09
2.4899028151781355e-09
2.5566090043616096e-09
2.6664354318278738e-09
2.6870066501677448e-09
2.764027071458508e-09
2.857198418831919e-09
3.0471100902901282e-09
3.2358300067203416e-09
3.401809433103975e-09
3.4923619985499643e-09
3.491257413376636e-09
3.384914093809699e-09
3.2075700602540724e-09
2.984389428292711e-09
2.5792621077130873e-09
2.2334356586384274e-09
1.9978062173325872e-09
1.725105410084471e-09
1.4735307158481037e-09
1.2812562425953966e-09
1.1962834152098867e-09
1.5892902228628603e-09
1.92150115263523e-09
2.810769629199572e-09
4.8391555519666785e-09
3.901461185368271e-09
3.560831534146769e-09
3.821170376644423e-09
3.9735497878168324e-09
4.017201935685444e-09
3.9962057100939585e-09
3.886269344527404e-09
3.6997883055833736e-09
3.4119428202888935e-09
3.2552983746103603e-09
2.877726052244456e-09
2.7305534135851905e-09
2.3784106194940646e-09
2.458830448276439e-09
2.4299802621474687e-09
2.4299802621474687e-09
2.458830448276439e-09
2.3784106194940646e-09
2.7305534135851905e-09
2.877726052244456e-09
3.2552983746103603e-09
3.4119428202888935e-09
3.6997883055833736e-09
3.886269344527404e-09
3.9962057100939585e-09
4.017201935685444e-09
3.9735497878168324e-09
3.821170376644423e-09
3.560831534146769e-09
3.901461185368271e-09
4.8391555519666785e-09
2.810769629199572e-09
1.92150115263523e-09
1.5892902228628603e-09
1.1962834152098867e-09
9.231533723216834e-10
7.04719702732115e-10
0.000580690975766629
0.0019922435749322176
5.459375573141356e-09
6.280325218210869e-09
5.235996098501561e-09
4.937945451838344e-09
4.756938332822758e-09
4.745613624290712e-09
4.6868715505854475e-09
4.580607160936667e-09
4.341371446364706e-09
4.2424284571462856e-09
3.6077002930207103e-09
3.989686619271238e-09
2.0877008889003124e-09
1.968012124792251e-09
1.8061508235203694e-09
2.5580139135367164e-09
2.5580139135367164e-09
1.8061508235203694e-09
1.968012124792251e-09
2.0877008889003124e-09
3.989686619271238e-09
3.6077002930207103e-09
4.2424284571462856e-09
4.341371446364706e-09
4.580607160936667e-09
4.6868715505854475e-09
4.745613624290712e-09
4.756938332822758e-09
4.937945451838344e-09
5.235996098501561e-09
6.280325218210869e-09
5.459375573141356e-09
0.0019922435749322176
0.000580690975766629
7.04719702732115e-10
9.231533723216834e-10
9.935208038214238e-10
0.0008321281638927758
0.0011594260577112436
0.0014959387481212616
0.0022582034580409527
4.582775998962507e-09
7.63045529539319e-09
5.837430799154886e-09
5.525752164864395e-09
5.509436223211095e-09
5.410558719803893e-09
5.327100306012911e-09
5.2689979115894126e-09
5.156423465296767e-09
5.996575631883605e-09
5.781883652411501e-09
0.00071291986387223
0.0013541948283091187
0.0011875664349645376
2.1933566074494593e-09
2.1933566074494593e-09
0.0011875664349645376
0.0013541948283091187
0.00071291986387223
5.781883652411501e-09
5.996575631883605e-09
5.156423465296767e-09
5.2689979115894126e-09
5.327100306012911e-09
5.410558719803893e-09
5.509436223211095e-09
5.525752164864395e-09
5.837430799154886e-09
7.63045529539319e-09
4.582775998962507e-09
0.0022582034580409527
0.0014959387481212616
0.0011594260577112436
0.0008321281638927758
9.935208038214238e-10
1.8445705032843485e-09
0.0012555279536172748
0.0014123227447271347
0.0013846169458702207
0.0013682787539437413
0.0013294763630256057
7.101699003170259e-09
6.0921242009404075e-09
6.018666901669301e-09
6.017506805344741e-09
5.899333972714249e-09
5.820215837060161e-09
6.0388716596748715e-09
5.840269674123322e-09
7.677905186631584e-09
8.556570382789452e-09
0.001979394583031535
0.0013766067568212748
0.00122859887778759
0.001385205308906734
0.001385205308906734
0.00122859887778759
0.0013766067568212748
0.001979394583031535
8.556570382789452e-09
7.677905186631584e-09
5.840269674123322e-09
6.0388716596748715e-09
5.820215837060161e-09
5.899333972714249e-09
6.017506805344741e-09
6.018666901669301e-09
6.0921242009404075e-09
7.101699003170259e-09
0.0013294763630256057
0.0013682787539437413
0.0013846169458702207
0.0014123227447271347
0.0012555279536172748
1.8445705032843485e-09
1.8445705032843485e-09
0.0012555279536172748
0.0014123227447271347
0.0013846169458702207
0.0013682787539437413
0.0013294763630256057
7.101699003170259e-09
6.0921242009404075e-09
6.018666901669301e-09
6.017506805344741e-09
5.899333972714249e-09
5.820215837060161e-09
6.0388716596748715e-09
5.840269674123322e-09
7.677905186631584e-09
8.556570382789452e-09
0.001979394583031535
0.0013766067568212748
0.00122859887778759
0.001385205308906734
0.001385205308906734
0.00122859887778759
0.0013766067568212748
0.001979394583031535
8.556570382789452e-09
7.677905186631584e-09
5.840269674123322e-09
6.0388716596748715e-09
5.820215837060161e-09
5.899333972714249e-09
6.017506805344741e-09
6.018666901669301e-09
6.0921242009404075e-09
7.101699003170259e-09
0.0013294763630256057
0.0013682787539437413
0.0013846169458702207
0.0014123227447271347
0.0012555279536172748
1.8445705032843485e-09
9.935208038214238e-10
0.0008321281638927758
0.0011594260577112436
0.0014959387481212616
0.0022582034580409527
4.582775998962507e-09
7.63045529539319e-09
5.837430799154886e-09
5.525752164864395e-09
5.509436223211095e-09
5.410558719803893e-09
5.327100306012911e-09
5.2689979115894126e-09
5.156423465296767e-09
5.996575631883605e-09
5.781883652411501e-09
0.00071291986387223
0.0013541948283091187
0.0011875664349645376
2.1933566074494593e-09
2.1933566074494593e-09
0.0011875664349645376
0.0013541948283091187
0.00071291986387223
5.781883652411501e-09
5.996575631883605e-09
5.156423465296767e-09
5.2689979115894126e-09
5.327100306012911e-09
5.410558719803893e-09
5.509436223211095e-09
5.525752164864395e-09
5.837430799154886e-09
7.63045529539319e-09
4.582775998962507e-09
0.0022582034580409527
0.0014959387481212616
0.0011594260577112436
0.0008321281638927758
9.935208038214238e-10
9.231533723216834e-10
7.04719702732115e-10
0.000580690975766629
0.0019922435749322176
5.459375573141356e-09
6.280325218210869e-09
5.235996098501561e-09
4.937945451838344e-09
4.756938332822758e-09
4.745613624290712e-09
4.6868715505854475e-09
4.580607160936667e-09
4.341371446364706e-09
4.2424284571462856e-09
3.6077002930207103e-09
3.989686619271238e-09
2.0877008889003124e-09
1.968012124792251e-09
1.8061508235203694e-09
2.5580139135367164e-09
2.5580139135367164e-09
1.8061508235203694e-09
1.968012124792251e-09
2.0877008889003124e-09
3.989686619271238e-09
3.6077002930207103e-09
4.2424284571462856e-09
4.341371446364706e-09
4.580607160936667e-09
4.6868715505854475e-09
4.745613624290712e-09
4.756938332822758e-09
4.937945451838344e-09
5.235996098501561e-09
6.280325218210869e-09
5.459375573141356e-09
0.0019922435749322176
0.000580690975766629
7.04719702732115e-10
9.231533723216834e-10
1.1962834152098867e-09
1.5892902228628603e-09
1.92150115263523e-09
2.810769629199572e-09
4.8391555519666785e-09
3.901461185368271e-09
3.560831534146769e-09
3.821170376644423e-09
3.9735497878168324e-09
4.017201935685444e-09
3.9962057100939585e-09
3.886269344527404e-09
3.6997883055833736e-09
3.4119428202888935e-09
3.2552983746103603e-09
2.877726052244456e-09
2.7305534135851905e-09
2.3784106194940646e-09
2.458830448276439e-09
2.4299802621474687e-09
2.4299802621474687e-09
2.458830448276439e-09
2.3784106194940646e-09
2.7305534135851905e-09
2.877726052244456e-09
3.2552983746103603e-09
3.4119428202888935e-09
3.6997883055833736e-09
3.886269344527404e-09
3.9962057100939585e-09
4.017201935685444e-09
3.9735497878168324e-09
3.821170376644423e-09
3.560831534146769e-09
3.901461185368271e-09
4.8391555519666785e-09
2.810769629199572e-09
1.92150115263523e-09
1.5892902228628603e-09
1.1962834152098867e-09
1.2812562425953966e-09
1.4735307158481037e-09
1.725105410084471e-09
1.9978062173325872e-09
2.2334356586384274e-09
2.5792621077130873e-09
2.984389428292711e-09
3.2075700602540724e-09
3.384914093809699e-09
3.491257413376636e-09
3.4923619985499643e-09
3.401809433103975e-09
3.2358300067203416e-09
3.0471100902901282e-09
2.857198418831919e-09
2.764027071458508e-09
2.6870066501677448e-09
2.6664354318278738e-09
2.5566090043616096e-09
2.4899028151781355e-09
2.4899028151781355e-09
2.5566090043616096e-09
2.6664354318278738e-09
2.6870066501677448e-09
2.764027071458508e-09
2.857198418831919e-09
3.0471100902901282e-09
3.2358300067203416e-09
3.401809433103975e-09
3.4923619985499643e-09
3.491257413376636e-09
3.384914093809699e-09
3.2075700602540724e-09
2.984389428292711e-09
2.5792621077130873e-09
2.2334356586384274e-09
1.9978062173325872e-09
1.725105410084471e-09
1.4735307158481037e-09
1.2812562425953966e-09
1.1370143108285768e-09
1.2335167609567321e-09
1.557365239372721e-09
2.187031371975179e-09
2.534550043800654e-09
2.859995877277366e-09
2.9840570119066268e-09
3.230277590554609e-09
3.410636139830614e-09
3.5256684724482845e-09
3.5297940785550264e-09
3.413847980346385e-09
3.2256426262672333e-09
3.0088266947392306e-09
2.8925143530367237e-09
2.793025793285109e-09
2.6678420757264565e-09
2.541516259599308e-09
2.3758887652408633e-09
2.2633622406842413e-09
2.2633622406842413e-09
2.3758887652408633e-09
2.541516259599308e-09
2.6678420757264565e-09
2.793025793285109e-09
2.8925143530367237e-09
3.0088266947392306e-09
3.2256426262672333e-09
3.413847980346385e-09
3.5297940785550264e-09
3.5256684724482845e-09
3.410636139830614e-09
3.230277590554609e-09
2.9840570119066268e-09
2.859995877277366e-09
2.534550043800654e-09
2.187031371975179e-09
1.557365239372721e-09
1.2335167609567321e-09
1.1370143108285768e-09
1.079197386837094e-09
9.85446208141838e-10
1.4694788354890909e-09
2.80739429099619e-09
4.5798352089898575e-09
3.17802446685167e-09
3.509856034283887e-09
3.7340555994469504e-09
3.987999167009981e-09
4.11960049406801e-09
4.095640059736949e-09
3.950462353075057e-09
3.6500650592297124e-09
3.431101323198016e-09
2.9937712465316624e-09
2.671999340536635e-09
2.580297520787811e-09
2.27296523616638e-09
2.19872232400109e-09
2.336804577965368e-09
2.336804577965368e-09
2.19872232400109e-09
2.27296523616638e-09
2.580297520787811e-09
2.671999340536635e-09
2.9937712465316624e-09
3.431101323198016e-09
3.6500650592297124e-09
3.950462353075057e-09
4.095640059736949e-09
4.11960049406801e-09
3.987999167009981e-09
3.7340555994469504e-09
3.509856034283887e-09
3.17802446685167e-09
4.5798352089898575e-09
2.80739429099619e-09
1.4694788354890909e-09
9.85446208141838e-10
1.079197386837094e-09
8.240750204620284e-10
7.195910534107952e-10
0.0008544285665266216
0.0015106841456145048
3.7989663498327886e-09
5.196497745996176e-09
3.572567372142621e-09
4.4672004810564214e-09
4.871258778293974e-09
4.962969271660178e-09
4.945520555577065e-09
4.756821672668998e-09
4.604384148260143e-09
3.891299608926868e-09
4.873691727969032e-09
6.1316160482327575e-09
2.5118340567231723e-09
2.3383582396785396e-09
3.872255814607595e-09
2.548509580452274e-09
2.548509580452274e-09
3.872255814607595e-09
2.3383582396785396e-09
2.5118340567231723e-09
6.1316160482327575e-09
4.873691727969032e-09
3.891299608926868e-09
4.604384148260143e-09
4.756821672668998e-09
4.945520555577065e-09
4.962969271660178e-09
4.871258778293974e-09
4.4672004810564214e-09
3.572567372142621e-09
5.196497745996176e-09
3.7989663498327886e-09
0.0015106841456145048
0.0008544285665266216
7.195910534107952e-10
8.240750204620284e-10
2.8134116130534847e-09
0.0010352851822972298
0.0011152330553159118
0.0015688525745645165
0.001846999628469348
3.7061673174854093e-09
5.372174059770085e-09
5.409984092652476e-09
5.936113579851909e-09
5.8497161108117535e-09
5.9592192291901824e-09
5.846908460865885e-09
5.61908766044672e-09
6.673032786064237e-09
6.124030102472311e-09
5.993086235611678e-09
0.001926978351548314
0.0016697220271453261
4.120028537085707e-09
3.2430147976769685e-09
3.2430147976769685e-09
4.120028537085707e-09
0.0016697220271453261
0.001926978351548314
5.993086235611678e-09
6.124030102472311e-09
6.673032786064237e-09
5.61908766044672e-09
5.846908460865885e-09
5.9592192291901824e-09
5.8497161108117535e-09
5.936113579851909e-09
5.409984092652476e-09
5.372174059770085e-09
3.7061673174854093e-09
0.001846999628469348
0.0015688525745645165
0.0011152330553159118
0.0010352851822972298
2.8134116130534847e-09
5.8174038503056025e-09
0.0016361891757696867
0.0012315185740590096
0.0014972619246691465
0.00159386673476547
0.0010032948339357972
6.512361830357527e-09
6.360981186226411e-09
6.683212577102138e-09
6.442037008003165e-09
6.7073907192294335e-09
6.7213040688685055e-09
6.322773467987153e-09
9.134012123046542e-09
5.0036962420674236e-09
0.002090879250317812
0.0017340676859021187
0.001546377083286643
0.0018096481217071414
4.3569436253276805e-09
4.3569436253276805e-09
0.0018096481217071414
0.001546377083286643
0.0017340676859021187
0.002090879250317812
5.0036962420674236e-09
9.134012123046542e-09
6.322773467987153e-09
6.7213040688685055e-09
6.7073907192294335e-09
6.442037008003165e-09
6.683212577102138e-09
6.360981186226411e-09
6.512361830357527e-09
0.0010032948339357972
0.00159386673476547
0.0014972619246691465
0.0012315185740590096
0.0016361891757696867
5.8174038503056025e-09
5.8174038503056025e-09
0.0016361891757696867
0.0012315185740590096
0.0014972619246691465
0.00159386673476547
0.0010032948339357972
6.512361830357527e-09
6.360981186226411e-09
6.683212577102138e-09
6.442037008003165e-09
6.7073907192294335e-09
6.7213040688685055e-09
6.322773467987153e-09
9.134012123046542e-09
5.0036962420674236e-09
0.002090879250317812
0.0017340676859021187
0.001546377083286643
0.0018096481217071414
4.3569436253276805e-09
4.3569436253276805e-09
0.0018096481217071414
0.001546377083286643
0.0017340676859021187
0.002090879250317812
5.0036962420674236e-09
9.134012123046542e-09
6.322773467987153e-09
6.7213040688685055e-09
6.7073907192294335e-09
6.442037008003165e-09
6.683212577102138e-09
6.360981186226411e-09
6.512361830357527e-09
0.0010032948339357972
0.00159386673476547
0.0014972619246691465
0.0012315185740590096
0.0016361891757696867
5.8174038503056025e-09
2.8134116130534847e-09
0.0010352851822972298
0.0011152330553159118
0.0015688525745645165
0.001846999628469348
3.7061673174854093e-09
5.372174059770085e-09
5.409984092652476e-09
5.936113579851909e-09
5.8497161108117535e-09
5.9592192291901824e-09
5.846908460865885e-09
5.61908766044672e-09
6.673032786064237e-09
6.124030102472311e-09
5.993086235611678e-09
0.001926978351548314
0.0016697220271453261
4.120028537085707e-09
3.2430147976769685e-09
3.2430147976769685e-09
4.120028537085707e-09
0.0016697220271453261
0.001926978351548314
5.993086235611678e-09
6.124030102472311e-09
6.673032786064237e-09
5.61908766044672e-09
5.846908460865885e-09
5.9592192291901824e-09
5.8497161108117535e-09
5.936113579851909e-09
5.409984092652476e-09
5.372174059770085e-09
3.7061673174854093e-09
0.001846999628469348
0.0015688525745645165
0.0011152330553159118
0.0010352851822972298
2.8134116130534847e-09
8.240750204620284e-10
7.195910534107952e-10
0.0008544285665266216
0.0015106841456145048
3.7989663498327886e-09
5.196497745996176e-09
3.572567372142621e-09
4.4672004810564214e-09
4.871258778293974e-09
4.962969271660178e-09
4.945520555577065e-09
4.756821672668998e-09
4.604384148260143e-09
3.891299608926868e-09
4.873691727969032e-09
6.1316160482327575e-09
2.5118340567231723e-09
2.3383582396785396e-09
3.872255814607595e-09
2.548509580452274e-09
2.548509580452274e-09
3.872255814607595e-09
2.3383582396785396e-09
2.5118340567231723e-09
6.1316160482327575e-09
4.873691727969032e-09
3.891299608926868e-09
4.604384148260143e-09
4.756821672668998e-09
4.945520555577065e-09
4.962969271660178e-09
4.871258778293974e-09
4.4672004810564214e-09
3.572567372142621e-09
5.196497745996176e-09
3.7989663498327886e-09
0.0015106841456145048
0.0008544285665266216
7.195910534107952e-10
8.240750204620284e-10
1.079197386837094e-09
9.85446208141838e-10
1.4694788354890909e-09
2.80739429099619e-09
4.5798352089898575e-09
3.17802446685167e-09
3.509856034283887e-09
3.7340555994469504e-09
3.987999167009981e-09
4.11960049406801e-09
4.095640059736949e-09
3.950462353075057e-09
3.6500650592297124e-09
3.431101323198016e-09
2.9937712465316624e-09
2.671999340536635e-09
2.580297520787811e-09
2.27296523616638e-09
2.19872232400109e-09
2.336804577965368e-09
2.336804577965368e-09
2.19872232400109e-09
2.27296523616638e-09
2.580297520787811e-09
2.671999340536635e-09
2.9937712465316624e-09
3.431101323198016e-09
3.6500650592297124e-09
3.950462353075057e-09
4.095640059736949e-09
4.11960049406801e-09
3.987999167009981e-09
3.7340555994469504e-09
3.509856034283887e-09
3.17802446685167e-09
4.5798352089898575e-09
2.80739429099619e-09
1.4694788354890909e-09
9.85446208141838e-10
1.079197386837094e-09
1.1370143108285768e-09
1.2335167609567321e-09
1.557365239372721e-09
2.187031371975179e-09
2.534550043800654e-09
2.859995877277366e-09
2.9840570119066268e-09
3.230277590554609e-09
3.410636139830614e-09
3.5256684724482845e-09
3.5297940785550264e-09
3.413847980346385e-09
3.2256426262672333e-09
3.0088266947392306e-09
2.8925143530367237e-09
2.793025793285109e-09
2.6678420757264565e-09
2.541516259599308e-09
2.3758887652408633e-09
2.2633622406842413e-09
2.2633622406842413e-09
2.3758887652408633e-09
2.541516259599308e-09
2.6678420757264565e-09
2.793025793285109e-09
2.8925143530367237e-09
3.0088266947392306e-09
3.2256426262672333e-09
3.413847980346385e-09
3.5297940785550264e-09
3.5256684724482845e-09
3.410636139830614e-09
3.230277590554609e-09
2.9840570119066268e-09
2.859995877277366e-09
2.534550043800654e-09
2.187031371975179e-09
1.557365239372721e-09
1.2335167609567321e-09
1.1370143108285768e-09
1.0805855992987445e-09
1.1754787681422796e-09
1.5087632749058444e-09
2.159084759936758e-09
2.59292717505466e-09
2.9905247115463718e-09
3.0629760880418466e-09
3.2279704083315597e-09
3.403601402454659e-09
3.518532687429854e-09
3.5137079877622934e-09
3.3944908515992633e-09
3.1726689418004606e-09
3.018833880791272e-09
2.892911387872288e-09
2.7479158271753734e-09
2.60848417518722e-09
2.373509158312692e-09
2.193016601648168e-09
2.086875377366182e-09
2.086875377366182e-09
2.193016601648168e-09
2.373509158312692e-09
2.60848417518722e-09
2.7479158271753734e-09
2.892911387872288e-09
3.018833880791272e-09
3.1726689418004606e-09
3.3944908515992633e-09
3.5137079877622934e-09
3.518532687429854e-09
3.403601402454659e-09
3.2279704083315597e-09
3.0629760880418466e-09
2.9905247115463718e-09
2.59292717505466e-09
2.159084759936758e-09
1.5087632749058444e-09
1.1754787681422796e-09
1.0805855992987445e-09
1.0964932304138864e-09
1.2421971003900856e-09
1.574314571935187e-09
2.612205373883625e-09
4.451658659754276e-09
3.5589085931736486e-09
3.6310520562521376e-09
3.727277167464571e-09
4.012451395446481e-09
4.158805244625086e-09
4.153337396228807e-09
3.931944179969005e-09
3.7012953466031284e-09
3.143204013039691e-09
2.8936269613061283e-09
2.8038162069865535e-09
2.3126531072115153e-09
2.215520735621146e-09
2.0929310801803824e-09
2.149293113276607e-09
2.149293113276607e-09
2.0929310801803824e-09
2.215520735621146e-09
2.3126531072115153e-09
2.8038162069865535e-09
2.8936269613061283e-09
3.143204013039691e-09
3.7012953466031284e-09
3.931944179969005e-09
4.153337396228807e-09
4.158805244625086e-09
4.012451395446481e-09
3.727277167464571e-09
3.6310520562521376e-09
3.5589085931736486e-09
4.451658659754276e-09
2.612205373883625e-09
1.574314571935187e-09
1.2421971003900856e-09
1.0964932304138864e-09
1.542695008197037e-09
1.1570182745918034e-09
0.0010247193276882172
0.0012635078746825457
3.498593992637411e-09
6.2788893008536295e-09
4.22968517849176e-09
4.536659242715402e-09
4.993653494184125e-09
5.06635271929623e-09
5.155700085607284e-09
5.0427470359160065e-09
4.172999619467266e-09
5.2797020227979274e-09
4.896614797661458e-09
2.9420730175006016e-09
1.943771966300689e-09
1.5648953487212847e-09
2.79275582694416e-09
2.0738686375837423e-09
2.0738686375837423e-09
2.79275582694416e-09
1.5648953487212847e-09
1.943771966300689e-09
2.9420730175006016e-09
4.896614797661458e-09
5.2797020227979274e-09
4.172999619467266e-09
5.0427470359160065e-09
5.155700085607284e-09
5.06635271929623e-09
4.993653494184125e-09
4.536659242715402e-09
4.22968517849176e-09
6.2788893008536295e-09
3.498593992637411e-09
0.0012635078746825457
0.0010247193276882172
1.1570182745918034e-09
1.542695008197037e-09
1.5337542434018525e-09
0.0011793553130701184
0.0011824655812233686
0.0013446330558508635
0.0016734349774196744
3.987071523631203e-09
6.341847186286387e-09
6.406060144154013e-09
6.230336992846253e-09
6.136291561681384e-09
6.2006602109809794e-09
6.791870451466897e-09
7.206360508327236e-09
6.367909238108593e-09
2.789918253018331e-09
0.001539987395517528
0.0015152260893955827
0.0006515691638924181
2.8174298831451505e-09
2.730192374261753e-09
2.730192374261753e-09
2.8174298831451505e-09
0.0006515691638924181
0.0015152260893955827
0.001539987395517528
2.789918253018331e-09
6.367909238108593e-09
7.206360508327236e-09
6.791870451466897e-09
6.2006602109809794e-09
6.136291561681384e-09
6.230336992846253e-09
6.406060144154013e-09
6.341847186286387e-09
3.987071523631203e-09
0.0016734349774196744
0.0013446330558508635
0.0011824655812233686
0.0011793553130701184
1.5337542434018525e-09
0.0004904349334537983
0.001185699598863721
0.0012367411982268095
0.0013973558088764548
0.0016077543841674924
0.0007342468597926199
7.937379052636029e-09
8.55404896221712e-09
7.152974827034919e-09
6.937605438045447e-09
6.832135118067795e-09
8.327436830379842e-09
9.96497155625331e-09
4.685952580824049e-09
0.0011797517072409391
0.0016388914082199335
0.0015697989147156477
0.0014195519033819437
2.1044238400491633e-09
3.5601315732242123e-09
3.5601315732242123e-09
2.1044238400491633e-09
0.0014195519033819437
0.0015697989147156477
0.0016388914082199335
0.0011797517072409391
4.685952580824049e-09
9.96497155625331e-09
8.327436830379842e-09
6.832135118067795e-09
6.937605438045447e-09
7.152974827034919e-09
8.55404896221712e-09
7.937379052636029e-09
0.0007342468597926199
0.0016077543841674924
0.0013973558088764548
0.0012367411982268095
0.001185699598863721
0.0004904349334537983
0.0004904349334537983
0.001185699598863721
0.0012367411982268095
0.0013973558088764548
0.0016077543841674924
0.0007342468597926199
7.937379052636029e-09
8.55404896221712e-09
7.152974827034919e-09
6.937605438045447e-09
6.832135118067795e-09
8.327436830379842e-09
9.96497155625331e-09
4.685952580824049e-09
0.0011797517072409391
0.0016388914082199335
0.0015697989147156477
0.0014195519033819437
2.1044238400491633e-09
3.5601315732242123e-09
3.5601315732242123e-09
2.1044238400491633e-09
0.0014195519033819437
0.0015697989147156477
0.0016388914082199335
0.0011797517072409391
4.685952580824049e-09
9.96497155625331e-09
8.327436830379842e-09
6.832135118067795e-09
6.937605438045447e-09
7.152974827034919e-09
8.55404896221712e-09
7.937379052636029e-09
0.0007342468597926199
0.0016077543841674924
0.0013973558088764548
0.0012367411982268095
0.001185699598863721
0.0004904349334537983
1.5337542434018525e-09
0.0011793553130701184
0.0011824655812233686
0.0013446330558508635
0.0016734349774196744
3.987071523631203e-09
6.341847186286387e-09
6.406060144154013e-09
6.230336992846253e-09
6.136291561681384e-09
6.2006602109809794e-09
6.791870451466897e-09
7.206360508327236e-09
6.367909238108593e-09
2.789918253018331e-09
0.001539987395517528
0.0015152260893955827
0.0006515691638924181
2.8174298831451505e-09
2.730192374261753e-09
2.730192374261753e-09
2.8174298831451505e-09
0.0006515691638924181
0.0015152260893955827
0.001539987395517528
2.789918253018331e-09
6.367909238108593e-09
7.206360508327236e-09
6.791870451466897e-09
6.2006602109809794e-09
6.136291561681384e-09
6.230336992846253e-09
6.406060144154013e-09
6.341847186286387e-09
3.987071523631203e-09
0.0016734349774196744
0.0013446330558508635
0.0011824655812233686
0.0011793553130701184
1.5337542434018525e-09
1.542695008197037e-09
1.1570182745918034e-09
0.0010247193276882172
0.0012635078746825457
3.498593992637411e-09
6.2788893008536295e-09
4.22968517849176e-09
4.536659242715402e-09
4.993653494184125e-09
5.06635271929623e-09
5.155700085607284e-09
5.0427470359160065e-09
4.172999619467266e-09
5.2797020227979274e-09
4.896614797661458e-09
2.9420730175006016e-09
1.943771966300689e-09
1.5648953487212847e-09
2.79275582694416e-09
2.0738686375837423e-09
2.0738686375837423e-09
2.79275582694416e-09
1.5648953487212847e-09
1.943771966300689e-09
2.9420730175006016e-09
4.896614797661458e-09
5.2797020227979274e-09
4.172999619467266e-09
5.0427470359160065e-09
5.155700085607284e-09
5.06635271929623e-09
4.993653494184125e-09
4.536659242715402e-09
4.22968517849176e-09
6.2788893008536295e-09
3.498593992637411e-09
0.0012635078746825457
0.0010247193276882172
1.1570182745918034e-09
1.542695008197037e-09
1.0964932304138864e-09
1.2421971003900856e-09
1.574314571935187e-09
2.612205373883625e-09
4.451658659754276e-09
3.5589085931736486e-09
3.6310520562521376e-09
3.727277167464571e-09
4.012451395446481e-09
4.158805244625086e-09
4.153337396228807e-09
3.931944179969005e-09
3.7012953466031284e-09
3.143204013039691e-09
2.8936269613061283e-09
2.8038162069865535e-09
2.3126531072115153e-09
2.215520735621146e-09
2.0929310801803824e-09
2.149293113276607e-09
2.149293113276607e-09
2.0929310801803824e-09
2.215520735621146e-09
2.3126531072115153e-09
2.8038162069865535e-09
2.8936269613061283e-09
3.143204013039691e-09
3.7012953466031284e-09
3.931944179969005e-09
4.153337396228807e-09
4.158805244625086e-09
4.012451395446481e-09
3.727277167464571e-09
3.6310520562521376e-09
3.5589085931736486e-09
4.451658659754276e-09
2.612205373883625e-09
1.574314571935187e-09
1.2421971003900856e-09
1.0964932304138864e-09
1.0805855992987445e-09
1.1754787681422796e-09
1.5087632749058444e-09
2.159084759936758e-09
2.59292717505466e-09
2.9905247115463718e-09
3.0629760880418466e-09
3.2279704083315597e-09
3.403601402454659e-09
3.518532687429854e-09
3.5137079877622934e-09
3.3944908515992633e-09
3.1726689418004606e-09
3.018833880791272e-09
2.892911387872288e-09
2.7479158271753734e-09
2.60848417518722e-09
2.373509158312692e-09
2.193016601648168e-09
2.086875377366182e-09
2.086875377366182e-09
2.193016601648168e-09
2.373509158312692e-09
2.60848417518722e-09
2.7479158271753734e-09
2.892911387872288e-09
3.018833880791272e-09
3.1726689418004606e-09
3.3944908515992633e-09
3.5137079877622934e-09
3.518532687429854e-09
3.403601402454659e-09
3.2279704083315597e-09
3.0629760880418466e-09
2.9905247115463718e-09
2.59292717505466e-09
2.159084759936758e-09
1.5087632749058444e-09
1.1754787681422796e-09
1.0805855992987445e-09
1.217892106608609e-09
1.3370905944942724e-09
1.5949715506669015e-09
2.1034927272234327e-09
2.494688700407921e-09
2.9775127675935043e-09
3.1233665827301582e-09
3.272568631015882e-09
3.406938359901135e-09
3.4877912190312e-09
3.461935816143069e-09
3.3136219462770455e-09
3.171728721676481e-09
3.023597431456304e-09
2.8627753379667498e-09
2.71669123828866e-09
2.4690297549534446e-09
2.233825537739653e-09
2.0608176623526653e-09
1.98015670700713e-09
1.98015670700713e-09
2.0608176623526653e-09
2.233825537739653e-09
2.4690297549534446e-09
2.71669123828866e-09
2.8627753379667498e-09
3.023597431456304e-09
3.171728721676481e-09
3.3136219462770455e-09
3.461935816143069e-09
3.4877912190312e-09
3.406938359901135e-09
3.272568631015882e-09
3.1233665827301582e-09
2.9775127675935043e-09
2.494688700407921e-09
2.1034927272234327e-09
1.5949715506669015e-09
1.3370905944942724e-09
1.217892106608609e-09
1.224632808355386e-09
1.4267398026901468e-09
1.679679399041456e-09
2.5225776328907656e-09
4.281805379008352e-09
3.559404290406909e-09
3.834100571753485e-09
3.864965639199802e-09
4.077692610654493e-09
4.143807692813528e-09
4.087716276579556e-09
3.896167243000459e-09
3.294094380948409e-09
2.9036686249872545e-09
2.8096169054497855e-09
2.414204036335632e-09
2.1622506302804156e-09
2.0159260545604685e-09
2.002174684725966e-09
2.04148156712769e-09
2.04148156712769e-09
2.002174684725966e-09
2.0159260545604685e-09
2.1622506302804156e-09
2.414204036335632e-09
2.8096169054497855e-09
2.9036686249872545e-09
3.294094380948409e-09
3.896167243000459e-09
4.087716276579556e-09
4.143807692813528e-09
4.077692610654493e-09
3.864965639199802e-09
3.834100571753485e-09
3.559404290406909e-09
4.281805379008352e-09
2.5225776328907656e-09
1.679679399041456e-09
1.4267398026901468e-09
1.224632808355386e-09
2.8206111491596575e-09
1.585480228008529e-09
0.0011127301258966327
0.0012207566760480404
3.3004736096908793e-09
6.13272757229999e-09
4.521027649473375e-09
4.9368339277711115e-09
5.112724913575173e-09
5.1449205139275644e-09
4.949262354114747e-09
5.280081059877428e-09
5.910480872090007e-09
4.473208695815467e-09
2.6808702827119113e-09
2.0569015241056476e-09
1.5020123816586461e-09
1.553260016266822e-09
2.420741124914416e-09
2.1017892287700235e-09
2.1017892287700235e-09
2.420741124914416e-09
1.553260016266822e-09
1.5020123816586461e-09
2.0569015241056476e-09
2.6808702827119113e-09
4.473208695815467e-09
5.910480872090007e-09
5.280081059877428e-09
4.949262354114747e-09
5.1449205139275644e-09
5.112724913575173e-09
4.9368339277711115e-09
4.521027649473375e-09
6.13272757229999e-09
3.3004736096908793e-09
0.0012207566760480404
0.0011127301258966327
1.585480228008529e-09
2.8206111491596575e-09
2.954464580970373e-09
0.0015162831405177712
0.0011782227084040642
0.0012798754032701254
0.0016246587038040161
8.357967963557034e-09
7.888765161945255e-09
6.846044564579046e-09
6.482765279453018e-09
6.313078098479918e-09
6.208755298081625e-09
6.495331182632125e-09
7.722139767907255e-09
2.1440048087600916e-09
0.001230526133440435
0.0015548698138445616
0.001272841589525342
2.099047931997111e-09
2.9289615437883e-09
2.3989241582783594e-09
2.3989241582783594e-09
2.9289615437883e-09
2.099047931997111e-09
0.001272841589525342
0.0015548698138445616
0.001230526133440435
2.1440048087600916e-09
7.722139767907255e-09
6.495331182632125e-09
6.208755298081625e-09
6.313078098479918e-09
6.482765279453018e-09
6.846044564579046e-09
7.888765161945255e-09
8.357967963557034e-09
0.0016246587038040161
0.0012798754032701254
0.0011782227084040642
0.0015162831405177712
2.954464580970373e-09
0.000728115439414978
0.0011364442761987448
0.0012570108519867063
0.0012784367427229881
0.0022423872724175453
9.579078849575318e-09
1.0594304079847294e-08
8.833139948649649e-09
7.57009038787615e-09
7.133090125510666e-09
7.341744399924632e-09
6.9001367120069546e-09
6.804066858545621e-09
0.0004814760177396238
0.001418965170159936
0.0014963786816224456
0.0018128540832549334
4.141700871151954e-09
2.859814381833692e-09
2.825232669340094e-09
2.825232669340094e-09
2.859814381833692e-09
4.141700871151954e-09
0.0018128540832549334
0.0014963786816224456
0.001418965170159936
0.0004814760177396238
6.804066858545621e-09
6.9001367120069546e-09
7.341744399924632e-09
7.133090125510666e-09
7.57009038787615e-09
8.833139948649649e-09
1.0594304079847294e-08
9.579078849575318e-09
0.0022423872724175453
0.0012784367427229881
0.0012570108519867063
0.0011364442761987448
0.000728115439414978
0.000728115439414978
0.0011364442761987448
0.0012570108519867063
0.0012784367427229881
0.0022423872724175453
9.579078849575318e-09
1.0594304079847294e-08
8.833139948649649e-09
7.57009038787615e-09
7.133090125510666e-09
7.341744399924632e-09
6.9001367120069546e-09
6.804066858545621e-09
0.0004814760177396238
0.001418965170159936
0.0014963786816224456
0.0018128540832549334
4.141700871151954e-09
2.859814381833692e-09
2.825232669340094e-09
2.825232669340094e-09
2.859814381833692e-09
4.141700871151954e-09
0.0018128540832549334
0.0014963786816224456
0.001418965170159936
0.0004814760177396238
6.804066858545621e-09
6.9001367120069546e-09
7.341744399924632e-09
7.133090125510666e-09
7.57009038787615e-09
8.833139948649649e-09
1.0594304079847294e-08
9.579078849575318e-09
0.0022423872724175453
0.0012784367427229881
0.0012570108519867063
0.0011364442761987448
0.000728115439414978
2.954464580970373e-09
0.0015162831405177712
0.0011782227084040642
0.0012798754032701254
0.0016246587038040161
8.357967963557034e-09
7.888765161945255e-09
6.846044564579046e-09
6.482765279453018e-09
6.313078098479918e-09
6.208755298081625e-09
6.495331182632125e-09
7.722139767907255e-09
2.1440048087600916e-09
0.001230526133440435
0.0015548698138445616
0.001272841589525342
2.099047931997111e-09
2.9289615437883e-09
2.3989241582783594e-09
2.3989241582783594e-09
2.9289615437883e-09
2.099047931997111e-09
0.001272841589525342
0.0015548698138445616
0.001230526133440435
2.1440048087600916e-09
7.722139767907255e-09
6.495331182632125e-09
6.208755298081625e-09
6.313078098479918e-09
6.482765279453018e-09
6.846044564579046e-09
7.888765161945255e-09
8.357967963557034e-09
0.0016246587038040161
0.0012798754032701254
0.0011782227084040642
0.0015162831405177712
2.954464580970373e-09
2.8206111491596575e-09
1.585480228008529e-09
0.0011127301258966327
0.0012207566760480404
3.3004736096908793e-09
6.13272757229999e-09
4.521027649473375e-09
4.9368339277711115e-09
5.112724913575173e-09
5.1449205139275644e-09
4.949262354114747e-09
5.280081059877428e-09
5.910480872090007e-09
4.473208695815467e-09
2.6808702827119113e-09
2.0569015241056476e-09
1.5020123816586461e-09
1.553260016266822e-09
2.420741124914416e-09
2.1017892287700235e-09
2.1017892287700235e-09
2.420741124914416e-09
1.553260016266822e-09
1.5020123816586461e-09
2.0569015241056476e-09
2.6808702827119113e-09
4.473208695815467e-09
5.910480872090007e-09
5.280081059877428e-09
4.949262354114747e-09
5.1449205139275644e-09
5.112724913575173e-09
4.9368339277711115e-09
4.521027649473375e-09
6.13272757229999e-09
3.3004736096908793e-09
0.0012207566760480404
0.0011127301258966327
1.585480228008529e-09
2.8206111491596575e-09
1.224632808355386e-09
1.4267398026901468e-09
1.679679399041456e-09
2.5225776328907656e-09
4.281805379008352e-09
3.559404290406909e-09
3.834100571753485e-09
3.864965639199802e-09
4.077692610654493e-09
4.143807692813528e-09
4.087716276579556e-09
3.896167243000459e-09
3.294094380948409e-09
2.9036686249872545e-09
2.8096169054497855e-09
2.414204036335632e-09
2.1622506302804156e-09
2.0159260545604685e-09
2.002174684725966e-09
2.04148156712769e-09
2.04148156712769e-09
2.002174684725966e-09
2.0159260545604685e-09
2.1622506302804156e-09
2.414204036335632e-09
2.8096169054497855e-09
2.9036686249872545e-09
3.294094380948409e-09
3.896167243000459e-09
4.087716276579556e-09
4.143807692813528e-09
4.077692610654493e-09
3.864965639199802e-09
3.834100571753485e-09
3.559404290406909e-09
4.281805379008352e-09
2.5225776328907656e-09
1.679679399041456e-09
1.4267398026901468e-09
1.224632808355386e-09
1.217892106608609e-09
1.3370905944942724e-09
1.5949715506669015e-09
2.1034927272234327e-09
2.494688700407921e-09
2.9775127675935043e-09
3.1233665827301582e-09
3.272568631015882e-09
3.406938359901135e-09
3.4877912190312e-09
3.461935816143069e-09
3.3136219462770455e-09
3.171728721676481e-09
3.023597431456304e-09
2.8627753379667498e-09
2.71669123828866e-09
2.4690297549534446e-09
2.233825537739653e-09
2.0608176623526653e-09
1.98015670700713e-09
1.98015670700713e-09
2.0608176623526653e-09
2.233825537739653e-09
2.4690297549534446e-09
2.71669123828866e-09
2.8627753379667498e-09
3.023597431456304e-09
3.171728721676481e-09
3.3136219462770455e-09
3.461935816143069e-09
3.4877912190312e-09
3.406938359901135e-09
3.272568631015882e-09
3.1233665827301582e-09
2.9775127675935043e-09
2.494688700407921e-09
2.1034927272234327e-09
1.5949715506669015e-09
1.3370905944942724e-09
1.217892106608609e-09
1.260988384023387e-09
1.4558897707198093e-09
1.666612269198009e-09
2.0555783637743463e-09
2.3769501991677267e-09
2.8970354760959882e-09
3.158228019384257e-09
3.3321537803304713e-09
3.4317611686401905e-09
3.4474088080743703e-09
3.3911068397785016e-09
3.253600080327379e-09
3.1342196633171726e-09
2.9663097065452115e-09
2.8319282682764957e-09
2.574465814142446e-09
2.3226646300722464e-09
2.1244987106344704e-09
1.9950490912079566e-09
1.9457838118519533e-09
1.9457838118519533e-09
1.9950490912079566e-09
2.1244987106344704e-09
2.3226646300722464e-09
2.574465814142446e-09
2.8319282682764957e-09
2.9663097065452115e-09
3.1342196633171726e-09
3.253600080327379e-09
3.3911068397785016e-09
3.4474088080743703e-09
3.4317611686401905e-09
3.3321537803304713e-09
3.158228019384257e-09
2.8970354760959882e-09
2.3769501991677267e-09
2.0555783637743463e-09
1.666612269198009e-09
1.4558897707198093e-09
1.260988384023387e-09
1.9341505393816183e-09
1.9627580810643863e-09
1.7618301565922034e-09
2.3506819320923134e-09
4.049708051540035e-09
3.3793801090808984e-09
3.818559617813078e-09
4.062312118635614e-09
4.1419814626741935e-09
4.1131893897816685e-09
3.89667985378761e-09
3.7466965294163934e-09
3.293508044413529e-09
3.0375218399575354e-09
2.492236668774628e-09
2.3813780808401575e-09
2.158149093461903e-09
2.000245889061114e-09
2.046004208069996e-09
2.0611431398448454e-09
2.0611431398448454e-09
2.046004208069996e-09
2.000245889061114e-09
2.158149093461903e-09
2.3813780808401575e-09
2.492236668774628e-09
3.0375218399575354e-09
3.293508044413529e-09
3.7466965294163934e-09
3.89667985378761e-09
4.1131893897816685e-09
4.1419814626741935e-09
4.062312118635614e-09
3.818559617813078e-09
3.3793801090808984e-09
4.049708051540035e-09
2.3506819320923134e-09
1.7618301565922034e-09
1.9627580810643863e-09
1.9341505393816183e-09
1.5056418568512586e-09
1.688660062476588e-09
0.001319959992542863
0.0011247385991737247
3.1078065468315152e-09
6.460462373403253e-09
5.0438659325580115e-09
5.068040171557486e-09
5.24205462024141e-09
5.099281673998091e-09
5.021754279771473e-09
4.273723736014645e-09
4.548821389005475e-09
2.311897851978162e-09
2.1859124753331738e-09
1.887886765319924e-09
1.8895180559086455e-09
2.0333827937396576e-09
2.0963192119693996e-09
2.2040429377423454e-09
2.2040429377423454e-09
2.0963192119693996e-09
2.0333827937396576e-09
1.8895180559086455e-09
1.887886765319924e-09
2.1859124753331738e-09
2.311897851978162e-09
4.548821389005475e-09
4.273723736014645e-09
5.021754279771473e-09
5.099281673998091e-09
5.24205462024141e-09
5.068040171557486e-09
5.0438659325580115e-09
6.460462373403253e-09
3.1078065468315152e-09
0.0011247385991737247
0.001319959992542863
1.688660062476588e-09
1.5056418568512586e-09
0.00045272253919392824
0.001216678530909121
0.0013374504633247852
0.0012774959905073047
0.0012804173165932298
8.420280965537597e-09
5.878522061492086e-09
6.336348980229278e-09
6.637840884587964e-09
6.565153802540191e-09
6.333877866637749e-09
7.3282014137476814e-09
6.47600332734366e-09
0.0007541647646576166
0.0016002071788534522
0.0015197243774309754
1.2919372602976376e-09
2.629027421111041e-09
2.1278057441009857e-09
2.393580776291482e-09
2.393580776291482e-09
2.1278057441009857e-09
2.629027421111041e-09
1.2919372602976376e-09
0.0015197243774309754
0.0016002071788534522
0.0007541647646576166
6.47600332734366e-09
7.3282014137476814e-09
6.333877866637749e-09
6.565153802540191e-09
6.637840884587964e-09
6.336348980229278e-09
5.878522061492086e-09
8.420280965537597e-09
0.0012804173165932298
0.0012774959905073047
0.0013374504633247852
0.001216678530909121
0.00045272253919392824
0.0006733035552315414
0.001062260940670967
0.0012747921282425523
0.0014529796317219734
0.0015374795766547322
7.4244568826209445e-09
5.767540958712125e-09
7.382027281122028e-09
7.69552043616839e-09
7.82767340529178e-09
7.38682552625658e-09
9.523513054554567e-09
8.96052763238453e-09
0.0019128264393657446
0.001492801820859313
0.0015199504559859633
0.0005973792867735028
2.7912817456704486e-09
2.1570078622551447e-09
2.5028839677893044e-09
2.5028839677893044e-09
2.1570078622551447e-09
2.7912817456704486e-09
0.0005973792867735028
0.0015199504559859633
0.001492801820859313
0.0019128264393657446
8.96052763238453e-09
9.523513054554567e-09
7.38682552625658e-09
7.82767340529178e-09
7.69552043616839e-09
7.382027281122028e-09
5.767540958712125e-09
7.4244568826209445e-09
0.0015374795766547322
0.0014529796317219734
0.0012747921282425523
0.001062260940670967
0.0006733035552315414
0.0006733035552315414
0.001062260940670967
0.0012747921282425523
0.0014529796317219734
0.0015374795766547322
7.4244568826209445e-09
5.767540958712125e-09
7.382027281122028e-09
7.69552043616839e-09
7.82767340529178e-09
7.38682552625658e-09
9.523513054554567e-09
8.96052763238453e-09
0.0019128264393657446
0.001492801820859313
0.0015199504559859633
0.0005973792867735028
2.7912817456704486e-09
2.1570078622551447e-09
2.5028839677893044e-09
2.5028839677893044e-09
2.1570078622551447e-09
2.7912817456704486e-09
0.0005973792867735028
0.0015199504559859633
0.001492801820859313
0.0019128264393657446
8.96052763238453e-09
9.523513054554567e-09
7.38682552625658e-09
7.82767340529178e-09
7.69552043616839e-09
7.382027281122028e-09
5.767540958712125e-09
7.4244568826209445e-09
0.0015374795766547322
0.0014529796317219734
0.0012747921282425523
0.001062260940670967
0.0006733035552315414
0.00045272253919392824
0.001216678530909121
0.0013374504633247852
0.0012774959905073047
0.0012804173165932298
8.420280965537597e-09
5.878522061492086e-09
6.336348980229278e-09
6.637840884587964e-09
6.565153802540191e-09
6.333877866637749e-09
7.3282014137476814e-09
6.47600332734366e-09
0.0007541647646576166
0.0016002071788534522
0.0015197243774309754
1.2919372602976376e-09
2.629027421111041e-09
2.1278057441009857e-09
2.393580776291482e-09
2.393580776291482e-09
2.1278057441009857e-09
2.629027421111041e-09
1.2919372602976376e-09
0.0015197243774309754
0.0016002071788534522
0.0007541647646576166
6.47600332734366e-09
7.3282014137476814e-09
6.333877866637749e-09
6.565153802540191e-09
6.637840884587964e-09
6.336348980229278e-09
5.878522061492086e-09
8.420280965537597e-09
0.0012804173165932298
0.0012774959905073047
0.0013374504633247852
0.001216678530909121
0.00045272253919392824
1.5056418568512586e-09
1.688660062476588e-09
0.001319959992542863
0.0011247385991737247
3.1078065468315152e-09
6.460462373403253e-09
5.0438659325580115e-09
5.068040171557486e-09
5.24205462024141e-09
5.099281673998091e-09
5.021754279771473e-09
4.273723736014645e-09
4.548821389005475e-09
2.311897851978162e-09
2.1859124753331738e-09
1.887886765319924e-09
1.8895180559086455e-09
2.0333827937396576e-09
2.0963192119693996e-09
2.2040429377423454e-09
2.2040429377423454e-09
2.0963192119693996e-09
2.0333827937396576e-09
1.8895180559086455e-09
1.887886765319924e-09
2.1859124753331738e-09
2.311897851978162e-09
4.548821389005475e-09
4.273723736014645e-09
5.021754279771473e-09
5.099281673998091e-09
5.24205462024141e-09
5.068040171557486e-09
5.0438659325580115e-09
6.460462373403253e-09
3.1078065468315152e-09
0.0011247385991737247
0.001319959992542863
1.688660062476588e-09
1.5056418568512586e-09
1.9341505393816183e-09
1.9627580810643863e-09
1.7618301565922034e-09
2.3506819320923134e-09
4.049708051540035e-09
3.3793801090808984e-09
3.818559617813078e-09
4.062312118635614e-09
4.1419814626741935e-09
4.1131893897816685e-09
3.89667985378761e-09
3.7466965294163934e-09
3.293508044413529e-09
3.0375218399575354e-09
2.492236668774628e-09
2.3813780808401575e-09
2.158149093461903e-09
2.000245889061114e-09
2.046004208069996e-09
2.0611431398448454e-09
2.0611431398448454e-09
2.046004208069996e-09
2.000245889061114e-09
2.158149093461903e-09
2.3813780808401575e-09
2.492236668774628e-09
3.0375218399575354e-09
3.293508044413529e-09
3.7466965294163934e-09
3.89667985378761e-09
4.1131893897816685e-09
4.1419814626741935e-09
4.062312118635614e-09
3.818559617813078e-09
3.3793801090808984e-09
4.049708051540035e-09
2.3506819320923134e-09
1.7618301565922034e-09
1.9627580810643863e-09
1.9341505393816183e-09
1.260988384023387e-09
1.4558897707198093e-09
1.666612269198009e-09
2.0555783637743463e-09
2.3769501991677267e-09
2.8970354760959882e-09
3.158228019384257e-09
3.3321537803304713e-09
3.4317611686401905e-09
3.4474088080743703e-09
3.3911068397785016e-09
3.253600080327379e-09
3.1342196633171726e-09
2.9663097065452115e-09
2.8319282682764957e-09
2.574465814142446e-09
2.3226646300722464e-09
2.1244987106344704e-09
1.9950490912079566e-09
1.9457838118519533e-09
1.9457838118519533e-09
1.9950490912079566e-09
2.1244987106344704e-09
2.3226646300722464e-09
2.574465814142446e-09
2.8319282682764957e-09
2.9663097065452115e-09
3.1342196633171726e-09
3.253600080327379e-09
3.3911068397785016e-09
3.4474088080743703e-09
3.4317611686401905e-09
3.3321537803304713e-09
3.158228019384257e-09
2.8970354760959882e-09
2.3769501991677267e-09
2.0555783637743463e-09
1.666612269198009e-09
1.4558897707198093e-09
1.260988384023387e-09
1.3744192416120793e-09
1.4064257571055894e-09
1.744720036847558e-09
2.1230137873390342e-09
2.3790435767223617e-09
2.9371192977745153e-09
3.2276401603498206e-09
3.3903674138968665e-09
3.445103360574797e-09
3.410895697830707e-09
3.305354687871409e-09
3.240062298320856e-09
3.124963829370664e-09
2.931837932151904e-09
2.7109653497753294e-09
2.4368369735267015e-09
2.200845408695251e-09
2.05225246519003e-09
1.981305093948227e-09
1.9550613298419117e-09
1.9550613298419117e-09
1.981305093948227e-09
2.05225246519003e-09
2.200845408695251e-09
2.4368369735267015e-09
2.7109653497753294e-09
2.931837932151904e-09
3.124963829370664e-09
3.240062298320856e-09
3.305354687871409e-09
3.410895697830707e-09
3.445103360574797e-09
3.3903674138968665e-09
3.2276401603498206e-09
2.9371192977745153e-09
2.3790435767223617e-09
2.1230137873390342e-09
1.744720036847558e-09
1.4064257571055894e-09
1.3744192416120793e-09
2.235268393990797e-09
3.491525644994109e-09
2.034736094891354e-09
2.0857113779138015e-09
3.4703639701511024e-09
3.2667581747330976e-09
4.011506838513812e-09
4.191546849191541e-09
4.197399372518618e-09
4.0042144947016745e-09
3.867377338512279e-09
3.4096347707041064e-09
3.0202223100933567e-09
2.8325532024087163e-09
2.38011585267095e-09
2.1435101957290037e-09
2.1476572690387608e-09
2.0736257762971055e-09
2.063466151419613e-09
2.0858317243549473e-09
2.0858317243549473e-09
2.063466151419613e-09
2.0736257762971055e-09
2.1476572690387608e-09
2.1435101957290037e-09
2.38011585267095e-09
2.8325532024087163e-09
3.0202223100933567e-09
3.4096347707041064e-09
3.867377338512279e-09
4.0042144947016745e-09
4.197399372518618e-09
4.191546849191541e-09
4.011506838513812e-09
3.2667581747330976e-09
3.4703639701511024e-09
2.0857113779138015e-09
2.034736094891354e-09
3.491525644994109e-09
2.235268393990797e-09
1.8089417767527816e-09
4.063512980961859e-09
0.001806647633202374
0.0008782899822108448
2.683283283066995e-09
6.019779293098271e-09
5.35122510539332e-09
5.442263393412583e-09
5.3102171097829665e-09
5.293174752674101e-09
4.5413126384397096e-09
5.697682343291932e-09
6.855126709337522e-09
2.7231723820353437e-09
2.52300264014238e-09
4.042019323413637e-09
2.3532285061550473e-09
2.0726172514362595e-09
2.17621038377247e-09
2.1794603882047126e-09
2.1794603882047126e-09
2.17621038377247e-09
2.0726172514362595e-09
2.3532285061550473e-09
4.042019323413637e-09
2.52300264014238e-09
2.7231723820353437e-09
6.855126709337522e-09
5.697682343291932e-09
4.5413126384397096e-09
5.293174752674101e-09
5.3102171097829665e-09
5.442263393412583e-09
5.35122510539332e-09
6.019779293098271e-09
2.683283283066995e-09
0.0008782899822108448
0.001806647633202374
4.063512980961859e-09
1.8089417767527816e-09
0.0007059710915200412
0.0013494514860212803
0.0014543758006766438
0.0012065633200109005
0.0009118631132878363
7.971050035304739e-09
6.9397881538590944e-09
6.778131441537161e-09
6.885654806748631e-09
6.802916303200179e-09
8.271044439622788e-09
7.385444686369702e-09
6.55848379077506e-09
0.0020229278597980738
0.0017878867220133543
4.113131276545223e-09
2.2124190500460994e-09
2.6712972112097333e-09
2.3001670013123032e-09
2.2580177744951913e-09
2.2580177744951913e-09
2.3001670013123032e-09
2.6712972112097333e-09
2.2124190500460994e-09
4.113131276545223e-09
0.0017878867220133543
0.0020229278597980738
6.55848379077506e-09
7.385444686369702e-09
8.271044439622788e-09
6.802916303200179e-09
6.885654806748631e-09
6.778131441537161e-09
6.9397881538590944e-09
7.971050035304739e-09
0.0009118631132878363
0.0012065633200109005
0.0014543758006766438
0.0013494514860212803
0.0007059710915200412
0.0007571950554847717
0.0010550044244155288
0.0013279138365760446
0.0013982593081891537
0.0012652239529415965
7.412031925724261e-09
7.53632833222495e-09
7.68922078786538e-09
8.20740957835353e-09
7.978256943985684e-09
1.1645753805744619e-08
6.203506892205057e-09
0.002179390750825405
0.0017563400324434042
0.001537324977107346
0.0013740007998421788
1.7147098628142454e-09
3.305247785537202e-09
2.3800820255631683e-09
2.3075194099247964e-09
2.3075194099247964e-09
2.3800820255631683e-09
3.305247785537202e-09
1.7147098628142454e-09
0.0013740007998421788
0.001537324977107346
0.0017563400324434042
0.002179390750825405
6.203506892205057e-09
1.1645753805744619e-08
7.978256943985684e-09
8.20740957835353e-09
7.68922078786538e-09
7.53632833222495e-09
7.412031925724261e-09
0.0012652239529415965
0.0013982593081891537
0.0013279138365760446
0.0010550044244155288
0.0007571950554847717
0.0007571950554847717
0.0010550044244155288
0.0013279138365760446
0.0013982593081891537
0.0012652239529415965
7.412031925724261e-09
7.53632833222495e-09
7.68922078786538e-09
8.20740957835353e-09
7.978256943985684e-09
1.1645753805744619e-08
6.203506892205057e-09
0.002179390750825405
0.0017563400324434042
0.001537324977107346
0.0013740007998421788
1.7147098628142454e-09
3.305247785537202e-09
2.3800820255631683e-09
2.3075194099247964e-09
2.3075194099247964e-09
2.3800820255631683e-09
3.305247785537202e-09
1.7147098628142454e-09
0.0013740007998421788
0.001537324977107346
0.0017563400324434042
0.002179390750825405
6.203506892205057e-09
1.1645753805744619e-08
7.978256943985684e-09
8.20740957835353e-09
7.68922078786538e-09
7.53632833222495e-09
7.412031925724261e-09
0.0012652239529415965
0.0013982593081891537
0.0013279138365760446
0.0010550044244155288
0.0007571950554847717
0.0007059710915200412
0.0013494514860212803
0.0014543758006766438
0.0012065633200109005
0.0009118631132878363
7.971050035304739e-09
6.9397881538590944e-09
6.778131441537161e-09
6.885654806748631e-09
6.802916303200179e-09
8.271044439622788e-09
7.385444686369702e-09
6.55848379077506e-09
0.0020229278597980738
0.0017878867220133543
4.113131276545223e-09
2.2124190500460994e-09
2.6712972112097333e-09
2.3001670013123032e-09
2.2580177744951913e-09
2.2580177744951913e-09
2.3001670013123032e-09
2.6712972112097333e-09
2.2124190500460994e-09
4.113131276545223e-09
0.0017878867220133543
0.0020229278597980738
6.55848379077506e-09
7.385444686369702e-09
8.271044439622788e-09
6.802916303200179e-09
6.885654806748631e-09
6.778131441537161e-09
6.9397881538590944e-09
7.971050035304739e-09
0.0009118631132878363
0.0012065633200109005
0.0014543758006766438
0.0013494514860212803
0.0007059710915200412
1.8089417767527816e-09
4.063512980961859e-09
0.001806647633202374
0.0008782899822108448
2.683283283066995e-09
6.019779293098271e-09
5.35122510539332e-09
5.442263393412583e-09
5.3102171097829665e-09
5.293174752674101e-09
4.5413126384397096e-09
5.697682343291932e-09
6.855126709337522e-09
2.7231723820353437e-09
2.52300264014238e-09
4.042019323413637e-09
2.3532285061550473e-09
2.0726172514362595e-09
2.17621038377247e-09
2.1794603882047126e-09
2.1794603882047126e-09
2.17621038377247e-09
2.0726172514362595e-09
2.3532285061550473e-09
4.042019323413637e-09
2.52300264014238e-09
2.7231723820353437e-09
6.855126709337522e-09
5.697682343291932e-09
4.5413126384397096e-09
5.293174752674101e-09
5.3102171097829665e-09
5.442263393412583e-09
5.35122510539332e-09
6.019779293098271e-09
2.683283283066995e-09
0.0008782899822108448
0.001806647633202374
4.063512980961859e-09
1.8089417767527816e-09
2.235268393990797e-09
3.491525644994109e-09
2.034736094891354e-09
2.0857113779138015e-09
3.4703639701511024e-09
3.2667581747330976e-09
4.011506838513812e-09
4.191546849191541e-09
4.197399372518618e-09
4.0042144947016745e-09
3.867377338512279e-09
3.4096347707041064e-09
3.0202223100933567e-09
2.8325532024087163e-09
2.38011585267095e-09
2.1435101957290037e-09
2.1476572690387608e-09
2.0736257762971055e-09
2.063466151419613e-09
2.0858317243549473e-09
2.0858317243549473e-09
2.063466151419613e-09
2.0736257762971055e-09
2.1476572690387608e-09
2.1435101957290037e-09
2.38011585267095e-09
2.8325532024087163e-09
3.0202223100933567e-09
3.4096347707041064e-09
3.867377338512279e-09
4.0042144947016745e-09
4.197399372518618e-09
4.191546849191541e-09
4.011506838513812e-09
3.2667581747330976e-09
3.4703639701511024e-09
2.0857113779138015e-09
2.034736094891354e-09
3.491525644994109e-09
2.235268393990797e-09
1.3744192416120793e-09
1.4064257571055894e-09
1.744720036847558e-09
2.1230137873390342e-09
2.3790435767223617e-09
2.9371192977745153e-09
3.2276401603498206e-09
3.3903674138968665e-09
3.445103360574797e-09
3.410895697830707e-09
3.305354687871409e-09
3.240062298320856e-09
3.124963829370664e-09
2.931837932151904e-09
2.7109653497753294e-09
2.4368369735267015e-09
2.200845408695251e-09
2.05225246519003e-09
1.981305093948227e-09
1.9550613298419117e-09
1.9550613298419117e-09
1.981305093948227e-09
2.05225246519003e-09
2.200845408695251e-09
2.4368369735267015e-09
2.7109653497753294e-09
2.931837932151904e-09
3.124963829370664e-09
3.240062298320856e-09
3.305354687871409e-09
3.410895697830707e-09
3.445103360574797e-09
3.3903674138968665e-09
3.2276401603498206e-09
2.9371192977745153e-09
2.3790435767223617e-09
2.1230137873390342e-09
1.744720036847558e-09
1.4064257571055894e-09
1.3744192416120793e-09
1.5053085731034366e-09
1.7510153483418778e-09
2.0399630335649066e-09
2.541052221069484e-09
2.684293542651317e-09
3.0464357165388423e-09
3.3012509826485514e-09
3.389611291301775e-09
3.4162655343505932e-09
3.3246851452450876e-09
3.2770669858295243e-09
3.202740590096953e-09
3.046152522931389e-09
2.8542010335058654e-09
2.541934978478322e-09
2.2891714565598242e-09
2.112885821164978e-09
2.021306949942514e-09
1.9842651827195468e-09
1.9772254580135984e-09
1.9772254580135984e-09
1.9842651827195468e-09
2.021306949942514e-09
2.112885821164978e-09
2.2891714565598242e-09
2.541934978478322e-09
2.8542010335058654e-09
3.046152522931389e-09
3.202740590096953e-09
3.2770669858295243e-09
3.3246851452450876e-09
3.4162655343505932e-09
3.389611291301775e-09
3.3012509826485514e-09
3.0464357165388423e-09
2.684293542651317e-09
2.541052221069484e-09
2.0399630335649066e-09
1.7510153483418778e-09
1.5053085731034366e-09
1.5767876370906264e-09
1.7404178142069182e-09
2.1639840527137855e-09
2.3616067868631463e-09
3.810363916750825e-09
4.003646372763292e-09
4.10157715083348e-09
4.297232274880214e-09
4.127435806328128e-09
4.016136381790325e-09
3.5193304433883688e-09
3.2557932044818827e-09
3.101442930600329e-09
2.4972023147246114e-09
2.3082963492015995e-09
2.0994859496747953e-09
2.0975753686064413e-09
2.0531517024718893e-09
2.0924251914467007e-09
2.1054651078156184e-09
2.1054651078156184e-09
2.0924251914467007e-09
2.0531517024718893e-09
2.0975753686064413e-09
2.0994859496747953e-09
2.3082963492015995e-09
2.4972023147246114e-09
3.101442930600329e-09
3.2557932044818827e-09
3.5193304433883688e-09
4.016136381790325e-09
4.127435806328128e-09
4.297232274880214e-09
4.10157715083348e-09
4.003646372763292e-09
3.810363916750825e-09
2.3616067868631463e-09
2.1639840527137855e-09
1.7404178142069182e-09
1.5767876370906264e-09
1.1725559759256932e-09
0.0006879887077957392
0.0014160581631585956
0.0007138797082006931
2.508837538758857e-09
6.145888485631357e-09
5.909519401603447e-09
5.705016754148362e-09
5.53820227525148e-09
4.665488915339688e-09
6.107618317346963e-09
5.612374714275559e-09
3.2439250938209874e-09
2.0594348709018773e-09
1.5979640570831788e-09
2.6571318929857757e-09
1.9060007478560737e-09
2.193001856498622e-09
2.2040464071892973e-09
2.2169408236266674e-09
2.2169408236266674e-09
2.2040464071892973e-09
2.193001856498622e-09
1.9060007478560737e-09
2.6571318929857757e-09
1.5979640570831788e-09
2.0594348709018773e-09
3.2439250938209874e-09
5.612374714275559e-09
6.107618317346963e-09
4.665488915339688e-09
5.53820227525148e-09
5.705016754148362e-09
5.909519401603447e-09
6.145888485631357e-09
2.508837538758857e-09
0.0007138797082006931
0.0014160581631585956
0.0006879887077957392
1.1725559759256932e-09
0.0008252475527115166
0.0010504896054044366
0.001362749026156962
0.0012584301875904202
0.0005892677581869066
8.291116057601577e-09
7.714870409181174e-09
7.2360420606820686e-09
7.919052566474072e-09
8.68746481003102e-09
7.82620322714589e-09
3.167281107524511e-09
0.001586244790814817
0.0015244530513882637
0.0006185176316648722
2.491504398627331e-09
2.2328432505713813e-09
2.3630318621986612e-09
2.4098338342187775e-09
2.3100733565623033e-09
2.3100733565623033e-09
2.4098338342187775e-09
2.3630318621986612e-09
2.2328432505713813e-09
2.491504398627331e-09
0.0006185176316648722
0.0015244530513882637
0.001586244790814817
3.167281107524511e-09
7.82620322714589e-09
8.68746481003102e-09
7.919052566474072e-09
7.2360420606820686e-09
7.714870409181174e-09
8.291116057601577e-09
0.0005892677581869066
0.0012584301875904202
0.001362749026156962
0.0010504896054044366
0.0008252475527115166
0.000797165441326797
0.001061709481291473
0.0013168121222406626
0.0013560372171923518
0.0011016952339559793
7.792227800507145e-09
7.960154237152128e-09
8.321148457779426e-09
1.0161239037687064e-08
1.2521570585954933e-08
6.147571601083923e-09
0.0012611320707947016
0.001672443118877709
0.0015495354309678078
0.0012672909069806337
1.8410349199998732e-09
2.6733925403282788e-09
2.464913039304517e-09
2.602667213691401e-09
2.365009446961275e-09
2.365009446961275e-09
2.602667213691401e-09
2.464913039304517e-09
2.6733925403282788e-09
1.8410349199998732e-09
0.0012672909069806337
0.0015495354309678078
0.001672443118877709
0.0012611320707947016
6.147571601083923e-09
1.2521570585954933e-08
1.0161239037687064e-08
8.321148457779426e-09
7.960154237152128e-09
7.792227800507145e-09
0.0011016952339559793
0.0013560372171923518
0.0013168121222406626
0.001061709481291473
0.000797165441326797
0.000797165441326797
0.001061709481291473
0.0013168121222406626
0.0013560372171923518
0.0011016952339559793
7.792227800507145e-09
7.960154237152128e-09
8.321148457779426e-09
1.0161239037687064e-08
1.2521570585954933e-08
6.147571601083923e-09
0.0012611320707947016
0.001672443118877709
0.0015495354309678078
0.0012672909069806337
1.8410349199998732e-09
2.6733925403282788e-09
2.464913039304517e-09
2.602667213691401e-09
2.365009446961275e-09
2.365009446961275e-09
2.602667213691401e-09
2.464913039304517e-09
2.6733925403282788e-09
1.8410349199998732e-09
0.0012672909069806337
0.0015495354309678078
0.001672443118877709
0.0012611320707947016
6.147571601083923e-09
1.2521570585954933e-08
1.0161239037687064e-08
8.321148457779426e-09
7.960154237152128e-09
7.792227800507145e-09
0.0011016952339559793
0.0013560372171923518
0.0013168121222406626
0.001061709481291473
0.000797165441326797
0.0008252475527115166
0.0010504896054044366
0.001362749026156962
0.0012584301875904202
0.0005892677581869066
8.291116057601577e-09
7.714870409181174e-09
7.2360420606820686e-09
7.919052566474072e-09
8.68746481003102e-09
7.82620322714589e-09
3.167281107524511e-09
0.001586244790814817
0.0015244530513882637
0.0006185176316648722
2.491504398627331e-09
2.2328432505713813e-09
2.3630318621986612e-09
2.4098338342187775e-09
2.3100733565623033e-09
2.3100733565623033e-09
2.4098338342187775e-09
2.3630318621986612e-09
2.2328432505713813e-09
2.491504398627331e-09
0.0006185176316648722
0.0015244530513882637
0.001586244790814817
3.167281107524511e-09
7.82620322714589e-09
8.68746481003102e-09
7.919052566474072e-09
7.2360420606820686e-09
7.714870409181174e-09
8.291116057601577e-09
0.0005892677581869066
0.0012584301875904202
0.001362749026156962
0.0010504896054044366
0.0008252475527115166
1.1725559759256932e-09
0.0006879887077957392
0.0014160581631585956
0.0007138797082006931
2.508837538758857e-09
6.145888485631357e-09
5.909519401603447e-09
5.705016754148362e-09
5.53820227525148e-09
4.665488915339688e-09
6.107618317346963e-09
5.612374714275559e-09
3.2439250938209874e-09
2.0594348709018773e-09
1.5979640570831788e-09
2.6571318929857757e-09
1.9060007478560737e-09
2.193001856498622e-09
2.2040464071892973e-09
2.2169408236266674e-09
2.2169408236266674e-09
2.2040464071892973e-09
2.193001856498622e-09
1.9060007478560737e-09
2.6571318929857757e-09
1.5979640570831788e-09
2.0594348709018773e-09
3.2439250938209874e-09
5.612374714275559e-09
6.107618317346963e-09
4.665488915339688e-09
5.53820227525148e-09
5.705016754148362e-09
5.909519401603447e-09
6.145888485631357e-09
2.508837538758857e-09
0.0007138797082006931
0.0014160581631585956
0.0006879887077957392
1.1725559759256932e-09
1.5767876370906264e-09
1.7404178142069182e-09
2.1639840527137855e-09
2.3616067868631463e-09
3.810363916750825e-09
4.003646372763292e-09
4.10157715083348e-09
4.297232274880214e-09
4.127435806328128e-09
4.016136381790325e-09
3.5193304433883688e-09
3.2557932044818827e-09
3.101442930600329e-09
2.4972023147246114e-09
2.3082963492015995e-09
2.0994859496747953e-09
2.0975753686064413e-09
2.0531517024718893e-09
2.0924251914467007e-09
2.1054651078156184e-09
2.1054651078156184e-09
2.0924251914467007e-09
2.0531517024718893e-09
2.0975753686064413e-09
2.0994859496747953e-09
2.3082963492015995e-09
2.4972023147246114e-09
3.101442930600329e-09
3.2557932044818827e-09
3.5193304433883688e-09
4.016136381790325e-09
4.127435806328128e-09
4.297232274880214e-09
4.10157715083348e-09
4.003646372763292e-09
3.810363916750825e-09
2.3616067868631463e-09
2.1639840527137855e-09
1.7404178142069182e-09
1.5767876370906264e-09
1.5053085731034366e-09
1.7510153483418778e-09
2.0399630335649066e-09
2.541052221069484e-09
2.684293542651317e-09
3.0464357165388423e-09
3.3012509826485514e-09
3.389611291301775e-09
3.4162655343505932e-09
3.3246851452450876e-09
3.2770669858295243e-09
3.202740590096953e-09
3.046152522931389e-09
2.8542010335058654e-09
2.541934978478322e-09
2.2891714565598242e-09
2.112885821164978e-09
2.021306949942514e-09
1.9842651827195468e-09
1.9772254580135984e-09
1.9772254580135984e-09
1.9842651827195468e-09
2.021306949942514e-09
2.112885821164978e-09
2.2891714565598242e-09
2.541934978478322e-09
2.8542010335058654e-09
3.046152522931389e-09
3.202740590096953e-09
3.2770669858295243e-09
3.3246851452450876e-09
3.4162655343505932e-09
3.389611291301775e-09
3.3012509826485514e-09
3.0464357165388423e-09
2.684293542651317e-09
2.541052221069484e-09
2.0399630335649066e-09
1.7510153483418778e-09
1.5053085731034366e-09
1.403369065920701e-09
1.795358349834797e-09
2.365667340839539e-09
2.6124686181711043e-09
2.8510067570652886e-09
3.12525873236158e-09
3.2228653339821944e-09
3.2925363824265474e-09
3.2870529215189848e-09
3.287901851820041e-09
3.2594552057396697e-09
3.159122269336123e-09
3.00537958235203e-09
2.7006237957732937e-09
2.4098988863491266e-09
2.1956585855020805e-09
2.0757302127139e-09
2.025048314799327e-09
2.009186870696733e-09
2.0110117997934607e-09
2.0110117997934607e-09
2.009186870696733e-09
2.025048314799327e-09
2.0757302127139e-09
2.1956585855020805e-09
2.4098988863491266e-09
2.7006237957732937e-09
3.00537958235203e-09
3.159122269336123e-09
3.2594552057396697e-09
3.287901851820041e-09
3.2870529215189848e-09
3.2925363824265474e-09
3.2228653339821944e-09
3.12525873236158e-09
2.8510067570652886e-09
2.6124686181711043e-09
2.365667340839539e-09
1.795358349834797e-09
1.403369065920701e-09
1.6669092321730528e-09
1.596707466765268e-09
2.7492576357840415e-09
5.818631600845725e-09
4.590922260405694e-09
3.929508628208733e-09
4.077295792659363e-09
4.133334733508187e-09
4.01152071630162e-09
3.4942077443284036e-09
3.1908828877769135e-09
3.1150420784498145e-09
2.621191892010488e-09
2.302841728071825e-09
2.094583187450816e-09
2.0417658449373155e-09
2.076283372662302e-09
2.0833502024225625e-09
2.1188786402531745e-09
2.1348944747451304e-09
2.1348944747451304e-09
2.1188786402531745e-09
2.0833502024225625e-09
2.076283372662302e-09
2.0417658449373155e-09
2.094583187450816e-09
2.302841728071825e-09
2.621191892010488e-09
3.1150420784498145e-09
3.1908828877769135e-09
3.4942077443284036e-09
4.01152071630162e-09
4.133334733508187e-09
4.077295792659363e-09
3.929508628208733e-09
4.590922260405694e-09
5.818631600845725e-09
2.7492576357840415e-09
1.596707466765268e-09
1.6669092321730528e-09
2.4648154611089934e-09
0.001054558320902288
0.0018632286228239536
6.346309762428337e-09
7.5576159913604e-09
6.265544506833809e-09
5.706299582158847e-09
5.378252530829908e-09
5.619369986692435e-09
6.46760813308167e-09
5.264775594648885e-09
2.893010917631722e-09
2.121923513634383e-09
1.52413249122213e-09
1.5207553098750548e-09
2.3251749917824194e-09
2.089462500590167e-09
2.124188845653574e-09
2.2355984251321015e-09
2.2483664235961598e-09
2.2483664235961598e-09
2.2355984251321015e-09
2.124188845653574e-09
2.089462500590167e-09
2.3251749917824194e-09
1.5207553098750548e-09
1.52413249122213e-09
2.121923513634383e-09
2.893010917631722e-09
5.264775594648885e-09
6.46760813308167e-09
5.619369986692435e-09
5.378252530829908e-09
5.706299582158847e-09
6.265544506833809e-09
7.5576159913604e-09
6.346309762428337e-09
0.0018632286228239536
0.001054558320902288
2.4648154611089934e-09
0.0010236233938485384
0.0010539698414504528
0.0014029378071427345
0.0024857285898178816
5.0957246235106e-09
8.700921060034172e-09
7.40161924805971e-09
7.292332536434909e-09
7.493302853212036e-09
8.989622414523613e-09
2.676173085219835e-09
0.0012611995916813612
0.0015387311577796936
0.001222030958160758
1.95105433545284e-09
2.660596786288605e-09
2.1555866900474507e-09
2.2825333203385645e-09
2.3471220626791744e-09
2.3572823380779706e-09
2.3572823380779706e-09
2.3471220626791744e-09
2.2825333203385645e-09
2.1555866900474507e-09
2.660596786288605e-09
1.95105433545284e-09
0.001222030958160758
0.0015387311577796936
0.0012611995916813612
2.676173085219835e-09
8.989622414523613e-09
7.493302853212036e-09
7.292332536434909e-09
7.40161924805971e-09
8.700921060034172e-09
5.0957246235106e-09
0.0024857285898178816
0.0014029378071427345
0.0010539698414504528
0.0010236233938485384
0.0007705848547630012
0.0010200431570410728
0.0012959168525412679
0.001506203319877386
0.001182136475108564
7.832136848795468e-09
8.244539599633338e-09
9.119075286556644e-09
8.58118784363704e-09
8.627253425541603e-09
0.0005324337398633361
0.0014573389198631048
0.0014882513787597418
0.001713183824904263
3.838774784159504e-09
2.4911299151969546e-09
2.263346845013392e-09
2.4598923158841712e-09
2.4150792043292624e-09
2.4318314289367704e-09
2.4318314289367704e-09
2.4150792043292624e-09
2.4598923158841712e-09
2.263346845013392e-09
2.4911299151969546e-09
3.838774784159504e-09
0.001713183824904263
0.0014882513787597418
0.0014573389198631048
0.0005324337398633361
8.627253425541603e-09
8.58118784363704e-09
9.119075286556644e-09
8.244539599633338e-09
7.832136848795468e-09
0.001182136475108564
0.001506203319877386
0.0012959168525412679
0.0010200431570410728
0.0007705848547630012
0.0007705848547630012
0.0010200431570410728
0.0012959168525412679
0.001506203319877386
0.001182136475108564
7.832136848795468e-09
8.244539599633338e-09
9.119075286556644e-09
8.58118784363704e-09
8.627253425541603e-09
0.0005324337398633361
0.0014573389198631048
0.0014882513787597418
0.001713183824904263
3.838774784159504e-09
2.4911299151969546e-09
2.263346845013392e-09
2.4598923158841712e-09
2.4150792043292624e-09
2.4318314289367704e-09
2.4318314289367704e-09
2.4150792043292624e-09
2.4598923158841712e-09
2.263346845013392e-09
2.4911299151969546e-09
3.838774784159504e-09
0.001713183824904263
0.0014882513787597418
0.0014573389198631048
0.0005324337398633361
8.627253425541603e-09
8.58118784363704e-09
9.119075286556644e-09
8.244539599633338e-09
7.832136848795468e-09
0.001182136475108564
0.001506203319877386
0.0012959168525412679
0.0010200431570410728
0.0007705848547630012
0.0010236233938485384
0.0010539698414504528
0.0014029378071427345
0.0024857285898178816
5.0957246235106e-09
8.700921060034172e-09
7.40161924805971e-09
7.292332536434909e-09
7.493302853212036e-09
8.989622414523613e-09
2.676173085219835e-09
0.0012611995916813612
0.0015387311577796936
0.001222030958160758
1.95105433545284e-09
2.660596786288605e-09
2.1555866900474507e-09
2.2825333203385645e-09
2.3471220626791744e-09
2.3572823380779706e-09
2.3572823380779706e-09
2.3471220626791744e-09
2.2825333203385645e-09
2.1555866900474507e-09
2.660596786288605e-09
1.95105433545284e-09
0.001222030958160758
0.0015387311577796936
0.0012611995916813612
2.676173085219835e-09
8.989622414523613e-09
7.493302853212036e-09
7.292332536434909e-09
7.40161924805971e-09
8.700921060034172e-09
5.0957246235106e-09
0.0024857285898178816
0.0014029378071427345
0.0010539698414504528
0.0010236233938485384
2.4648154611089934e-09
0.001054558320902288
0.0018632286228239536
6.346309762428337e-09
7.5576159913604e-09
6.265544506833809e-09
5.706299582158847e-09
5.378252530829908e-09
5.619369986692435e-09
6.46760813308167e-09
5.264775594648885e-09
2.893010917631722e-09
2.121923513634383e-09
1.52413249122213e-09
1.5207553098750548e-09
2.3251749917824194e-09
2.089462500590167e-09
2.124188845653574e-09
2.2355984251321015e-09
2.2483664235961598e-09
2.2483664235961598e-09
2.2355984251321015e-09
2.124188845653574e-09
2.089462500590167e-09
2.3251749917824194e-09
1.5207553098750548e-09
1.52413249122213e-09
2.121923513634383e-09
2.893010917631722e-09
5.264775594648885e-09
6.46760813308167e-09
5.619369986692435e-09
5.378252530829908e-09
5.706299582158847e-09
6.265544506833809e-09
7.5576159913604e-09
6.346309762428337e-09
0.0018632286228239536
0.001054558320902288
2.4648154611089934e-09
1.6669092321730528e-09
1.596707466765268e-09
2.7492576357840415e-09
5.818631600845725e-09
4.590922260405694e-09
3.929508628208733e-09
4.077295792659363e-09
4.133334733508187e-09
4.01152071630162e-09
3.4942077443284036e-09
3.1908828877769135e-09
3.1150420784498145e-09
2.621191892010488e-09
2.302841728071825e-09
2.094583187450816e-09
2.0417658449373155e-09
2.076283372662302e-09
2.0833502024225625e-09
2.1188786402531745e-09
2.1348944747451304e-09
2.1348944747451304e-09
2.1188786402531745e-09
2.0833502024225625e-09
2.076283372662302e-09
2.0417658449373155e-09
2.094583187450816e-09
2.302841728071825e-09
2.621191892010488e-09
3.1150420784498145e-09
3.1908828877769135e-09
3.4942077443284036e-09
4.01152071630162e-09
4.133334733508187e-09
4.077295792659363e-09
3.929508628208733e-09
4.590922260405694e-09
5.818631600845725e-09
2.7492576357840415e-09
1.596707466765268e-09
1.6669092321730528e-09
1.403369065920701e-09
1.795358349834797e-09
2.365667340839539e-09
2.6124686181711043e-09
2.8510067570652886e-09
3.12525873236158e-09
3.2228653339821944e-09
3.2925363824265474e-09
3.2870529215189848e-09
3.287901851820041e-09
3.2594552057396697e-09
3.159122269336123e-09
3.00537958235203e-09
2.7006237957732937e-09
2.4098988863491266e-09
2.1956585855020805e-09
2.0757302127139e-09
2.025048314799327e-09
2.009186870696733e-09
2.0110117997934607e-09
2.0110117997934607e-09
2.009186870696733e-09
2.025048314799327e-09
2.0757302127139e-09
2.1956585855020805e-09
2.4098988863491266e-09
2.7006237957732937e-09
3.00537958235203e-09
3.159122269336123e-09
3.2594552057396697e-09
3.287901851820041e-09
3.2870529215189848e-09
3.2925363824265474e-09
3.2228653339821944e-09
3.12525873236158e-09
2.8510067570652886e-09
2.6124686181711043e-09
2.365667340839539e-09
1.795358349834797e-09
1.403369065920701e-09
2.004487504800312e-09
2.3537140118878863e-09
2.948535296129484e-09
3.0536359031663185e-09
3.0459992167441996e-09
2.944442216087917e-09
3.0480559482654046e-09
3.1144323231480087e-09
3.161343365906677e-09
3.2092646682496673e-09
3.1953270324819316e-09
3.1438250440440907e-09
2.8863458931965846e-09
2.5806275519291155e-09
2.32626569916794e-09
2.166924842686435e-09
2.0965176209669645e-09
2.0669234553072346e-09
2.0598872000482382e-09
2.0616492454189617e-09
2.0616492454189617e-09
2.0598872000482382e-09
2.0669234553072346e-09
2.0965176209669645e-09
2.166924842686435e-09
2.32626569916794e-09
2.5806275519291155e-09
2.8863458931965846e-09
3.1438250440440907e-09
3.1953270324819316e-09
3.2092646682496673e-09
3.161343365906677e-09
3.1144323231480087e-09
3.0480559482654046e-09
2.944442216087917e-09
3.0459992167441996e-09
3.0536359031663185e-09
2.948535296129484e-09
2.3537140118878863e-09
2.004487504800312e-09
1.2303736588586967e-09
1.930293381732784e-09
2.893211495033632e-09
4.882993315247219e-09
3.4434568911556607e-09
3.6349538830304784e-09
3.7300917563043434e-09
3.776748878914216e-09
3.741350979025171e-09
3.452784065605119e-09
3.278520684102393e-09
2.740651022098417e-09
2.5355286446815395e-09
2.236945654751632e-09
2.09542864830492e-09
2.144676363585729e-09
2.151894764809703e-09
2.151105682468568e-09
2.1611451777453494e-09
2.1725713676007397e-09
2.1725713676007397e-09
2.1611451777453494e-09
2.151105682468568e-09
2.151894764809703e-09
2.144676363585729e-09
2.09542864830492e-09
2.236945654751632e-09
2.5355286446815395e-09
2.740651022098417e-09
3.278520684102393e-09
3.452784065605119e-09
3.741350979025171e-09
3.776748878914216e-09
3.7300917563043434e-09
3.6349538830304784e-09
3.4434568911556607e-09
4.882993315247219e-09
2.893211495033632e-09
1.930293381732784e-09
1.2303736588586967e-09
0.0004475767782423645
0.0011023476254194975
0.0015845656162127852
4.056655185380453e-09
6.313354353193468e-09
4.066208741243527e-09
4.8965245920407074e-09
5.182145077636813e-09
4.422867887904358e-09
4.352789829964454e-09
2.3526746956853417e-09
2.26303719687293e-09
1.882345624856785e-09
1.987532534386549e-09
2.0824873943336986e-09
2.1111144516555713e-09
2.2263853087511887e-09
2.2180994020681855e-09
2.249533892495492e-09
2.2756685858632553e-09
2.2756685858632553e-09
2.249533892495492e-09
2.2180994020681855e-09
2.2263853087511887e-09
2.1111144516555713e-09
2.0824873943336986e-09
1.987532534386549e-09
1.882345624856785e-09
2.26303719687293e-09
2.3526746956853417e-09
4.352789829964454e-09
4.422867887904358e-09
5.182145077636813e-09
4.8965245920407074e-09
4.066208741243527e-09
6.313354353193468e-09
4.056655185380453e-09
0.0015845656162127852
0.0011023476254194975
0.0004475767782423645
0.0008263051277026534
0.0010966068366542459
0.001494980650022626
0.0019603725522756577
4.456314223882929e-09
6.601452457594137e-09
7.498886060719467e-09
7.12007969944084e-09
7.746001756681054e-09
5.9324320629550176e-09
0.0007854326395317912
0.0016333683161064982
0.001465521170757711
1.3270710485374648e-09
2.5140213261859445e-09
2.031662598572792e-09
2.3231217297081663e-09
2.285286543335374e-09
2.3411114626753493e-09
2.360663097292215e-09
2.360663097292215e-09
2.3411114626753493e-09
2.285286543335374e-09
2.3231217297081663e-09
2.031662598572792e-09
2.5140213261859445e-09
1.3270710485374648e-09
0.001465521170757711
0.0016333683161064982
0.0007854326395317912
5.9324320629550176e-09
7.746001756681054e-09
7.12007969944084e-09
7.498886060719467e-09
6.601452457594137e-09
4.456314223882929e-09
0.0019603725522756577
0.001494980650022626
0.0010966068366542459
0.0008263051277026534
0.0008276451262645423
0.0010326100746169686
0.001300961128436029
0.0016828043153509498
0.0008235728018917143
9.528743245834637e-09
1.0719242334034096e-08
8.861892990263964e-09
1.0336098296703788e-08
8.074514147582423e-09
0.0018802705453708768
0.001578266266733408
0.0014956212835386395
0.0005740670603699982
2.500604541141871e-09
1.965826156372086e-09
2.3563030866757817e-09
2.337099480956284e-09
2.4075001974627197e-09
2.4104542147018737e-09
2.4104542147018737e-09
2.4075001974627197e-09
2.337099480956284e-09
2.3563030866757817e-09
1.965826156372086e-09
2.500604541141871e-09
0.0005740670603699982
0.0014956212835386395
0.001578266266733408
0.0018802705453708768
8.074514147582423e-09
1.0336098296703788e-08
8.861892990263964e-09
1.0719242334034096e-08
9.528743245834637e-09
0.0008235728018917143
0.0016828043153509498
0.001300961128436029
0.0010326100746169686
0.0008276451262645423
0.0008276451262645423
0.0010326100746169686
0.001300961128436029
0.0016828043153509498
0.0008235728018917143
9.528743245834637e-09
1.0719242334034096e-08
8.861892990263964e-09
1.0336098296703788e-08
8.074514147582423e-09
0.0018802705453708768
0.001578266266733408
0.0014956212835386395
0.0005740670603699982
2.500604541141871e-09
1.965826156372086e-09
2.3563030866757817e-09
2.337099480956284e-09
2.4075001974627197e-09
2.4104542147018737e-09
2.4104542147018737e-09
2.4075001974627197e-09
2.337099480956284e-09
2.3563030866757817e-09
1.965826156372086e-09
2.500604541141871e-09
0.0005740670603699982
0.0014956212835386395
0.001578266266733408
0.0018802705453708768
8.074514147582423e-09
1.0336098296703788e-08
8.861892990263964e-09
1.0719242334034096e-08
9.528743245834637e-09
0.0008235728018917143
0.0016828043153509498
0.001300961128436029
0.0010326100746169686
0.0008276451262645423
0.0008263051277026534
0.0010966068366542459
0.001494980650022626
0.0019603725522756577
4.456314223882929e-09
6.601452457594137e-09
7.498886060719467e-09
7.12007969944084e-09
7.746001756681054e-09
5.9324320629550176e-09
0.0007854326395317912
0.0016333683161064982
0.001465521170757711
1.3270710485374648e-09
2.5140213261859445e-09
2.031662598572792e-09
2.3231217297081663e-09
2.285286543335374e-09
2.3411114626753493e-09
2.360663097292215e-09
2.360663097292215e-09
2.3411114626753493e-09
2.285286543335374e-09
2.3231217297081663e-09
2.031662598572792e-09
2.5140213261859445e-09
1.3270710485374648e-09
0.001465521170757711
0.0016333683161064982
0.0007854326395317912
5.9324320629550176e-09
7.746001756681054e-09
7.12007969944084e-09
7.498886060719467e-09
6.601452457594137e-09
4.456314223882929e-09
0.0019603725522756577
0.001494980650022626
0.0010966068366542459
0.0008263051277026534
0.0004475767782423645
0.0011023476254194975
0.0015845656162127852
4.056655185380453e-09
6.313354353193468e-09
4.066208741243527e-09
4.8965245920407074e-09
5.182145077636813e-09
4.422867887904358e-09
4.352789829964454e-09
2.3526746956853417e-09
2.26303719687293e-09
1.882345624856785e-09
1.987532534386549e-09
2.0824873943336986e-09
2.1111144516555713e-09
2.2263853087511887e-09
2.2180994020681855e-09
2.249533892495492e-09
2.2756685858632553e-09
2.2756685858632553e-09
2.249533892495492e-09
2.2180994020681855e-09
2.2263853087511887e-09
2.1111144516555713e-09
2.0824873943336986e-09
1.987532534386549e-09
1.882345624856785e-09
2.26303719687293e-09
2.3526746956853417e-09
4.352789829964454e-09
4.422867887904358e-09
5.182145077636813e-09
4.8965245920407074e-09
4.066208741243527e-09
6.313354353193468e-09
4.056655185380453e-09
0.0015845656162127852
0.0011023476254194975
0.0004475767782423645
1.2303736588586967e-09
1.930293381732784e-09
2.893211495033632e-09
4.882993315247219e-09
3.4434568911556607e-09
3.6349538830304784e-09
3.7300917563043434e-09
3.776748878914216e-09
3.741350979025171e-09
3.452784065605119e-09
3.278520684102393e-09
2.740651022098417e-09
2.5355286446815395e-09
2.236945654751632e-09
2.09542864830492e-09
2.144676363585729e-09
2.151894764809703e-09
2.151105682468568e-09
2.1611451777453494e-09
2.1725713676007397e-09
2.1725713676007397e-09
2.1611451777453494e-09
2.151105682468568e-09
2.151894764809703e-09
2.144676363585729e-09
2.09542864830492e-09
2.236945654751632e-09
2.5355286446815395e-09
2.740651022098417e-09
3.278520684102393e-09
3.452784065605119e-09
3.741350979025171e-09
3.776748878914216e-09
3.7300917563043434e-09
3.6349538830304784e-09
3.4434568911556607e-09
4.882993315247219e-09
2.893211495033632e-09
1.930293381732784e-09
1.2303736588586967e-09
2.004487504800312e-09
2.3537140118878863e-09
2.948535296129484e-09
3.0536359031663185e-09
3.0459992167441996e-09
2.944442216087917e-09
3.0480559482654046e-09
3.1144323231480087e-09
3.161343365906677e-09
3.2092646682496673e-09
3.1953270324819316e-09
3.1438250440440907e-09
2.8863458931965846e-09
2.5806275519291155e-09
2.32626569916794e-09
2.166924842686435e-09
2.0965176209669645e-09
2.0669234553072346e-09
2.0598872000482382e-09
2.0616492454189617e-09
2.0616492454189617e-09
2.0598872000482382e-09
2.0669234553072346e-09
2.0965176209669645e-09
2.166924842686435e-09
2.32626569916794e-09
2.5806275519291155e-09
2.8863458931965846e-09
3.1438250440440907e-09
3.1953270324819316e-09
3.2092646682496673e-09
3.161343365906677e-09
3.1144323231480087e-09
3.0480559482654046e-09
2.944442216087917e-09
3.0459992167441996e-09
3.0536359031663185e-09
2.948535296129484e-09
2.3537140118878863e-09
2.004487504800312e-09
2.3450054831980482e-09
3.2405298062976318e-09
3.4841370240290548e-09
3.0884036647527147e-09
2.971288362921265e-09
2.8565335860597507e-09
2.879431285421341e-09
2.9578464243867897e-09
3.1020143051452287e-09
3.2032957016092656e-09
3.1883298085011447e-09
3.031713985759965e-09
2.7678306695200217e-09
2.5039391133435673e-09
2.302158680703159e-09
2.2042847148268097e-09
2.1576102449821777e-09
2.136271411504187e-09
2.129230602596066e-09
2.1287698166727598e-09
2.1287698166727598e-09
2.129230602596066e-09
2.136271411504187e-09
2.1576102449821777e-09
2.2042847148268097e-09
2.302158680703159e-09
2.5039391133435673e-09
2.7678306695200217e-09
3.031713985759965e-09
3.1883298085011447e-09
3.2032957016092656e-09
3.1020143051452287e-09
2.9578464243867897e-09
2.879431285421341e-09
2.8565335860597507e-09
2.971288362921265e-09
3.0884036647527147e-09
3.4841370240290548e-09
3.2405298062976318e-09
2.3450054831980482e-09
2.0298521977851758e-09
2.968863002661415e-09
3.241434681430788e-09
4.606425484110499e-09
3.603109997862841e-09
3.5175855284119706e-09
3.411097576275224e-09
3.609664433676385e-09
3.386260239227057e-09
3.1245785039185625e-09
3.050868368700832e-09
2.8271939910701205e-09
2.565512255761626e-09
2.3123499642840883e-09
2.264419554642849e-09
2.2337453067788893e-09
2.2383360356176274e-09
2.2276254191960776e-09
2.222556774039708e-09
2.222591685349662e-09
2.222591685349662e-09
2.222556774039708e-09
2.2276254191960776e-09
2.2383360356176274e-09
2.2337453067788893e-09
2.264419554642849e-09
2.3123499642840883e-09
2.565512255761626e-09
2.8271939910701205e-09
3.050868368700832e-09
3.1245785039185625e-09
3.386260239227057e-09
3.609664433676385e-09
3.411097576275224e-09
3.5175855284119706e-09
3.603109997862841e-09
4.606425484110499e-09
3.241434681430788e-09
2.968863002661415e-09
2.0298521977851758e-09
0.0008825865224935114
0.0014137791004031897
0.0016284944722428918
3.5195995423675797e-09
6.296370109321048e-09
4.309013215686441e-09
4.699262246693481e-09
4.419660384197277e-09
5.3577897327072854e-09
5.911109709350049e-09
2.570447110369911e-09
2.234710029871967e-09
2.4551005759626543e-09
2.427696498691345e-09
2.195387534958959e-09
2.309883404341684e-09
2.2842895110175565e-09
2.305482627723565e-09
2.3039432774790702e-09
2.3095269186673706e-09
2.3095269186673706e-09
2.3039432774790702e-09
2.305482627723565e-09
2.2842895110175565e-09
2.309883404341684e-09
2.195387534958959e-09
2.427696498691345e-09
2.4551005759626543e-09
2.234710029871967e-09
2.570447110369911e-09
5.911109709350049e-09
5.3577897327072854e-09
4.419660384197277e-09
4.699262246693481e-09
4.309013215686441e-09
6.296370109321048e-09
3.5195995423675797e-09
0.0016284944722428918
0.0014137791004031897
0.0008825865224935114
0.000934000127017498
0.0012851041974499822
0.0014603351010009646
0.001717948354780674
9.381362006677385e-09
8.741546549118073e-09
7.258676732596614e-09
8.55897297480368e-09
7.038246287865979e-09
5.613783743418921e-09
0.0021111697424203157
0.0017269952222704887
1.8289942043531182e-09
2.3635117300802033e-09
2.800297970936838e-09
2.422777256594344e-09
2.3140747131000783e-09
2.372019898208566e-09
2.367799966512818e-09
2.379378812034094e-09
2.379378812034094e-09
2.367799966512818e-09
2.372019898208566e-09
2.3140747131000783e-09
2.422777256594344e-09
2.800297970936838e-09
2.3635117300802033e-09
1.8289942043531182e-09
0.0017269952222704887
0.0021111697424203157
5.613783743418921e-09
7.038246287865979e-09
8.55897297480368e-09
7.258676732596614e-09
8.741546549118073e-09
9.381362006677385e-09
0.001717948354780674
0.0014603351010009646
0.0012851041974499822
0.000934000127017498
0.0008320953347720206
0.0010945623507723212
0.0012473841197788715
0.0022865193895995617
1.103710699223992e-08
1.3123531775183217e-08
1.0487138935033613e-08
1.2925513090400464e-08
6.288825363243156e-09
0.0019378243014216423
0.0017856756458058953
0.00176363589707762
0.001337283756583929
1.8258853630437333e-09
3.501470814681884e-09
2.505806326325022e-09
2.3316060453887344e-09
2.409848796208758e-09
2.404934975122619e-09
2.419781389151332e-09
2.419781389151332e-09
2.404934975122619e-09
2.409848796208758e-09
2.3316060453887344e-09
2.505806326325022e-09
3.501470814681884e-09
1.8258853630437333e-09
0.001337283756583929
0.00176363589707762
0.0017856756458058953
0.0019378243014216423
6.288825363243156e-09
1.2925513090400464e-08
1.0487138935033613e-08
1.3123531775183217e-08
1.103710699223992e-08
0.0022865193895995617
0.0012473841197788715
0.0010945623507723212
0.0008320953347720206
0.0008320953347720206
0.0010945623507723212
0.0012473841197788715
0.0022865193895995617
1.103710699223992e-08
1.3123531775183217e-08
1.0487138935033613e-08
1.2925513090400464e-08
6.288825363243156e-09
0.0019378243014216423
0.0017856756458058953
0.00176363589707762
0.001337283756583929
1.8258853630437333e-09
3.501470814681884e-09
2.505806326325022e-09
2.3316060453887344e-09
2.409848796208758e-09
2.404934975122619e-09
2.419781389151332e-09
2.419781389151332e-09
2.404934975122619e-09
2.409848796208758e-09
2.3316060453887344e-09
2.505806326325022e-09
3.501470814681884e-09
1.8258853630437333e-09
0.001337283756583929
0.00176363589707762
0.0017856756458058953
0.0019378243014216423
6.288825363243156e-09
1.2925513090400464e-08
1.0487138935033613e-08
1.3123531775183217e-08
1.103710699223992e-08
0.0022865193895995617
0.0012473841197788715
0.0010945623507723212
0.0008320953347720206
0.000934000127017498
0.0012851041974499822
0.0014603351010009646
0.001717948354780674
9.381362006677385e-09
8.741546549118073e-09
7.258676732596614e-09
8.55897297480368e-09
7.038246287865979e-09
5.613783743418921e-09
0.0021111697424203157
0.0017269952222704887
1.8289942043531182e-09
2.3635117300802033e-09
2.800297970936838e-09
2.422777256594344e-09
2.3140747131000783e-09
2.372019898208566e-09
2.367799966512818e-09
2.379378812034094e-09
2.379378812034094e-09
2.367799966512818e-09
2.372019898208566e-09
2.3140747131000783e-09
2.422777256594344e-09
2.800297970936838e-09
2.3635117300802033e-09
1.8289942043531182e-09
0.0017269952222704887
0.0021111697424203157
5.613783743418921e-09
7.038246287865979e-09
8.55897297480368e-09
7.258676732596614e-09
8.741546549118073e-09
9.381362006677385e-09
0.001717948354780674
0.0014603351010009646
0.0012851041974499822
0.000934000127017498
0.0008825865224935114
0.0014137791004031897
0.0016284944722428918
3.5195995423675797e-09
6.296370109321048e-09
4.309013215686441e-09
4.699262246693481e-09
4.419660384197277e-09
5.3577897327072854e-09
5.911109709350049e-09
2.570447110369911e-09
2.234710029871967e-09
2.4551005759626543e-09
2.427696498691345e-09
2.195387534958959e-09
2.309883404341684e-09
2.2842895110175565e-09
2.305482627723565e-09
2.3039432774790702e-09
2.3095269186673706e-09
2.3095269186673706e-09
2.3039432774790702e-09
2.305482627723565e-09
2.2842895110175565e-09
2.309883404341684e-09
2.195387534958959e-09
2.427696498691345e-09
2.4551005759626543e-09
2.234710029871967e-09
2.570447110369911e-09
5.911109709350049e-09
5.3577897327072854e-09
4.419660384197277e-09
4.699262246693481e-09
4.309013215686441e-09
6.296370109321048e-09
3.5195995423675797e-09
0.0016284944722428918
0.0014137791004031897
0.0008825865224935114
2.0298521977851758e-09
2.968863002661415e-09
3.241434681430788e-09
4.606425484110499e-09
3.603109997862841e-09
3.5175855284119706e-09
3.411097576275224e-09
3.609664433676385e-09
3.386260239227057e-09
3.1245785039185625e-09
3.050868368700832e-09
2.8271939910701205e-09
2.565512255761626e-09
2.3123499642840883e-09
2.264419554642849e-09
2.2337453067788893e-09
2.2383360356176274e-09
2.2276254191960776e-09
2.222556774039708e-09
2.222591685349662e-09
2.222591685349662e-09
2.222556774039708e-09
2.2276254191960776e-09
2.2383360356176274e-09
2.2337453067788893e-09
2.264419554642849e-09
2.3123499642840883e-09
2.565512255761626e-09
2.8271939910701205e-09
3.050868368700832e-09
3.1245785039185625e-09
3.386260239227057e-09
3.609664433676385e-09
3.411097576275224e-09
3.5175855284119706e-09
3.603109997862841e-09
4.606425484110499e-09
3.241434681430788e-09
2.968863002661415e-09
2.0298521977851758e-09
2.3450054831980482e-09
3.2405298062976318e-09
3.4841370240290548e-09
3.0884036647527147e-09
2.971288362921265e-09
2.8565335860597507e-09
2.879431285421341e-09
2.9578464243867897e-09
3.1020143051452287e-09
3.2032957016092656e-09
3.1883298085011447e-09
3.031713985759965e-09
2.7678306695200217e-09
2.5039391133435673e-09
2.302158680703159e-09
2.2042847148268097e-09
2.1576102449821777e-09
2.136271411504187e-09
2.129230602596066e-09
2.1287698166727598e-09
2.1287698166727598e-09
2.129230602596066e-09
2.136271411504187e-09
2.1576102449821777e-09
2.2042847148268097e-09
2.302158680703159e-09
2.5039391133435673e-09
2.7678306695200217e-09
3.031713985759965e-09
3.1883298085011447e-09
3.2032957016092656e-09
3.1020143051452287e-09
2.9578464243867897e-09
2.879431285421341e-09
2.8565335860597507e-09
2.971288362921265e-09
3.0884036647527147e-09
3.4841370240290548e-09
3.2405298062976318e-09
2.3450054831980482e-09
2.967361599492957e-09
4.593703022137685e-09
4.983491484061853e-09
2.8248833394001194e-09
2.980920415021626e-09
2.8272267339757295e-09
2.783739818518205e-09
2.915613063481093e-09
3.0786727334142228e-09
3.160302098140222e-09
3.13519739683632e-09
2.9199164787441223e-09
2.654639529031666e-09
2.4443372673155217e-09
2.32500433836047e-09
2.262648835654746e-09
2.2327595501636655e-09
2.217804715917704e-09
2.2103048558097527e-09
2.2078291885690993e-09
2.2078291885690993e-09
2.2103048558097527e-09
2.217804715917704e-09
2.2327595501636655e-09
2.262648835654746e-09
2.32500433836047e-09
2.4443372673155217e-09
2.654639529031666e-09
2.9199164787441223e-09
3.13519739683632e-09
3.160302098140222e-09
3.0786727334142228e-09
2.915613063481093e-09
2.783739818518205e-09
2.8272267339757295e-09
2.980920415021626e-09
2.8248833394001194e-09
4.983491484061853e-09
4.593703022137685e-09
2.967361599492957e-09
6.184640907042072e-09
8.861918143754366e-09
6.405416561744426e-09
4.002183567192175e-09
3.4496650327953127e-09
3.4054948531286877e-09
3.467978074850331e-09
3.3126652462800443e-09
3.275178522485489e-09
3.2149185657387447e-09
2.8190115172743724e-09
2.5488892680530784e-09
2.541440365447234e-09
2.447906894548213e-09
2.362615962245296e-09
2.3469021864785944e-09
2.3261761440684925e-09
2.306328739098973e-09
2.2925730324557803e-09
2.2862699147058185e-09
2.2862699147058185e-09
2.2925730324557803e-09
2.306328739098973e-09
2.3261761440684925e-09
2.3469021864785944e-09
2.362615962245296e-09
2.447906894548213e-09
2.541440365447234e-09
2.5488892680530784e-09
2.8190115172743724e-09
3.2149185657387447e-09
3.275178522485489e-09
3.3126652462800443e-09
3.467978074850331e-09
3.4054948531286877e-09
3.4496650327953127e-09
4.002183567192175e-09
6.405416561744426e-09
8.861918143754366e-09
6.184640907042072e-09
0.0015878841513767838
0.0020294871646910906
0.0018367196898907423
3.25867458017548e-09
5.649385039635524e-09
4.631206876326566e-09
4.101503425085751e-09
5.4956304264275335e-09
5.080713627592104e-09
2.9725360627813613e-09
2.727030840726785e-09
4.7304629831324e-09
2.9468979340085966e-09
2.3769144204960346e-09
2.5103075000643127e-09
2.4477264833067114e-09
2.419783557555677e-09
2.3809840817706762e-09
2.369034872787279e-09
2.361060132127779e-09
2.361060132127779e-09
2.369034872787279e-09
2.3809840817706762e-09
2.419783557555677e-09
2.4477264833067114e-09
2.5103075000643127e-09
2.3769144204960346e-09
2.9468979340085966e-09
4.7304629831324e-09
2.727030840726785e-09
2.9725360627813613e-09
5.080713627592104e-09
5.4956304264275335e-09
4.101503425085751e-09
4.631206876326566e-09
5.649385039635524e-09
3.25867458017548e-09
0.0018367196898907423
0.0020294871646910906
0.0015878841513767838
0.0008386762929148972
0.0011880641104653478
0.0014912070473656058
0.0012361507397145033
7.9755334281284e-09
6.387758811482458e-09
8.116314911821298e-09
7.377003521935599e-09
3.0091961908396136e-09
0.0016760291764512658
0.0021628958638757467
5.05205903153505e-09
2.79890650586867e-09
2.8316637229464092e-09
2.70205038899185e-09
2.6659906920967202e-09
2.5041045625950886e-09
2.438480407179755e-09
2.42819674957373e-09
2.418785874716556e-09
2.418785874716556e-09
2.42819674957373e-09
2.438480407179755e-09
2.5041045625950886e-09
2.6659906920967202e-09
2.70205038899185e-09
2.8316637229464092e-09
2.79890650586867e-09
5.05205903153505e-09
0.0021628958638757467
0.0016760291764512658
3.0091961908396136e-09
7.377003521935599e-09
8.116314911821298e-09
6.387758811482458e-09
7.9755334281284e-09
0.0012361507397145033
0.0014912070473656058
0.0011880641104653478
0.0008386762929148972
0.0008637470891699195
0.001149350544437766
0.001450313488021493
0.0012937170686200261
7.822403315371762e-09
7.466997506422324e-09
1.26198764979768e-08
6.72326387271549e-09
0.0012522463221102953
0.0017118772957473993
0.0018245376413688064
0.002081022597849369
2.3081829416543576e-09
3.368344665688472e-09
2.8241911847332046e-09
2.8782189305520678e-09
2.5545177952113196e-09
2.4718009757063175e-09
2.4605885905193414e-09
2.4504623590687613e-09
2.4504623590687613e-09
2.4605885905193414e-09
2.4718009757063175e-09
2.5545177952113196e-09
2.8782189305520678e-09
2.8241911847332046e-09
3.368344665688472e-09
2.3081829416543576e-09
0.002081022597849369
0.0018245376413688064
0.0017118772957473993
0.0012522463221102953
6.72326387271549e-09
1.26198764979768e-08
7.466997506422324e-09
7.822403315371762e-09
0.0012937170686200261
0.001450313488021493
0.001149350544437766
0.0008637470891699195
0.0008637470891699195
0.001149350544437766
0.001450313488021493
0.0012937170686200261
7.822403315371762e-09
7.466997506422324e-09
1.26198764979768e-08
6.72326387271549e-09
0.0012522463221102953
0.0017118772957473993
0.0018245376413688064
0.002081022597849369
2.3081829416543576e-09
3.368344665688472e-09
2.8241911847332046e-09
2.8782189305520678e-09
2.5545177952113196e-09
2.4718009757063175e-09
2.4605885905193414e-09
2.4504623590687613e-09
2.4504623590687613e-09
2.4605885905193414e-09
2.4718009757063175e-09
2.5545177952113196e-09
2.8782189305520678e-09
2.8241911847332046e-09
3.368344665688472e-09
2.3081829416543576e-09
0.002081022597849369
0.0018245376413688064
0.0017118772957473993
0.0012522463221102953
6.72326387271549e-09
1.26198764979768e-08
7.466997506422324e-09
7.822403315371762e-09
0.0012937170686200261
0.001450313488021493
0.001149350544437766
0.0008637470891699195
0.0008386762929148972
0.0011880641104653478
0.0014912070473656058
0.0012361507397145033
7.9755334281284e-09
6.387758811482458e-09
8.116314911821298e-09
7.377003521935599e-09
3.0091961908396136e-09
0.0016760291764512658
0.0021628958638757467
5.05205903153505e-09
2.79890650586867e-09
2.8316637229464092e-09
2.70205038899185e-09
2.6659906920967202e-09
2.5041045625950886e-09
2.438480407179755e-09
2.42819674957373e-09
2.418785874716556e-09
2.418785874716556e-09
2.42819674957373e-09
2.438480407179755e-09
2.5041045625950886e-09
2.6659906920967202e-09
2.70205038899185e-09
2.8316637229464092e-09
2.79890650586867e-09
5.05205903153505e-09
0.0021628958638757467
0.0016760291764512658
3.0091961908396136e-09
7.377003521935599e-09
8.116314911821298e-09
6.387758811482458e-09
7.9755334281284e-09
0.0012361507397145033
0.0014912070473656058
0.0011880641104653478
0.0008386762929148972
0.0015878841513767838
0.0020294871646910906
0.0018367196898907423
3.25867458017548e-09
5.649385039635524e-09
4.631206876326566e-09
4.101503425085751e-09
5.4956304264275335e-09
5.080713627592104e-09
2.9725360627813613e-09
2.727030840726785e-09
4.7304629831324e-09
2.9468979340085966e-09
2.3769144204960346e-09
2.5103075000643127e-09
2.4477264833067114e-09
2.419783557555677e-09
2.3809840817706762e-09
2.369034872787279e-09
2.361060132127779e-09
2.361060132127779e-09
2.369034872787279e-09
2.3809840817706762e-09
2.419783557555677e-09
2.4477264833067114e-09
2.5103075000643127e-09
2.3769144204960346e-09
2.9468979340085966e-09
4.7304629831324e-09
2.727030840726785e-09
2.9725360627813613e-09
5.080713627592104e-09
5.4956304264275335e-09
4.101503425085751e-09
4.631206876326566e-09
5.649385039635524e-09
3.25867458017548e-09
0.0018367196898907423
0.0020294871646910906
0.0015878841513767838
6.184640907042072e-09
8.861918143754366e-09
6.405416561744426e-09
4.002183567192175e-09
3.4496650327953127e-09
3.4054948531286877e-09
3.467978074850331e-09
3.3126652462800443e-09
3.275178522485489e-09
3.2149185657387447e-09
2.8190115172743724e-09
2.5488892680530784e-09
2.541440365447234e-09
2.447906894548213e-09
2.362615962245296e-09
2.3469021864785944e-09
2.3261761440684925e-09
2.306328739098973e-09
2.2925730324557803e-09
2.2862699147058185e-09
2.2862699147058185e-09
2.2925730324557803e-09
2.306328739098973e-09
2.3261761440684925e-09
2.3469021864785944e-09
2.362615962245296e-09
2.447906894548213e-09
2.541440365447234e-09
2.5488892680530784e-09
2.8190115172743724e-09
3.2149185657387447e-09
3.275178522485489e-09
3.3126652462800443e-09
3.467978074850331e-09
3.4054948531286877e-09
3.4496650327953127e-09
4.002183567192175e-09
6.405416561744426e-09
8.861918143754366e-09
6.184640907042072e-09
2.967361599492957e-09
4.593703022137685e-09
4.983491484061853e-09
2.8248833394001194e-09
2.980920415021626e-09
2.8272267339757295e-09
2.783739818518205e-09
2.915613063481093e-09
3.0786727334142228e-09
3.160302098140222e-09
3.13519739683632e-09
2.9199164787441223e-09
2.654639529031666e-09
2.4443372673155217e-09
2.32500433836047e-09
2.262648835654746e-09
2.2327595501636655e-09
2.217804715917704e-09
2.2103048558097527e-09
2.2078291885690993e-09
2.2078291885690993e-09
2.2103048558097527e-09
2.217804715917704e-09
2.2327595501636655e-09
2.262648835654746e-09
2.32500433836047e-09
2.4443372673155217e-09
2.654639529031666e-09
2.9199164787441223e-09
3.13519739683632e-09
3.160302098140222e-09
3.0786727334142228e-09
2.915613063481093e-09
2.783739818518205e-09
2.8272267339757295e-09
2.980920415021626e-09
2.8248833394001194e-09
4.983491484061853e-09
4.593703022137685e-09
2.967361599492957e-09
1.9905147408821877e-09
3.0167233728423115e-09
4.980648705965596e-09
3.1653234720818713e-09
2.930453839658509e-09
2.7860027652926167e-09
2.7786219505832044e-09
2.9272391802170894e-09
3.0824474916979483e-09
3.1628647183951086e-09
3.004265022518715e-09
2.788263326822249e-09
2.572228454539305e-09
2.4338092305398185e-09
2.360968842304856e-09
2.330546346185347e-09
2.3143427278771167e-09
2.303985561363797e-09
2.2973031896939e-09
2.293998541472164e-09
2.293998541472164e-09
2.2973031896939e-09
2.303985561363797e-09
2.3143427278771167e-09
2.330546346185347e-09
2.360968842304856e-09
2.4338092305398185e-09
2.572228454539305e-09
2.788263326822249e-09
3.004265022518715e-09
3.1628647183951086e-09
3.0824474916979483e-09
2.9272391802170894e-09
2.7786219505832044e-09
2.7860027652926167e-09
2.930453839658509e-09
3.1653234720818713e-09
4.980648705965596e-09
3.0167233728423115e-09
1.9905147408821877e-09
0.00048599709407426417
0.0007462965440936387
3.668946656903982e-09
4.550559148247535e-09
3.5202973348857913e-09
3.387981518596095e-09
3.1631199395865117e-09
3.080869977536982e-09
3.113650830222081e-09
2.763650202783352e-09
2.762495093788786e-09
2.5393302911791427e-09
2.523444560947885e-09
2.451616817542024e-09
2.461181215426822e-09
2.4411664096418706e-09
2.413677547760673e-09
2.3869226907502483e-09
2.3678674038879466e-09
2.3587475288938675e-09
2.3587475288938675e-09
2.3678674038879466e-09
2.3869226907502483e-09
2.413677547760673e-09
2.4411664096418706e-09
2.461181215426822e-09
2.451616817542024e-09
2.523444560947885e-09
2.5393302911791427e-09
2.762495093788786e-09
2.763650202783352e-09
3.113650830222081e-09
3.080869977536982e-09
3.1631199395865117e-09
3.387981518596095e-09
3.5202973348857913e-09
4.550559148247535e-09
3.668946656903982e-09
0.0007462965440936387
0.00048599709407426417
0.001146392896771431
0.0014120712876319885
0.0017636159900575876
3.2882908635595287e-09
4.788941378869316e-09
4.654005045928722e-09
5.403473675447135e-09
4.8907596722491675e-09
2.693692057603725e-09
2.1572132101466135e-09
1.791512793149208e-09
3.0640618080973736e-09
2.3312623533000565e-09
2.6043195378022688e-09
2.5581362115417727e-09
2.5703556037065534e-09
2.512578036253932e-09
2.4683130973174316e-09
2.436773439279394e-09
2.424007392379246e-09
2.424007392379246e-09
2.436773439279394e-09
2.4683130973174316e-09
2.512578036253932e-09
2.5703556037065534e-09
2.5581362115417727e-09
2.6043195378022688e-09
2.3312623533000565e-09
3.0640618080973736e-09
1.791512793149208e-09
2.1572132101466135e-09
2.693692057603725e-09
4.8907596722491675e-09
5.403473675447135e-09
4.654005045928722e-09
4.788941378869316e-09
3.2882908635595287e-09
0.0017636159900575876
0.0014120712876319885
0.001146392896771431
0.0009453909005969763
0.001228569308295846
0.0014757935423403978
0.0007838872261345387
6.77963674783344e-09
6.586863866842041e-09
7.451104837297162e-09
2.6176354920443012e-09
0.001414314960129559
0.0016449496615678072
0.0008225439814850688
4.58186917226544e-09
2.982926839562028e-09
2.819740317974717e-09
2.7789229251062864e-09
2.6981893282151947e-09
2.6151294671428182e-09
2.53305991633479e-09
2.4905038968625615e-09
2.47495405246434e-09
2.47495405246434e-09
2.4905038968625615e-09
2.53305991633479e-09
2.6151294671428182e-09
2.6981893282151947e-09
2.7789229251062864e-09
2.819740317974717e-09
2.982926839562028e-09
4.58186917226544e-09
0.0008225439814850688
0.0016449496615678072
0.001414314960129559
2.6176354920443012e-09
7.451104837297162e-09
6.586863866842041e-09
6.77963674783344e-09
0.0007838872261345387
0.0014757935423403978
0.001228569308295846
0.0009453909005969763
0.0008855818305164576
0.001182967098429799
0.001383586204610765
0.0008364232489839196
6.326876089007838e-09
7.693559331278799e-09
7.805122867465819e-09
0.0005360608920454979
0.0014440927188843489
0.0015897474950179458
0.0019946438260376453
6.663743341850381e-09
3.772033466825642e-09
2.967336229162121e-09
3.0085515242278538e-09
2.7751340721943185e-09
2.6892630917291216e-09
2.568654707338358e-09
2.5202346719960245e-09
2.5025992562988097e-09
2.5025992562988097e-09
2.5202346719960245e-09
2.568654707338358e-09
2.6892630917291216e-09
2.7751340721943185e-09
3.0085515242278538e-09
2.967336229162121e-09
3.772033466825642e-09
6.663743341850381e-09
0.0019946438260376453
0.0015897474950179458
0.0014440927188843489
0.0005360608920454979
7.805122867465819e-09
7.693559331278799e-09
6.326876089007838e-09
0.0008364232489839196
0.001383586204610765
0.001182967098429799
0.0008855818305164576
0.0008855818305164576
0.001182967098429799
0.001383586204610765
0.0008364232489839196
6.326876089007838e-09
7.693559331278799e-09
7.805122867465819e-09
0.0005360608920454979
0.0014440927188843489
0.0015897474950179458
0.0019946438260376453
6.663743341850381e-09
3.772033466825642e-09
2.967336229162121e-09
3.0085515242278538e-09
2.7751340721943185e-09
2.6892630917291216e-09
2.568654707338358e-09
2.5202346719960245e-09
2.5025992562988097e-09
2.5025992562988097e-09
2.5202346719960245e-09
2.568654707338358e-09
2.6892630917291216e-09
2.7751340721943185e-09
3.0085515242278538e-09
2.967336229162121e-09
3.772033466825642e-09
6.663743341850381e-09
0.0019946438260376453
0.0015897474950179458
0.0014440927188843489
0.0005360608920454979
7.805122867465819e-09
7.693559331278799e-09
6.326876089007838e-09
0.0008364232489839196
0.001383586204610765
0.001182967098429799
0.0008855818305164576
0.0009453909005969763
0.001228569308295846
0.0014757935423403978
0.0007838872261345387
6.77963674783344e-09
6.586863866842041e-09
7.451104837297162e-09
2.6176354920443012e-09
0.001414314960129559
0.0016449496615678072
0.0008225439814850688
4.58186917226544e-09
2.982926839562028e-09
2.819740317974717e-09
2.7789229251062864e-09
2.6981893282151947e-09
2.6151294671428182e-09
2.53305991633479e-09
2.4905038968625615e-09
2.47495405246434e-09
2.47495405246434e-09
2.4905038968625615e-09
2.53305991633479e-09
2.6151294671428182e-09
2.6981893282151947e-09
2.7789229251062864e-09
2.819740317974717e-09
2.982926839562028e-09
4.58186917226544e-09
0.0008225439814850688
0.0016449496615678072
0.001414314960129559
2.6176354920443012e-09
7.451104837297162e-09
6.586863866842041e-09
6.77963674783344e-09
0.0007838872261345387
0.0014757935423403978
0.001228569308295846
0.0009453909005969763
0.001146392896771431
0.0014120712876319885
0.0017636159900575876
3.2882908635595287e-09
4.788941378869316e-09
4.654005045928722e-09
5.403473675447135e-09
4.8907596722491675e-09
2.693692057603725e-09
2.1572132101466135e-09
1.791512793149208e-09
3.0640618080973736e-09
2.3312623533000565e-09
2.6043195378022688e-09
2.5581362115417727e-09
2.5703556037065534e-09
2.512578036253932e-09
2.4683130973174316e-09
2.436773439279394e-09
2.424007392379246e-09
2.424007392379246e-09
2.436773439279394e-09
2.4683130973174316e-09
2.512578036253932e-09
2.5703556037065534e-09
2.5581362115417727e-09
2.6043195378022688e-09
2.3312623533000565e-09
3.0640618080973736e-09
1.791512793149208e-09
2.1572132101466135e-09
2.693692057603725e-09
4.8907596722491675e-09
5.403473675447135e-09
4.654005045928722e-09
4.788941378869316e-09
3.2882908635595287e-09
0.0017636159900575876
0.0014120712876319885
0.001146392896771431
0.00048599709407426417
0.0007462965440936387
3.668946656903982e-09
4.550559148247535e-09
3.5202973348857913e-09
3.387981518596095e-09
3.1631199395865117e-09
3.080869977536982e-09
3.113650830222081e-09
2.763650202783352e-09
2.762495093788786e-09
2.5393302911791427e-09
2.523444560947885e-09
2.451616817542024e-09
2.461181215426822e-09
2.4411664096418706e-09
2.413677547760673e-09
2.3869226907502483e-09
2.3678674038879466e-09
2.3587475288938675e-09
2.3587475288938675e-09
2.3678674038879466e-09
2.3869226907502483e-09
2.413677547760673e-09
2.4411664096418706e-09
2.461181215426822e-09
2.451616817542024e-09
2.523444560947885e-09
2.5393302911791427e-09
2.762495093788786e-09
2.763650202783352e-09
3.113650830222081e-09
3.080869977536982e-09
3.1631199395865117e-09
3.387981518596095e-09
3.5202973348857913e-09
4.550559148247535e-09
3.668946656903982e-09
0.0007462965440936387
0.00048599709407426417
1.9905147408821877e-09
3.0167233728423115e-09
4.980648705965596e-09
3.1653234720818713e-09
2.930453839658509e-09
2.7860027652926167e-09
2.7786219505832044e-09
2.9272391802170894e-09
3.0824474916979483e-09
3.1628647183951086e-09
3.004265022518715e-09
2.788263326822249e-09
2.572228454539305e-09
2.4338092305398185e-09
2.360968842304856e-09
2.330546346185347e-09
2.3143427278771167e-09
2.303985561363797e-09
2.2973031896939e-09
2.293998541472164e-09
2.293998541472164e-09
2.2973031896939e-09
2.303985561363797e-09
2.3143427278771167e-09
2.330546346185347e-09
2.360968842304856e-09
2.4338092305398185e-09
2.572228454539305e-09
2.788263326822249e-09
3.004265022518715e-09
3.1628647183951086e-09
3.0824474916979483e-09
2.9272391802170894e-09
2.7786219505832044e-09
2.7860027652926167e-09
2.930453839658509e-09
3.1653234720818713e-09
4.980648705965596e-09
3.0167233728423115e-09
1.9905147408821877e-09
3.8309980188167e-09
2.675158922507692e-09
2.826096778471565e-09
3.4248372367262636e-09
3.009813535556627e-09
2.7646079869825257e-09
2.8161522593050936e-09
2.958244326584092e-09
3.108661765505172e-09
3.0734839586571416e-09
2.9213556487078796e-09
2.7191215858785034e-09
2.559918639913339e-09
2.4716680525199708e-09
2.4241507239064486e-09
2.4083979168615377e-09
2.4000981323907267e-09
2.3929105225084513e-09
2.3869641072732373e-09
2.3836267161458924e-09
2.3836267161458924e-09
2.3869641072732373e-09
2.3929105225084513e-09
2.4000981323907267e-09
2.4083979168615377e-09
2.4241507239064486e-09
2.4716680525199708e-09
2.559918639913339e-09
2.7191215858785034e-09
2.9213556487078796e-09
3.0734839586571416e-09
3.108661765505172e-09
2.958244326584092e-09
2.8161522593050936e-09
2.7646079869825257e-09
3.009813535556627e-09
3.4248372367262636e-09
2.826096778471565e-09
2.675158922507692e-09
3.8309980188167e-09
0.0010368862422183156
0.0010209714528173208
2.1917897184697832e-09
4.16814716422409e-09
3.2323408272888488e-09
3.0487843152848804e-09
2.9322631562439527e-09
2.9385797181008533e-09
2.76244370260581e-09
2.7254884547162073e-09
2.5931041168492097e-09
2.5764236664255202e-09
2.600799783869512e-09
2.5433446581429875e-09
2.535991599009191e-09
2.521059749849286e-09
2.4937278804426644e-09
2.4661659433350414e-09
2.446267580863415e-09
2.4360238218973373e-09
2.4360238218973373e-09
2.446267580863415e-09
2.4661659433350414e-09
2.4937278804426644e-09
2.521059749849286e-09
2.535991599009191e-09
2.5433446581429875e-09
2.600799783869512e-09
2.5764236664255202e-09
2.5931041168492097e-09
2.7254884547162073e-09
2.76244370260581e-09
2.9385797181008533e-09
2.9322631562439527e-09
3.0487843152848804e-09
3.2323408272888488e-09
4.16814716422409e-09
2.1917897184697832e-09
0.0010209714528173208
0.0010368862422183156
0.0010517501505091786
0.0012656853068619967
0.0016916951863095164
6.449241748279766e-09
5.748102081121198e-09
5.224110640605906e-09
3.6216492044910398e-09
2.3376355105103608e-09
2.1534575338211237e-09
1.9945156637390937e-09
2.5306072341801933e-09
3.288317968613841e-09
2.6952335762525648e-09
2.575580373975761e-09
2.6592343778386596e-09
2.625358914640219e-09
2.5882024388274028e-09
2.540938379841373e-09
2.508465874254129e-09
2.491821853023435e-09
2.491821853023435e-09
2.508465874254129e-09
2.540938379841373e-09
2.5882024388274028e-09
2.625358914640219e-09
2.6592343778386596e-09
2.575580373975761e-09
2.6952335762525648e-09
3.288317968613841e-09
2.5306072341801933e-09
1.9945156637390937e-09
2.1534575338211237e-09
2.3376355105103608e-09
3.6216492044910398e-09
5.224110640605906e-09
5.748102081121198e-09
6.449241748279766e-09
0.0016916951863095164
0.0012656853068619967
0.0010517501505091786
0.0011018220102414489
0.001179818413220346
0.0018698947969824076
4.7072150864690965e-09
7.398993744078819e-09
8.602782548827737e-09
4.153565512365898e-09
0.0011600737925618887
0.0015315074706450105
0.0013054485898464918
1.4304845285736945e-09
4.3214993215856534e-09
2.6717261215891686e-09
2.775718023484419e-09
2.7846186727992217e-09
2.7377243267540097e-09
2.6664156993483346e-09
2.6039159977536697e-09
2.5579486445659327e-09
2.536510281328508e-09
2.536510281328508e-09
2.5579486445659327e-09
2.6039159977536697e-09
2.6664156993483346e-09
2.7377243267540097e-09
2.7846186727992217e-09
2.775718023484419e-09
2.6717261215891686e-09
4.3214993215856534e-09
1.4304845285736945e-09
0.0013054485898464918
0.0015315074706450105
0.0011600737925618887
4.153565512365898e-09
8.602782548827737e-09
7.398993744078819e-09
4.7072150864690965e-09
0.0018698947969824076
0.001179818413220346
0.0011018220102414489
0.0010130155133083463
0.0011173976818099618
0.0014233581023290753
0.0007979761576279998
6.776167734562355e-09
9.467719143396724e-09
5.34616751909911e-09
0.0016285058809444308
0.001480935257859528
0.0015133449342101812
0.0005713081336580217
4.092491536628051e-09
2.6163578682042443e-09
3.0144463314396575e-09
2.8592605713639863e-09
2.822477061098505e-09
2.7103074558970652e-09
2.6414556306142423e-09
2.584932268234752e-09
2.5610848077700643e-09
2.5610848077700643e-09
2.584932268234752e-09
2.6414556306142423e-09
2.7103074558970652e-09
2.822477061098505e-09
2.8592605713639863e-09
3.0144463314396575e-09
2.6163578682042443e-09
4.092491536628051e-09
0.0005713081336580217
0.0015133449342101812
0.001480935257859528
0.0016285058809444308
5.34616751909911e-09
9.467719143396724e-09
6.776167734562355e-09
0.0007979761576279998
0.0014233581023290753
0.0011173976818099618
0.0010130155133083463
0.0010130155133083463
0.0011173976818099618
0.0014233581023290753
0.0007979761576279998
6.776167734562355e-09
9.467719143396724e-09
5.34616751909911e-09
0.0016285058809444308
0.001480935257859528
0.0015133449342101812
0.0005713081336580217
4.092491536628051e-09
2.6163578682042443e-09
3.0144463314396575e-09
2.8592605713639863e-09
2.822477061098505e-09
2.7103074558970652e-09
2.6414556306142423e-09
2.584932268234752e-09
2.5610848077700643e-09
2.5610848077700643e-09
2.584932268234752e-09
2.6414556306142423e-09
2.7103074558970652e-09
2.822477061098505e-09
2.8592605713639863e-09
3.0144463314396575e-09
2.6163578682042443e-09
4.092491536628051e-09
0.0005713081336580217
0.0015133449342101812
0.001480935257859528
0.0016285058809444308
5.34616751909911e-09
9.467719143396724e-09
6.776167734562355e-09
0.0007979761576279998
0.0014233581023290753
0.0011173976818099618
0.0010130155133083463
0.0011018220102414489
0.001179818413220346
0.0018698947969824076
4.7072150864690965e-09
7.398993744078819e-09
8.602782548827737e-09
4.153565512365898e-09
0.0011600737925618887
0.0015315074706450105
0.0013054485898464918
1.4304845285736945e-09
4.3214993215856534e-09
2.6717261215891686e-09
2.775718023484419e-09
2.7846186727992217e-09
2.7377243267540097e-09
2.6664156993483346e-09
2.6039159977536697e-09
2.5579486445659327e-09
2.536510281328508e-09
2.536510281328508e-09
2.5579486445659327e-09
2.6039159977536697e-09
2.6664156993483346e-09
2.7377243267540097e-09
2.7846186727992217e-09
2.775718023484419e-09
2.6717261215891686e-09
4.3214993215856534e-09
1.4304845285736945e-09
0.0013054485898464918
0.0015315074706450105
0.0011600737925618887
4.153565512365898e-09
8.602782548827737e-09
7.398993744078819e-09
4.7072150864690965e-09
0.0018698947969824076
0.001179818413220346
0.0011018220102414489
0.0010517501505091786
0.0012656853068619967
0.0016916951863095164
6.449241748279766e-09
5.748102081121198e-09
5.224110640605906e-09
3.6216492044910398e-09
2.3376355105103608e-09
2.1534575338211237e-09
1.9945156637390937e-09
2.5306072341801933e-09
3.288317968613841e-09
2.6952335762525648e-09
2.575580373975761e-09
2.6592343778386596e-09
2.625358914640219e-09
2.5882024388274028e-09
2.540938379841373e-09
2.508465874254129e-09
2.491821853023435e-09
2.491821853023435e-09
2.508465874254129e-09
2.540938379841373e-09
2.5882024388274028e-09
2.625358914640219e-09
2.6592343778386596e-09
2.575580373975761e-09
2.6952335762525648e-09
3.288317968613841e-09
2.5306072341801933e-09
1.9945156637390937e-09
2.1534575338211237e-09
2.3376355105103608e-09
3.6216492044910398e-09
5.224110640605906e-09
5.748102081121198e-09
6.449241748279766e-09
0.0016916951863095164
0.0012656853068619967
0.0010517501505091786
0.0010368862422183156
0.0010209714528173208
2.1917897184697832e-09
4.16814716422409e-09
3.2323408272888488e-09
3.0487843152848804e-09
2.9322631562439527e-09
2.9385797181008533e-09
2.76244370260581e-09
2.7254884547162073e-09
2.5931041168492097e-09
2.5764236664255202e-09
2.600799783869512e-09
2.5433446581429875e-09
2.535991599009191e-09
2.521059749849286e-09
2.4937278804426644e-09
2.4661659433350414e-09
2.446267580863415e-09
2.4360238218973373e-09
2.4360238218973373e-09
2.446267580863415e-09
2.4661659433350414e-09
2.4937278804426644e-09
2.521059749849286e-09
2.535991599009191e-09
2.5433446581429875e-09
2.600799783869512e-09
2.5764236664255202e-09
2.5931041168492097e-09
2.7254884547162073e-09
2.76244370260581e-09
2.9385797181008533e-09
2.9322631562439527e-09
3.0487843152848804e-09
3.2323408272888488e-09
4.16814716422409e-09
2.1917897184697832e-09
0.0010209714528173208
0.0010368862422183156
3.8309980188167e-09
2.675158922507692e-09
2.826096778471565e-09
3.4248372367262636e-09
3.009813535556627e-09
2.7646079869825257e-09
2.8161522593050936e-09
2.958244326584092e-09
3.108661765505172e-09
3.0734839586571416e-09
2.9213556487078796e-09
2.7191215858785034e-09
2.559918639913339e-09
2.4716680525199708e-09
2.4241507239064486e-09
2.4083979168615377e-09
2.4000981323907267e-09
2.3929105225084513e-09
2.3869641072732373e-09
2.3836267161458924e-09
2.3836267161458924e-09
2.3869641072732373e-09
2.3929105225084513e-09
2.4000981323907267e-09
2.4083979168615377e-09
2.4241507239064486e-09
2.4716680525199708e-09
2.559918639913339e-09
2.7191215858785034e-09
2.9213556487078796e-09
3.0734839586571416e-09
3.108661765505172e-09
2.958244326584092e-09
2.8161522593050936e-09
2.7646079869825257e-09
3.009813535556627e-09
3.4248372367262636e-09
2.826096778471565e-09
2.675158922507692e-09
3.8309980188167e-09
0.0004443709913175553
2.026906203642098e-09
3.0480409862754243e-09
3.201276266642794e-09
2.8678186127922833e-09
2.8150563477491453e-09
2.8721636614187362e-09
3.0449410354238537e-09
3.0591852835659683e-09
2.9943055413622632e-09
2.862744546625051e-09
2.7124851843807196e-09
2.619980404502953e-09
2.554342588140246e-09
2.5165648644825955e-09
2.4990942475155986e-09
2.4910386253740313e-09
2.4840082248067663e-09
2.4782276925039426e-09
2.474802264160192e-09
2.474802264160192e-09
2.4782276925039426e-09
2.4840082248067663e-09
2.4910386253740313e-09
2.4990942475155986e-09
2.5165648644825955e-09
2.554342588140246e-09
2.619980404502953e-09
2.7124851843807196e-09
2.862744546625051e-09
2.9943055413622632e-09
3.0591852835659683e-09
3.0449410354238537e-09
2.8721636614187362e-09
2.8150563477491453e-09
2.8678186127922833e-09
3.201276266642794e-09
3.0480409862754243e-09
2.026906203642098e-09
0.0004443709913175553
0.0009617513860575855
0.0012202156940475106
2.118586989868776e-09
4.127807904513725e-09
3.269758162144365e-09
2.93739099883894e-09
2.948345994430168e-09
2.735273813003758e-09
2.936507590908799e-09
2.8244026041568393e-09
2.7129112758345064e-09
2.820996474611759e-09
2.759468218163641e-09
2.689704795694192e-09
2.6330832045978747e-09
2.602028618611807e-09
2.571355671790454e-09
2.5450733100867984e-09
2.5257502252878927e-09
2.515850592091362e-09
2.515850592091362e-09
2.5257502252878927e-09
2.5450733100867984e-09
2.571355671790454e-09
2.602028618611807e-09
2.6330832045978747e-09
2.689704795694192e-09
2.759468218163641e-09
2.820996474611759e-09
2.7129112758345064e-09
2.8244026041568393e-09
2.936507590908799e-09
2.735273813003758e-09
2.948345994430168e-09
2.93739099883894e-09
3.269758162144365e-09
4.127807904513725e-09
2.118586989868776e-09
0.0012202156940475106
0.0009617513860575855
0.0010801531607285142
0.0012825134908780456
0.0013034854782745242
4.79791683813402e-09
2.741640681841462e-09
2.8305929648808625e-09
1.4816224419220148e-09
2.0567165592150216e-09
2.510325497820376e-09
3.0878359764952013e-09
3.2631638276908737e-09
2.9188595984663834e-09
3.046221478189559e-09
2.8009773320181175e-09
2.7331216716913742e-09
2.6995196442808345e-09
2.6506225599826072e-09
2.609413770129909e-09
2.5780176604595084e-09
2.56208270744962e-09
2.56208270744962e-09
2.5780176604595084e-09
2.609413770129909e-09
2.6506225599826072e-09
2.6995196442808345e-09
2.7331216716913742e-09
2.8009773320181175e-09
3.046221478189559e-09
2.9188595984663834e-09
3.2631638276908737e-09
3.0878359764952013e-09
2.510325497820376e-09
2.0567165592150216e-09
1.4816224419220148e-09
2.8305929648808625e-09
2.741640681841462e-09
4.79791683813402e-09
0.0013034854782745242
0.0012825134908780456
0.0010801531607285142
0.0012088140938431025
0.001284433645196259
0.0015494008548557758
6.3450828792499525e-09
9.368347243798869e-09
4.1133567905971e-09
0.0005772332660853863
0.0014903562841936946
0.0016340352594852448
2.089509771804887e-09
3.4391903387664957e-09
4.1487850481469746e-09
3.3446368504636004e-09
2.8926596361278367e-09
2.8429975387767037e-09
2.7800166682578897e-09
2.7182078202875326e-09
2.661214131005618e-09
2.6211153473371107e-09
2.6000532022535383e-09
2.6000532022535383e-09
2.6211153473371107e-09
2.661214131005618e-09
2.7182078202875326e-09
2.7800166682578897e-09
2.8429975387767037e-09
2.8926596361278367e-09
3.3446368504636004e-09
4.1487850481469746e-09
3.4391903387664957e-09
2.089509771804887e-09
0.0016340352594852448
0.0014903562841936946
0.0005772332660853863
4.1133567905971e-09
9.368347243798869e-09
6.3450828792499525e-09
0.0015494008548557758
0.001284433645196259
0.0012088140938431025
0.0012464883038774133
0.001212647999636829
0.0019841575995087624
1.4283365289136096e-08
1.8522777062157658e-08
5.19498246503991e-09
0.0012175486190244555
0.0015213566366583109
0.0017274611163884401
0.0013463810319080949
2.525668259603653e-09
5.4994515885642414e-09
3.4896825013008836e-09
2.945417564362285e-09
2.9275267106332326e-09
2.8254169837094167e-09
2.759420730108486e-09
2.6897067472581027e-09
2.6454218590016287e-09
2.6210943138149645e-09
2.6210943138149645e-09
2.6454218590016287e-09
2.6897067472581027e-09
2.759420730108486e-09
2.8254169837094167e-09
2.9275267106332326e-09
2.945417564362285e-09
3.4896825013008836e-09
5.4994515885642414e-09
2.525668259603653e-09
0.0013463810319080949
0.0017274611163884401
0.0015213566366583109
0.0012175486190244555
5.19498246503991e-09
1.8522777062157658e-08
1.4283365289136096e-08
0.0019841575995087624
0.001212647999636829
0.0012464883038774133
0.0012464883038774133
0.001212647999636829
0.0019841575995087624
1.4283365289136096e-08
1.8522777062157658e-08
5.19498246503991e-09
0.0012175486190244555
0.0015213566366583109
0.0017274611163884401
0.0013463810319080949
2.525668259603653e-09
5.4994515885642414e-09
3.4896825013008836e-09
2.945417564362285e-09
2.9275267106332326e-09
2.8254169837094167e-09
2.759420730108486e-09
2.6897067472581027e-09
2.6454218590016287e-09
2.6210943138149645e-09
2.6210943138149645e-09
2.6454218590016287e-09
2.6897067472581027e-09
2.759420730108486e-09
2.8254169837094167e-09
2.9275267106332326e-09
2.945417564362285e-09
3.4896825013008836e-09
5.4994515885642414e-09
2.525668259603653e-09
0.0013463810319080949
0.0017274611163884401
0.0015213566366583109
0.0012175486190244555
5.19498246503991e-09
1.8522777062157658e-08
1.4283365289136096e-08
0.0019841575995087624
0.001212647999636829
0.0012464883038774133
0.0012088140938431025
0.001284433645196259
0.0015494008548557758
6.3450828792499525e-09
9.368347243798869e-09
4.1133567905971e-09
0.0005772332660853863
0.0014903562841936946
0.0016340352594852448
2.089509771804887e-09
3.4391903387664957e-09
4.1487850481469746e-09
3.3446368504636004e-09
2.8926596361278367e-09
2.8429975387767037e-09
2.7800166682578897e-09
2.7182078202875326e-09
2.661214131005618e-09
2.6211153473371107e-09
2.6000532022535383e-09
2.6000532022535383e-09
2.6211153473371107e-09
2.661214131005618e-09
2.7182078202875326e-09
2.7800166682578897e-09
2.8429975387767037e-09
2.8926596361278367e-09
3.3446368504636004e-09
4.1487850481469746e-09
3.4391903387664957e-09
2.089509771804887e-09
0.0016340352594852448
0.0014903562841936946
0.0005772332660853863
4.1133567905971e-09
9.368347243798869e-09
6.3450828792499525e-09
0.0015494008548557758
0.001284433645196259
0.0012088140938431025
0.0010801531607285142
0.0012825134908780456
0.0013034854782745242
4.79791683813402e-09
2.741640681841462e-09
2.8305929648808625e-09
1.4816224419220148e-09
2.0567165592150216e-09
2.510325497820376e-09
3.0878359764952013e-09
3.2631638276908737e-09
2.9188595984663834e-09
3.046221478189559e-09
2.8009773320181175e-09
2.7331216716913742e-09
2.6995196442808345e-09
2.6506225599826072e-09
2.609413770129909e-09
2.5780176604595084e-09
2.56208270744962e-09
2.56208270744962e-09
2.5780176604595084e-09
2.609413770129909e-09
2.6506225599826072e-09
2.6995196442808345e-09
2.7331216716913742e-09
2.8009773320181175e-09
3.046221478189559e-09
2.9188595984663834e-09
3.2631638276908737e-09
3.0878359764952013e-09
2.510325497820376e-09
2.0567165592150216e-09
1.4816224419220148e-09
2.8305929648808625e-09
2.741640681841462e-09
4.79791683813402e-09
0.0013034854782745242
0.0012825134908780456
0.0010801531607285142
0.0009617513860575855
0.0012202156940475106
2.118586989868776e-09
4.127807904513725e-09
3.269758162144365e-09
2.93739099883894e-09
2.948345994430168e-09
2.735273813003758e-09
2.936507590908799e-09
2.8244026041568393e-09
2.7129112758345064e-09
2.820996474611759e-09
2.759468218163641e-09
2.689704795694192e-09
2.6330832045978747e-09
2.602028618611807e-09
2.571355671790454e-09
2.5450733100867984e-09
2.5257502252878927e-09
2.515850592091362e-09
2.515850592091362e-09
2.5257502252878927e-09
2.5450733100867984e-09
2.571355671790454e-09
2.602028618611807e-09
2.6330832045978747e-09
2.689704795694192e-09
2.759468218163641e-09
2.820996474611759e-09
2.7129112758345064e-09
2.8244026041568393e-09
2.936507590908799e-09
2.735273813003758e-09
2.948345994430168e-09
2.93739099883894e-09
3.269758162144365e-09
4.127807904513725e-09
2.118586989868776e-09
0.0012202156940475106
0.0009617513860575855
0.0004443709913175553
2.026906203642098e-09
3.0480409862754243e-09
3.201276266642794e-09
2.8678186127922833e-09
2.8150563477491453e-09
2.8721636614187362e-09
3.0449410354238537e-09
3.0591852835659683e-09
2.9943055413622632e-09
2.862744546625051e-09
2.7124851843807196e-09
2.619980404502953e-09
2.554342588140246e-09
2.5165648644825955e-09
2.4990942475155986e-09
2.4910386253740313e-09
2.4840082248067663e-09
2.4782276925039426e-09
2.474802264160192e-09
2.474802264160192e-09
2.4782276925039426e-09
2.4840082248067663e-09
2.4910386253740313e-09
2.4990942475155986e-09
2.5165648644825955e-09
2.554342588140246e-09
2.619980404502953e-09
2.7124851843807196e-09
2.862744546625051e-09
2.9943055413622632e-09
3.0591852835659683e-09
3.0449410354238537e-09
2.8721636614187362e-09
2.8150563477491453e-09
2.8678186127922833e-09
3.201276266642794e-09
3.0480409862754243e-09
2.026906203642098e-09
0.0004443709913175553
0.0007694441010244191
3.6307261450790884e-09
5.5367741641498824e-09
2.6059677419448812e-09
2.9371140936040874e-09
2.9482182754142494e-09
3.017059041834913e-09
3.067555107497122e-09
3.0389115703022274e-09
2.92738337910603e-09
2.8185359862015202e-09
2.757074299766793e-09
2.7040780638948325e-09
2.6573337714302925e-09
2.622802799598367e-09
2.600688111045746e-09
2.5870811569406182e-09
2.5776722336473545e-09
2.5706806475178645e-09
2.5668844220311238e-09
2.5668844220311238e-09
2.5706806475178645e-09
2.5776722336473545e-09
2.5870811569406182e-09
2.600688111045746e-09
2.622802799598367e-09
2.6573337714302925e-09
2.7040780638948325e-09
2.757074299766793e-09
2.8185359862015202e-09
2.92738337910603e-09
3.0389115703022274e-09
3.067555107497122e-09
3.017059041834913e-09
2.9482182754142494e-09
2.9371140936040874e-09
2.6059677419448812e-09
5.5367741641498824e-09
3.6307261450790884e-09
0.0007694441010244191
0.001146904076449573
0.001626628334634006
2.1938722540026934e-09
3.520653170038801e-09
2.9775485462651963e-09
2.687615754948247e-09
2.8100269507114195e-09
2.8478708107015915e-09
2.7928792091513888e-09
2.939671943369415e-09
2.967702689496421e-09
2.9152544094024346e-09
2.8956468299534688e-09
2.819973638282236e-09
2.743311437389262e-09
2.689335733274678e-09
2.6526166246182425e-09
2.624992454305919e-09
2.606460620252493e-09
2.596986427988446e-09
2.596986427988446e-09
2.606460620252493e-09
2.624992454305919e-09
2.6526166246182425e-09
2.689335733274678e-09
2.743311437389262e-09
2.819973638282236e-09
2.8956468299534688e-09
2.9152544094024346e-09
2.967702689496421e-09
2.939671943369415e-09
2.7928792091513888e-09
2.8478708107015915e-09
2.8100269507114195e-09
2.687615754948247e-09
2.9775485462651963e-09
3.520653170038801e-09
2.1938722540026934e-09
0.001626628334634006
0.001146904076449573
0.001286858576349914
0.0012220044154673815
0.001029563252814114
4.165145658929781e-09
3.2625944047098843e-09
4.079821983721255e-09
2.166930480537732e-09
2.922885674813691e-09
6.199436797249547e-09
3.959426970318036e-09
3.091709397176623e-09
3.3307859508696636e-09
3.14794956594866e-09
3.006002348079906e-09
2.8554014621512414e-09
2.775464537016492e-09
2.7197929238637064e-09
2.6766976222308836e-09
2.6477743608754878e-09
2.632946378283707e-09
2.632946378283707e-09
2.6477743608754878e-09
2.6766976222308836e-09
2.7197929238637064e-09
2.775464537016492e-09
2.8554014621512414e-09
3.006002348079906e-09
3.14794956594866e-09
3.3307859508696636e-09
3.091709397176623e-09
3.959426970318036e-09
6.199436797249547e-09
2.922885674813691e-09
2.166930480537732e-09
4.079821983721255e-09
3.2625944047098843e-09
4.165145658929781e-09
0.001029563252814114
0.0012220044154673815
0.001286858576349914
0.0014099812833592296
0.0013584379339590669
0.0011177088599652052
2.3547041053118e-09
5.764933235646863e-09
3.94536877126872e-09
0.0016621113754808903
0.0020576452370733023
6.115440185500143e-09
4.1978508343032406e-09
4.117060425218311e-09
3.8035403819580704e-09
3.587628024520617e-09
3.176261770959643e-09
2.948986757914107e-09
2.8485120078663995e-09
2.773961832805427e-09
2.7197135602646805e-09
2.6822417984601055e-09
2.663475776737423e-09
2.663475776737423e-09
2.6822417984601055e-09
2.7197135602646805e-09
2.773961832805427e-09
2.8485120078663995e-09
2.948986757914107e-09
3.176261770959643e-09
3.587628024520617e-09
3.8035403819580704e-09
4.117060425218311e-09
4.1978508343032406e-09
6.115440185500143e-09
0.0020576452370733023
0.0016621113754808903
3.94536877126872e-09
5.764933235646863e-09
2.3547041053118e-09
0.0011177088599652052
0.0013584379339590669
0.0014099812833592296
0.0014792452566325665
0.001479559694416821
0.0011430325685068965
0.00048441137187182903
9.589697091971772e-09
0.001397453248500824
0.0014710286632180214
0.0017940336838364601
0.0023336894810199738
3.32394029835259e-09
5.0875532085770114e-09
4.094138222887622e-09
3.993686457925971e-09
3.2742504454258414e-09
3.0044710209314873e-09
2.8926114975513784e-09
2.8039788373124264e-09
2.7442629332158353e-09
2.7015048184586554e-09
2.680738877408606e-09
2.680738877408606e-09
2.7015048184586554e-09
2.7442629332158353e-09
2.8039788373124264e-09
2.8926114975513784e-09
3.0044710209314873e-09
3.2742504454258414e-09
3.993686457925971e-09
4.094138222887622e-09
5.0875532085770114e-09
3.32394029835259e-09
0.0023336894810199738
0.0017940336838364601
0.0014710286632180214
0.001397453248500824
9.589697091971772e-09
0.00048441137187182903
0.0011430325685068965
0.001479559694416821
0.0014792452566325665
0.0014792452566325665
0.001479559694416821
0.0011430325685068965
0.00048441137187182903
9.589697091971772e-09
0.001397453248500824
0.0014710286632180214
0.0017940336838364601
0.0023336894810199738
3.32394029835259e-09
5.0875532085770114e-09
4.094138222887622e-09
3.993686457925971e-09
3.2742504454258414e-09
3.0044710209314873e-09
2.8926114975513784e-09
2.8039788373124264e-09
2.7442629332158353e-09
2.7015048184586554e-09
2.680738877408606e-09
2.680738877408606e-09
2.7015048184586554e-09
2.7442629332158353e-09
2.8039788373124264e-09
2.8926114975513784e-09
3.0044710209314873e-09
3.2742504454258414e-09
3.993686457925971e-09
4.094138222887622e-09
5.0875532085770114e-09
3.32394029835259e-09
0.0023336894810199738
0.0017940336838364601
0.0014710286632180214
0.001397453248500824
9.589697091971772e-09
0.00048441137187182903
0.0011430325685068965
0.001479559694416821
0.0014792452566325665
0.0014099812833592296
0.0013584379339590669
0.0011177088599652052
2.3547041053118e-09
5.764933235646863e-09
3.94536877126872e-09
0.0016621113754808903
0.0020576452370733023
6.115440185500143e-09
4.1978508343032406e-09
4.117060425218311e-09
3.8035403819580704e-09
3.587628024520617e-09
3.176261770959643e-09
2.948986757914107e-09
2.8485120078663995e-09
2.773961832805427e-09
2.7197135602646805e-09
2.6822417984601055e-09
2.663475776737423e-09
2.663475776737423e-09
2.6822417984601055e-09
2.7197135602646805e-09
2.773961832805427e-09
2.8485120078663995e-09
2.948986757914107e-09
3.176261770959643e-09
3.587628024520617e-09
3.8035403819580704e-09
4.117060425218311e-09
4.1978508343032406e-09
6.115440185500143e-09
0.0020576452370733023
0.0016621113754808903
3.94536877126872e-09
5.764933235646863e-09
2.3547041053118e-09
0.0011177088599652052
0.0013584379339590669
0.0014099812833592296
0.001286858576349914
0.0012220044154673815
0.001029563252814114
4.165145658929781e-09
3.2625944047098843e-09
4.079821983721255e-09
2.166930480537732e-09
2.922885674813691e-09
6.199436797249547e-09
3.959426970318036e-09
3.091709397176623e-09
3.3307859508696636e-09
3.14794956594866e-09
3.006002348079906e-09
2.8554014621512414e-09
2.775464537016492e-09
2.7197929238637064e-09
2.6766976222308836e-09
2.6477743608754878e-09
2.632946378283707e-09
2.632946378283707e-09
2.6477743608754878e-09
2.6766976222308836e-09
2.7197929238637064e-09
2.775464537016492e-09
2.8554014621512414e-09
3.006002348079906e-09
3.14794956594866e-09
3.3307859508696636e-09
3.091709397176623e-09
3.959426970318036e-09
6.199436797249547e-09
2.922885674813691e-09
2.166930480537732e-09
4.079821983721255e-09
3.2625944047098843e-09
4.165145658929781e-09
0.001029563252814114
0.0012220044154673815
0.001286858576349914
0.001146904076449573
0.001626628334634006
2.1938722540026934e-09
3.520653170038801e-09
2.9775485462651963e-09
2.687615754948247e-09
2.8100269507114195e-09
2.8478708107015915e-09
2.7928792091513888e-09
2.939671943369415e-09
2.967702689496421e-09
2.9152544094024346e-09
2.8956468299534688e-09
2.819973638282236e-09
2.743311437389262e-09
2.689335733274678e-09
2.6526166246182425e-09
2.624992454305919e-09
2.606460620252493e-09
2.596986427988446e-09
2.596986427988446e-09
2.606460620252493e-09
2.624992454305919e-09
2.6526166246182425e-09
2.689335733274678e-09
2.743311437389262e-09
2.819973638282236e-09
2.8956468299534688e-09
2.9152544094024346e-09
2.967702689496421e-09
2.939671943369415e-09
2.7928792091513888e-09
2.8478708107015915e-09
2.8100269507114195e-09
2.687615754948247e-09
2.9775485462651963e-09
3.520653170038801e-09
2.1938722540026934e-09
0.001626628334634006
0.001146904076449573
0.0007694441010244191
3.6307261450790884e-09
5.5367741641498824e-09
2.6059677419448812e-09
2.9371140936040874e-09
2.9482182754142494e-09
3.017059041834913e-09
3.067555107497122e-09
3.0389115703022274e-09
2.92738337910603e-09
2.8185359862015202e-09
2.757074299766793e-09
2.7040780638948325e-09
2.6573337714302925e-09
2.622802799598367e-09
2.600688111045746e-09
2.5870811569406182e-09
2.5776722336473545e-09
2.5706806475178645e-09
2.5668844220311238e-09
2.5668844220311238e-09
2.5706806475178645e-09
2.5776722336473545e-09
2.5870811569406182e-09
2.600688111045746e-09
2.622802799598367e-09
2.6573337714302925e-09
2.7040780638948325e-09
2.757074299766793e-09
2.8185359862015202e-09
2.92738337910603e-09
3.0389115703022274e-09
3.067555107497122e-09
3.017059041834913e-09
2.9482182754142494e-09
2.9371140936040874e-09
2.6059677419448812e-09
5.5367741641498824e-09
3.6307261450790884e-09
0.0007694441010244191
0.0008158963755704463
0.00040059606544673443
4.38928667717553e-09
2.916060622137895e-09
3.100563208957574e-09
3.1435947595026548e-09
3.1242603990011553e-09
3.042740105013708e-09
2.9761952451135e-09
2.8744875403552417e-09
2.820184840865436e-09
2.793620803437369e-09
2.7785425869841784e-09
2.7550661405029153e-09
2.7277373068623767e-09
2.703901989462021e-09
2.6858881872066087e-09
2.672897927297191e-09
2.6641369232222045e-09
2.6595925982364488e-09
2.6595925982364488e-09
2.6641369232222045e-09
2.672897927297191e-09
2.6858881872066087e-09
2.703901989462021e-09
2.7277373068623767e-09
2.7550661405029153e-09
2.7785425869841784e-09
2.793620803437369e-09
2.820184840865436e-09
2.8744875403552417e-09
2.9761952451135e-09
3.042740105013708e-09
3.1242603990011553e-09
3.1435947595026548e-09
3.100563208957574e-09
2.916060622137895e-09
4.38928667717553e-09
0.00040059606544673443
0.0008158963755704463
0.0012235267786309123
0.001162916887551546
1.916551552877399e-09
3.1537736831788177e-09
2.9854417549213252e-09
2.975414402708876e-09
2.7353054717071945e-09
3.0035659289578964e-09
2.8827068770248543e-09
3.0324497253542138e-09
2.9799281531933675e-09
3.0210072724662362e-09
2.98215835706217e-09
2.912542602928614e-09
2.8378705635434542e-09
2.7775171485694417e-09
2.735282920302007e-09
2.706544190156368e-09
2.6880264507311846e-09
2.6789263082166448e-09
2.6789263082166448e-09
2.6880264507311846e-09
2.706544190156368e-09
2.735282920302007e-09
2.7775171485694417e-09
2.8378705635434542e-09
2.912542602928614e-09
2.98215835706217e-09
3.0210072724662362e-09
2.9799281531933675e-09
3.0324497253542138e-09
2.8827068770248543e-09
3.0035659289578964e-09
2.7353054717071945e-09
2.975414402708876e-09
2.9854417549213252e-09
3.1537736831788177e-09
1.916551552877399e-09
0.001162916887551546
0.0012235267786309123
0.001504727522842586
0.0012542929034680128
0.000859078427311033
3.153336316022437e-09
2.9834641701587117e-09
2.0991528827674077e-09
2.1409666574323527e-09
2.485596364149023e-09
4.854868243531207e-09
3.051091280667495e-09
3.449007355757483e-09
3.3069478145436593e-09
3.258007145318098e-09
3.0916870626118698e-09
2.9576230787392577e-09
2.855348986766093e-09
2.79001127756473e-09
2.7460423258213185e-09
2.7180219880351686e-09
2.704336971373622e-09
2.704336971373622e-09
2.7180219880351686e-09
2.7460423258213185e-09
2.79001127756473e-09
2.855348986766093e-09
2.9576230787392577e-09
3.0916870626118698e-09
3.258007145318098e-09
3.3069478145436593e-09
3.449007355757483e-09
3.051091280667495e-09
4.854868243531207e-09
2.485596364149023e-09
2.1409666574323527e-09
2.0991528827674077e-09
2.9834641701587117e-09
3.153336316022437e-09
0.000859078427311033
0.0012542929034680128
0.001504727522842586
0.0016372569371014833
0.001273979083634913
0.0008332434226758778
1.4634289873666217e-09
2.484658529269823e-09
0.0014026998542249203
0.001561686280183494
0.0007969939615577459
7.016185375741113e-09
4.543766404796479e-09
3.971637255184568e-09
3.7918704634543055e-09
3.5323280758725595e-09
3.281468196128512e-09
3.0589773335892856e-09
2.91992601972324e-09
2.8359801486355085e-09
2.7795140321307255e-09
2.744244068098034e-09
2.7268736314117747e-09
2.7268736314117747e-09
2.744244068098034e-09
2.7795140321307255e-09
2.8359801486355085e-09
2.91992601972324e-09
3.0589773335892856e-09
3.281468196128512e-09
3.5323280758725595e-09
3.7918704634543055e-09
3.971637255184568e-09
4.543766404796479e-09
7.016185375741113e-09
0.0007969939615577459
0.001561686280183494
0.0014026998542249203
2.484658529269823e-09
1.4634289873666217e-09
0.0008332434226758778
0.001273979083634913
0.0016372569371014833
0.0017148040933534503
0.00129814469255507
0.0007798162987455726
0.0003403048904146999
0.0016176019562408328
0.0014292446430772543
0.0014818267663940787
0.0020656194537878036
8.799549630622572e-09
6.092491094955577e-09
4.3008539438171844e-09
4.238879212914437e-09
3.695716909585256e-09
3.417653529971809e-09
3.116415979442788e-09
2.956972774276201e-09
2.8622514514770048e-09
2.7984394315727634e-09
2.7593402823072877e-09
2.739873215459876e-09
2.739873215459876e-09
2.7593402823072877e-09
2.7984394315727634e-09
2.8622514514770048e-09
2.956972774276201e-09
3.116415979442788e-09
3.417653529971809e-09
3.695716909585256e-09
4.238879212914437e-09
4.3008539438171844e-09
6.092491094955577e-09
8.799549630622572e-09
0.0020656194537878036
0.0014818267663940787
0.0014292446430772543
0.0016176019562408328
0.0003403048904146999
0.0007798162987455726
0.00129814469255507
0.0017148040933534503
0.0017148040933534503
0.00129814469255507
0.0007798162987455726
0.0003403048904146999
0.0016176019562408328
0.0014292446430772543
0.0014818267663940787
0.0020656194537878036
8.799549630622572e-09
6.092491094955577e-09
4.3008539438171844e-09
4.238879212914437e-09
3.695716909585256e-09
3.417653529971809e-09
3.116415979442788e-09
2.956972774276201e-09
2.8622514514770048e-09
2.7984394315727634e-09
2.7593402823072877e-09
2.739873215459876e-09
2.739873215459876e-09
2.7593402823072877e-09
2.7984394315727634e-09
2.8622514514770048e-09
2.956972774276201e-09
3.116415979442788e-09
3.417653529971809e-09
3.695716909585256e-09
4.238879212914437e-09
4.3008539438171844e-09
6.092491094955577e-09
8.799549630622572e-09
0.0020656194537878036
0.0014818267663940787
0.0014292446430772543
0.0016176019562408328
0.0003403048904146999
0.0007798162987455726
0.00129814469255507
0.0017148040933534503
0.0016372569371014833
0.001273979083634913
0.0008332434226758778
1.4634289873666217e-09
2.484658529269823e-09
0.0014026998542249203
0.001561686280183494
0.0007969939615577459
7.016185375741113e-09
4.543766404796479e-09
3.971637255184568e-09
3.7918704634543055e-09
3.5323280758725595e-09
3.281468196128512e-09
3.0589773335892856e-09
2.91992601972324e-09
2.8359801486355085e-09
2.7795140321307255e-09
2.744244068098034e-09
2.7268736314117747e-09
2.7268736314117747e-09
2.744244068098034e-09
2.7795140321307255e-09
2.8359801486355085e-09
2.91992601972324e-09
3.0589773335892856e-09
3.281468196128512e-09
3.5323280758725595e-09
3.7918704634543055e-09
3.971637255184568e-09
4.543766404796479e-09
7.016185375741113e-09
0.0007969939615577459
0.001561686280183494
0.0014026998542249203
2.484658529269823e-09
1.4634289873666217e-09
0.0008332434226758778
0.001273979083634913
0.0016372569371014833
0.001504727522842586
0.0012542929034680128
0.000859078427311033
3.153336316022437e-09
2.9834641701587117e-09
2.0991528827674077e-09
2.1409666574323527e-09
2.485596364149023e-09
4.854868243531207e-09
3.051091280667495e-09
3.449007355757483e-09
3.3069478145436593e-09
3.258007145318098e-09
3.0916870626118698e-09
2.9576230787392577e-09
2.855348986766093e-09
2.79001127756473e-09
2.7460423258213185e-09
2.7180219880351686e-09
2.704336971373622e-09
2.704336971373622e-09
2.7180219880351686e-09
2.7460423258213185e-09
2.79001127756473e-09
2.855348986766093e-09
2.9576230787392577e-09
3.0916870626118698e-09
3.258007145318098e-09
3.3069478145436593e-09
3.449007355757483e-09
3.051091280667495e-09
4.854868243531207e-09
2.485596364149023e-09
2.1409666574323527e-09
2.0991528827674077e-09
2.9834641701587117e-09
3.153336316022437e-09
0.000859078427311033
0.0012542929034680128
0.001504727522842586
0.0012235267786309123
0.001162916887551546
1.916551552877399e-09
3.1537736831788177e-09
2.9854417549213252e-09
2.975414402708876e-09
2.7353054717071945e-09
3.0035659289578964e-09
2.8827068770248543e-09
3.0324497253542138e-09
2.9799281531933675e-09
3.0210072724662362e-09
2.98215835706217e-09
2.912542602928614e-09
2.8378705635434542e-09
2.7775171485694417e-09
2.735282920302007e-09
2.706544190156368e-09
2.6880264507311846e-09
2.6789263082166448e-09
2.6789263082166448e-09
2.6880264507311846e-09
2.706544190156368e-09
2.735282920302007e-09
2.7775171485694417e-09
2.8378705635434542e-09
2.912542602928614e-09
2.98215835706217e-09
3.0210072724662362e-09
2.9799281531933675e-09
3.0324497253542138e-09
2.8827068770248543e-09
3.0035659289578964e-09
2.7353054717071945e-09
2.975414402708876e-09
2.9854417549213252e-09
3.1537736831788177e-09
1.916551552877399e-09
0.001162916887551546
0.0012235267786309123
0.0008158963755704463
0.00040059606544673443
4.38928667717553e-09
2.916060622137895e-09
3.100563208957574e-09
3.1435947595026548e-09
3.1242603990011553e-09
3.042740105013708e-09
2.9761952451135e-09
2.8744875403552417e-09
2.820184840865436e-09
2.793620803437369e-09
2.7785425869841784e-09
2.7550661405029153e-09
2.7277373068623767e-09
2.703901989462021e-09
2.6858881872066087e-09
2.672897927297191e-09
2.6641369232222045e-09
2.6595925982364488e-09
2.6595925982364488e-09
2.6641369232222045e-09
2.672897927297191e-09
2.6858881872066087e-09
2.703901989462021e-09
2.7277373068623767e-09
2.7550661405029153e-09
2.7785425869841784e-09
2.793620803437369e-09
2.820184840865436e-09
2.8744875403552417e-09
2.9761952451135e-09
3.042740105013708e-09
3.1242603990011553e-09
3.1435947595026548e-09
3.100563208957574e-09
2.916060622137895e-09
4.38928667717553e-09
0.00040059606544673443
0.0008158963755704463
0.0010709400521591306
0.000525094976183027
2.979275029804662e-09
3.4163878323556496e-09
3.562746018342944e-09
3.2775184476141472e-09
3.116022414054176e-09
3.0108057973848856e-09
2.91846646675864e-09
2.8557735603368384e-09
2.8421594504973724e-09
2.840088624347925e-09
2.8463331951805726e-09
2.8404997538117316e-09
2.8234953437789034e-09
2.802476783622665e-09
2.7832304603375713e-09
2.7680906612009837e-09
2.7577480229967755e-09
2.7524833540876203e-09
2.7524833540876203e-09
2.7577480229967755e-09
2.7680906612009837e-09
2.7832304603375713e-09
2.802476783622665e-09
2.8234953437789034e-09
2.8404997538117316e-09
2.8463331951805726e-09
2.840088624347925e-09
2.8421594504973724e-09
2.8557735603368384e-09
2.91846646675864e-09
3.0108057973848856e-09
3.116022414054176e-09
3.2775184476141472e-09
3.562746018342944e-09
3.4163878323556496e-09
2.979275029804662e-09
0.000525094976183027
0.0010709400521591306
0.0014107798924669623
0.0010458359029144049
1.6696144250136213e-09
3.616761621097475e-09
3.5493851781309704e-09
2.962796240985055e-09
2.8971159238971866e-09
2.846015740784469e-09
2.9545194416003007e-09
3.0995447094367412e-09
3.057826778243844e-09
3.0602937718671175e-09
3.032367325989105e-09
2.9749674945733773e-09
2.9114937457469514e-09
2.8573077064109054e-09
2.8161928084663446e-09
2.787707998469502e-09
2.769703086671904e-09
2.7609158449043436e-09
2.7609158449043436e-09
2.769703086671904e-09
2.787707998469502e-09
2.8161928084663446e-09
2.8573077064109054e-09
2.9114937457469514e-09
2.9749674945733773e-09
3.032367325989105e-09
3.0602937718671175e-09
3.057826778243844e-09
3.0995447094367412e-09
2.9545194416003007e-09
2.846015740784469e-09
2.8971159238971866e-09
2.962796240985055e-09
3.5493851781309704e-09
3.616761621097475e-09
1.6696144250136213e-09
0.0010458359029144049
0.0014107798924669623
0.0016645189607515931
0.0011841619852930307
0.0007412087288685143
1.8824906911074635e-09
2.3757584441397306e-09
2.3458669902443052e-09
2.6109012955105593e-09
3.590728192212622e-09
4.864791729175533e-09
3.538444927689288e-09
3.3006908838062454e-09
3.3528338525684598e-09
3.2428048961363753e-09
3.13381980955596e-09
3.014787204602687e-09
2.923481986008558e-09
2.8579966084713027e-09
2.8150298932161366e-09
2.7885471709510057e-09
2.7758394541277376e-09
2.7758394541277376e-09
2.7885471709510057e-09
2.8150298932161366e-09
2.8579966084713027e-09
2.923481986008558e-09
3.014787204602687e-09
3.13381980955596e-09
3.2428048961363753e-09
3.3528338525684598e-09
3.3006908838062454e-09
3.538444927689288e-09
4.864791729175533e-09
3.590728192212622e-09
2.6109012955105593e-09
2.3458669902443052e-09
2.3757584441397306e-09
1.8824906911074635e-09
0.0007412087288685143
0.0011841619852930307
0.0016645189607515931
0.0017817131010815501
0.001178035861812532
0.0005559493438340724
0.0004347506328485906
0.001289411447942257
0.0014670745003968477
0.0012788503663614392
1.9037135149529982e-09
7.01991199544838e-09
3.790010839888058e-09
3.802154771581634e-09
3.645968076060324e-09
3.4700790418201732e-09
3.2744859341377053e-09
3.1085897744809188e-09
2.9803791812971214e-09
2.8948250047067248e-09
2.8399949492802223e-09
2.8065110999064835e-09
2.790613226610894e-09
2.790613226610894e-09
2.8065110999064835e-09
2.8399949492802223e-09
2.8948250047067248e-09
2.9803791812971214e-09
3.1085897744809188e-09
3.2744859341377053e-09
3.4700790418201732e-09
3.645968076060324e-09
3.802154771581634e-09
3.790010839888058e-09
7.01991199544838e-09
1.9037135149529982e-09
0.0012788503663614392
0.0014670745003968477
0.001289411447942257
0.0004347506328485906
0.0005559493438340724
0.001178035861812532
0.0017817131010815501
0.0018293812172487378
0.0011548440670594573
0.0005173432291485369
0.00045009003952145576
0.0011986035387963057
0.0014939033426344395
0.0014680750900879502
0.0005512447096407413
6.5360416731663484e-09
3.885415860577224e-09
4.288422915388335e-09
3.818901358337845e-09
3.634991179585212e-09
3.355498821508429e-09
3.1666286346571093e-09
3.012757578135794e-09
2.9161920274412e-09
2.8546590005035233e-09
2.8172340762327996e-09
2.7995823975029976e-09
2.7995823975029976e-09
2.8172340762327996e-09
2.8546590005035233e-09
2.9161920274412e-09
3.012757578135794e-09
3.1666286346571093e-09
3.355498821508429e-09
3.634991179585212e-09
3.818901358337845e-09
4.288422915388335e-09
3.885415860577224e-09
6.5360416731663484e-09
0.0005512447096407413
0.0014680750900879502
0.0014939033426344395
0.0011986035387963057
0.00045009003952145576
0.0005173432291485369
0.0011548440670594573
0.0018293812172487378
0.0018293812172487378
0.0011548440670594573
0.0005173432291485369
0.00045009003952145576
0.0011986035387963057
0.0014939033426344395
0.0014680750900879502
0.0005512447096407413
6.5360416731663484e-09
3.885415860577224e-09
4.288422915388335e-09
3.818901358337845e-09
3.634991179585212e-09
3.355498821508429e-09
3.1666286346571093e-09
3.012757578135794e-09
2.9161920274412e-09
2.8546590005035233e-09
2.8172340762327996e-09
2.7995823975029976e-09
2.7995823975029976e-09
2.8172340762327996e-09
2.8546590005035233e-09
2.9161920274412e-09
3.012757578135794e-09
3.1666286346571093e-09
3.355498821508429e-09
3.634991179585212e-09
3.818901358337845e-09
4.288422915388335e-09
3.885415860577224e-09
6.5360416731663484e-09
0.0005512447096407413
0.0014680750900879502
0.0014939033426344395
0.0011986035387963057
0.00045009003952145576
0.0005173432291485369
0.0011548440670594573
0.0018293812172487378
0.0017817131010815501
0.001178035861812532
0.0005559493438340724
0.0004347506328485906
0.001289411447942257
0.0014670745003968477
0.0012788503663614392
1.9037135149529982e-09
7.01991199544838e-09
3.790010839888058e-09
3.802154771581634e-09
3.645968076060324e-09
3.4700790418201732e-09
3.2744859341377053e-09
3.1085897744809188e-09
2.9803791812971214e-09
2.8948250047067248e-09
2.8399949492802223e-09
2.8065110999064835e-09
2.790613226610894e-09
2.790613226610894e-09
2.8065110999064835e-09
2.8399949492802223e-09
2.8948250047067248e-09
2.9803791812971214e-09
3.1085897744809188e-09
3.2744859341377053e-09
3.4700790418201732e-09
3.645968076060324e-09
3.802154771581634e-09
3.790010839888058e-09
7.01991199544838e-09
1.9037135149529982e-09
0.0012788503663614392
0.0014670745003968477
0.001289411447942257
0.0004347506328485906
0.0005559493438340724
0.001178035861812532
0.0017817131010815501
0.0016645189607515931
0.0011841619852930307
0.0007412087288685143
1.8824906911074635e-09
2.3757584441397306e-09
2.3458669902443052e-09
2.6109012955105593e-09
3.590728192212622e-09
4.864791729175533e-09
3.538444927689288e-09
3.3006908838062454e-09
3.3528338525684598e-09
3.2428048961363753e-09
3.13381980955596e-09
3.014787204602687e-09
2.923481986008558e-09
2.8579966084713027e-09
2.8150298932161366e-09
2.7885471709510057e-09
2.7758394541277376e-09
2.7758394541277376e-09
2.7885471709510057e-09
2.8150298932161366e-09
2.8579966084713027e-09
2.923481986008558e-09
3.014787204602687e-09
3.13381980955596e-09
3.2428048961363753e-09
3.3528338525684598e-09
3.3006908838062454e-09
3.538444927689288e-09
4.864791729175533e-09
3.590728192212622e-09
2.6109012955105593e-09
2.3458669902443052e-09
2.3757584441397306e-09
1.8824906911074635e-09
0.0007412087288685143
0.0011841619852930307
0.0016645189607515931
0.0014107798924669623
0.0010458359029144049
1.6696144250136213e-09
3.616761621097475e-09
3.5493851781309704e-09
2.962796240985055e-09
2.8971159238971866e-09
2.846015740784469e-09
2.9545194416003007e-09
3.0995447094367412e-09
3.057826778243844e-09
3.0602937718671175e-09
3.032367325989105e-09
2.9749674945733773e-09
2.9114937457469514e-09
2.8573077064109054e-09
2.8161928084663446e-09
2.787707998469502e-09
2.769703086671904e-09
2.7609158449043436e-09
2.7609158449043436e-09
2.769703086671904e-09
2.787707998469502e-09
2.8161928084663446e-09
2.8573077064109054e-09
2.9114937457469514e-09
2.9749674945733773e-09
3.032367325989105e-09
3.0602937718671175e-09
3.057826778243844e-09
3.0995447094367412e-09
2.9545194416003007e-09
2.846015740784469e-09
2.8971159238971866e-09
2.962796240985055e-09
3.5493851781309704e-09
3.616761621097475e-09
1.6696144250136213e-09
0.0010458359029144049
0.0014107798924669623
0.0010709400521591306
0.000525094976183027
2.979275029804662e-09
3.4163878323556496e-09
3.562746018342944e-09
3.2775184476141472e-09
3.116022414054176e-09
3.0108057973848856e-09
2.91846646675864e-09
2.8557735603368384e-09
2.8421594504973724e-09
2.840088624347925e-09
2.8463331951805726e-09
2.8404997538117316e-09
2.8234953437789034e-09
2.802476783622665e-09
2.7832304603375713e-09
2.7680906612009837e-09
2.7577480229967755e-09
2.7524833540876203e-09
2.7524833540876203e-09
2.7577480229967755e-09
2.7680906612009837e-09
2.7832304603375713e-09
2.802476783622665e-09
2.8234953437789034e-09
2.8404997538117316e-09
2.8463331951805726e-09
2.840088624347925e-09
2.8421594504973724e-09
2.8557735603368384e-09
2.91846646675864e-09
3.0108057973848856e-09
3.116022414054176e-09
3.2775184476141472e-09
3.562746018342944e-09
3.4163878323556496e-09
2.979275029804662e-09
0.000525094976183027
0.0010709400521591306
0.0013535756152123213
0.0006261011003516614
2.8634902608792867e-09
4.985856779521347e-09
3.547583450960734e-09
3.2566065729516813e-09
3.0272574811501807e-09
2.913907613463773e-09
2.8585361074723314e-09
2.872279237370323e-09
2.8860483881204546e-09
2.9014774523966613e-09
2.9155011738168923e-09
2.9201599905520625e-09
2.9112862294511377e-09
2.895044880907305e-09
2.8770644720788052e-09
2.8615068214249417e-09
2.850391363912186e-09
2.8446533323345236e-09
2.8446533323345236e-09
2.850391363912186e-09
2.8615068214249417e-09
2.8770644720788052e-09
2.895044880907305e-09
2.9112862294511377e-09
2.9201599905520625e-09
2.9155011738168923e-09
2.9014774523966613e-09
2.8860483881204546e-09
2.872279237370323e-09
2.8585361074723314e-09
2.913907613463773e-09
3.0272574811501807e-09
3.2566065729516813e-09
3.547583450960734e-09
4.985856779521347e-09
2.8634902608792867e-09
0.0006261011003516614
0.0013535756152123213
0.0016230999026447535
0.000985966995358467
2.3406944785198114e-09
6.418415278430789e-09
3.5445615626655824e-09
3.2060150974982937e-09
2.8793716543018544e-09
2.9243220258518e-09
3.2194772021931772e-09
3.201248727907613e-09
3.1513138452898826e-09
3.0994768383807436e-09
3.0656670778339556e-09
3.0199709920297746e-09
2.971982035471221e-09
2.9279332864479146e-09
2.8926351331587385e-09
2.866756745184551e-09
2.8500259877800582e-09
2.8418135900043495e-09
2.8418135900043495e-09
2.8500259877800582e-09
2.866756745184551e-09
2.8926351331587385e-09
2.9279332864479146e-09
2.971982035471221e-09
3.0199709920297746e-09
3.0656670778339556e-09
3.0994768383807436e-09
3.1513138452898826e-09
3.201248727907613e-09
3.2194772021931772e-09
2.9243220258518e-09
2.8793716543018544e-09
3.2060150974982937e-09
3.5445615626655824e-09
6.418415278430789e-09
2.3406944785198114e-09
0.000985966995358467
0.0016230999026447535
0.001849635038524866
0.0011283449130132794
0.0009006789769046009
3.551813357316469e-09
2.9639715161400293e-09
3.3141716367784957e-09
4.418567074726543e-09
4.322417857666183e-09
3.6779247182539e-09
3.855865713525697e-09
3.4362014102173877e-09
3.320399510897687e-09
3.2400100397761422e-09
3.1403347804104254e-09
3.051793626834831e-09
2.9763914857067197e-09
2.920559844313275e-09
2.881957259642798e-09
2.8581009087202958e-09
2.846666695768829e-09
2.846666695768829e-09
2.8581009087202958e-09
2.881957259642798e-09
2.920559844313275e-09
2.9763914857067197e-09
3.051793626834831e-09
3.1403347804104254e-09
3.2400100397761422e-09
3.320399510897687e-09
3.4362014102173877e-09
3.855865713525697e-09
3.6779247182539e-09
4.322417857666183e-09
4.418567074726543e-09
3.3141716367784957e-09
2.9639715161400293e-09
3.551813357316469e-09
0.0009006789769046009
0.0011283449130132794
0.001849635038524866
0.001943261013366282
0.0011262049665674567
0.0006308846641331911
0.0012470665387809277
0.0013818596489727497
0.0015179377514868975
2.864787617198883e-09
5.316134685240392e-09
6.053166214797789e-09
4.408211642936699e-09
3.7015256311445643e-09
3.558054675542599e-09
3.395755681853685e-09
3.252213819429639e-09
3.1228567908686555e-09
3.0218711647572727e-09
2.947889545315552e-09
2.8985266877640248e-09
2.868517272672233e-09
2.854272807689684e-09
2.854272807689684e-09
2.868517272672233e-09
2.8985266877640248e-09
2.947889545315552e-09
3.0218711647572727e-09
3.1228567908686555e-09
3.252213819429639e-09
3.395755681853685e-09
3.558054675542599e-09
3.7015256311445643e-09
4.408211642936699e-09
6.053166214797789e-09
5.316134685240392e-09
2.864787617198883e-09
0.0015179377514868975
0.0013818596489727497
0.0012470665387809277
0.0006308846641331911
0.0011262049665674567
0.001943261013366282
0.001958431676030159
0.0011337422765791416
0.0006369714974425733
0.0007745721377432346
0.0012351225595921278
0.0014756260206922889
0.001267501269467175
3.980326485075736e-09
8.41431178205676e-09
4.592305702377786e-09
3.869820696528192e-09
3.727405103320924e-09
3.4863418575670213e-09
3.3223395822651325e-09
3.1638470055633805e-09
3.0492728567838023e-09
2.9643128229839277e-09
2.9089562789824663e-09
2.8754370846179045e-09
2.8595895183031184e-09
2.8595895183031184e-09
2.8754370846179045e-09
2.9089562789824663e-09
2.9643128229839277e-09
3.0492728567838023e-09
3.1638470055633805e-09
3.3223395822651325e-09
3.4863418575670213e-09
3.727405103320924e-09
3.869820696528192e-09
4.592305702377786e-09
8.41431178205676e-09
3.980326485075736e-09
0.001267501269467175
0.0014756260206922889
0.0012351225595921278
0.0007745721377432346
0.0006369714974425733
0.0011337422765791416
0.001958431676030159
0.001958431676030159
0.0011337422765791416
0.0006369714974425733
0.0007745721377432346
0.0012351225595921278
0.0014756260206922889
0.001267501269467175
3.980326485075736e-09
8.41431178205676e-09
4.592305702377786e-09
3.869820696528192e-09
3.727405103320924e-09
3.4863418575670213e-09
3.3223395822651325e-09
3.1638470055633805e-09
3.0492728567838023e-09
2.9643128229839277e-09
2.9089562789824663e-09
2.8754370846179045e-09
2.8595895183031184e-09
2.8595895183031184e-09
2.8754370846179045e-09
2.9089562789824663e-09
2.9643128229839277e-09
3.0492728567838023e-09
3.1638470055633805e-09
3.3223395822651325e-09
3.4863418575670213e-09
3.727405103320924e-09
3.869820696528192e-09
4.592305702377786e-09
8.41431178205676e-09
3.980326485075736e-09
0.001267501269467175
0.0014756260206922889
0.0012351225595921278
0.0007745721377432346
0.0006369714974425733
0.0011337422765791416
0.001958431676030159
0.001943261013366282
0.0011262049665674567
0.0006308846641331911
0.0012470665387809277
0.0013818596489727497
0.0015179377514868975
2.864787617198883e-09
5.316134685240392e-09
6.053166214797789e-09
4.408211642936699e-09
3.7015256311445643e-09
3.558054675542599e-09
3.395755681853685e-09
3.252213819429639e-09
3.1228567908686555e-09
3.0218711647572727e-09
2.947889545315552e-09
2.8985266877640248e-09
2.868517272672233e-09
2.854272807689684e-09
2.854272807689684e-09
2.868517272672233e-09
2.8985266877640248e-09
2.947889545315552e-09
3.0218711647572727e-09
3.1228567908686555e-09
3.252213819429639e-09
3.395755681853685e-09
3.558054675542599e-09
3.7015256311445643e-09
4.408211642936699e-09
6.053166214797789e-09
5.316134685240392e-09
2.864787617198883e-09
0.0015179377514868975
0.0013818596489727497
0.0012470665387809277
0.0006308846641331911
0.0011262049665674567
0.001943261013366282
0.001849635038524866
0.0011283449130132794
0.0009006789769046009
3.551813357316469e-09
2.9639715161400293e-09
3.3141716367784957e-09
4.418567074726543e-09
4.322417857666183e-09
3.6779247182539e-09
3.855865713525697e-09
3.4362014102173877e-09
3.320399510897687e-09
3.2400100397761422e-09
3.1403347804104254e-09
3.051793626834831e-09
2.9763914857067197e-09
2.920559844313275e-09
2.881957259642798e-09
2.8581009087202958e-09
2.846666695768829e-09
2.846666695768829e-09
2.8581009087202958e-09
2.881957259642798e-09
2.920559844313275e-09
2.9763914857067197e-09
3.051793626834831e-09
3.1403347804104254e-09
3.2400100397761422e-09
3.320399510897687e-09
3.4362014102173877e-09
3.855865713525697e-09
3.6779247182539e-09
4.322417857666183e-09
4.418567074726543e-09
3.3141716367784957e-09
2.9639715161400293e-09
3.551813357316469e-09
0.0009006789769046009
0.0011283449130132794
0.001849635038524866
0.0016230999026447535
0.000985966995358467
2.3406944785198114e-09
6.418415278430789e-09
3.5445615626655824e-09
3.2060150974982937e-09
2.8793716543018544e-09
2.9243220258518e-09
3.2194772021931772e-09
3.201248727907613e-09
3.1513138452898826e-09
3.0994768383807436e-09
3.0656670778339556e-09
3.0199709920297746e-09
2.971982035471221e-09
2.9279332864479146e-09
2.8926351331587385e-09
2.866756745184551e-09
2.8500259877800582e-09
2.8418135900043495e-09
2.8418135900043495e-09
2.8500259877800582e-09
2.866756745184551e-09
2.8926351331587385e-09
2.9279332864479146e-09
2.971982035471221e-09
3.0199709920297746e-09
3.0656670778339556e-09
3.0994768383807436e-09
3.1513138452898826e-09
3.201248727907613e-09
3.2194772021931772e-09
2.9243220258518e-09
2.8793716543018544e-09
3.2060150974982937e-09
3.5445615626655824e-09
6.418415278430789e-09
2.3406944785198114e-09
0.000985966995358467
0.0016230999026447535
0.0013535756152123213
0.0006261011003516614
2.8634902608792867e-09
4.985856779521347e-09
3.547583450960734e-09
3.2566065729516813e-09
3.0272574811501807e-09
2.913907613463773e-09
2.8585361074723314e-09
2.872279237370323e-09
2.8860483881204546e-09
2.9014774523966613e-09
2.9155011738168923e-09
2.9201599905520625e-09
2.9112862294511377e-09
2.895044880907305e-09
2.8770644720788052e-09
2.8615068214249417e-09
2.850391363912186e-09
2.8446533323345236e-09
2.8446533323345236e-09
2.850391363912186e-09
2.8615068214249417e-09
2.8770644720788052e-09
2.895044880907305e-09
2.9112862294511377e-09
2.9201599905520625e-09
2.9155011738168923e-09
2.9014774523966613e-09
2.8860483881204546e-09
2.872279237370323e-09
2.8585361074723314e-09
2.913907613463773e-09
3.0272574811501807e-09
3.2566065729516813e-09
3.547583450960734e-09
4.985856779521347e-09
2.8634902608792867e-09
0.0006261011003516614
0.0013535756152123213
0.0017605347093194723
0.0006418321863748133
1.6927173638464632e-09
5.029086522223558e-09
3.605247394025679e-09
3.0056679801299113e-09
2.7908634604723037e-09
2.754071927110746e-09
2.820754914367729e-09
2.888606888407086e-09
2.937224248544812e-09
2.970432927407174e-09
2.991453005446454e-09
2.9999789544904454e-09
2.996159310236779e-09
2.98328375891721e-09
2.9670660459807374e-09
2.9518505695325103e-09
2.9405095979678775e-09
2.9345282714227094e-09
2.9345282714227094e-09
2.9405095979678775e-09
2.9518505695325103e-09
2.9670660459807374e-09
2.98328375891721e-09
2.996159310236779e-09
2.9999789544904454e-09
2.991453005446454e-09
2.970432927407174e-09
2.937224248544812e-09
2.888606888407086e-09
2.820754914367729e-09
2.754071927110746e-09
2.7908634604723037e-09
3.0056679801299113e-09
3.605247394025679e-09
5.029086522223558e-09
1.6927173638464632e-09
0.0006418321863748133
0.0017605347093194723
0.0020539595279842615
0.000903369567822665
0.00020357749599497765
6.164983020612302e-09
3.433212264827845e-09
3.0352335228522875e-09
2.90807937626536e-09
3.110100935468929e-09
3.160442610741776e-09
3.234049096231817e-09
3.1970845242035306e-09
3.141234017692285e-09
3.098388299399568e-09
3.0626501768687975e-09
3.0266340649010015e-09
2.993245842158876e-09
2.9645413728018877e-09
2.942426467408832e-09
2.9275293127184465e-09
2.920077374346519e-09
2.920077374346519e-09
2.9275293127184465e-09
2.942426467408832e-09
2.9645413728018877e-09
2.993245842158876e-09
3.0266340649010015e-09
3.0626501768687975e-09
3.098388299399568e-09
3.141234017692285e-09
3.1970845242035306e-09
3.234049096231817e-09
3.160442610741776e-09
3.110100935468929e-09
2.90807937626536e-09
3.0352335228522875e-09
3.433212264827845e-09
6.164983020612302e-09
0.00020357749599497765
0.000903369567822665
0.0020539595279842615
0.002225645584985614
0.001233583432622254
0.0008215587004087865
4.218192635463414e-09
3.3510063213865182e-09
4.798716545656445e-09
4.548028620376954e-09
3.5302906431500247e-09
4.002082953230568e-09
3.71725263417777e-09
3.5373327531007526e-09
3.3370617467248787e-09
3.232179931686452e-09
3.150796247172738e-09
3.080412010539324e-09
3.023018901177066e-09
2.978198417047384e-09
2.9461760722021557e-09
2.9257158761647473e-09
2.9158049672656228e-09
2.9158049672656228e-09
2.9257158761647473e-09
2.9461760722021557e-09
2.978198417047384e-09
3.023018901177066e-09
3.080412010539324e-09
3.150796247172738e-09
3.232179931686452e-09
3.3370617467248787e-09
3.5373327531007526e-09
3.71725263417777e-09
4.002082953230568e-09
3.5302906431500247e-09
4.548028620376954e-09
4.798716545656445e-09
3.3510063213865182e-09
4.218192635463414e-09
0.0008215587004087865
0.001233583432622254
0.002225645584985614
0.0022801582235842943
0.001364409807138145
0.0009825672022998333
0.0015928485663607717
0.0014674282865598798
3.18555078149263e-09
5.99575424031773e-09
5.575099843585507e-09
4.899577705358427e-09
4.4807391304246824e-09
3.839175505282455e-09
3.5149830095171364e-09
3.356441860558057e-09
3.2314660929760874e-09
3.133407595889981e-09
3.0547639071065724e-09
2.9962146045475757e-09
2.9552194025228573e-09
2.929676900381706e-09
2.9174577250573597e-09
2.9174577250573597e-09
2.929676900381706e-09
2.9552194025228573e-09
2.9962146045475757e-09
3.0547639071065724e-09
3.133407595889981e-09
3.2314660929760874e-09
3.356441860558057e-09
3.5149830095171364e-09
3.839175505282455e-09
4.4807391304246824e-09
4.899577705358427e-09
5.575099843585507e-09
5.99575424031773e-09
3.18555078149263e-09
0.0014674282865598798
0.0015928485663607717
0.0009825672022998333
0.001364409807138145
0.0022801582235842943
0.0022826911881566048
0.001390082179568708
0.0009517364669591188
0.000997484428808093
0.0013549539726227522
0.0015814690850675106
5.1232980531612515e-09
7.3697757965729416e-09
5.449803802681785e-09
5.1606267002790585e-09
3.99918900079177e-09
3.6245680935798053e-09
3.4329210481243155e-09
3.2787149731317022e-09
3.165905254967627e-09
3.0743192280108245e-09
3.008157308317938e-09
2.961888980607119e-09
2.9334137115893943e-09
2.9198375488259654e-09
2.9198375488259654e-09
2.9334137115893943e-09
2.961888980607119e-09
3.008157308317938e-09
3.0743192280108245e-09
3.165905254967627e-09
3.2787149731317022e-09
3.4329210481243155e-09
3.6245680935798053e-09
3.99918900079177e-09
5.1606267002790585e-09
5.449803802681785e-09
7.3697757965729416e-09
5.1232980531612515e-09
0.0015814690850675106
0.0013549539726227522
0.000997484428808093
0.0009517364669591188
0.001390082179568708
0.0022826911881566048
0.0022826911881566048
0.001390082179568708
0.0009517364669591188
0.000997484428808093
0.0013549539726227522
0.0015814690850675106
5.1232980531612515e-09
7.3697757965729416e-09
5.449803802681785e-09
5.1606267002790585e-09
3.99918900079177e-09
3.6245680935798053e-09
3.4329210481243155e-09
3.2787149731317022e-09
3.165905254967627e-09
3.0743192280108245e-09
3.008157308317938e-09
2.961888980607119e-09
2.9334137115893943e-09
2.9198375488259654e-09
2.9198375488259654e-09
2.9334137115893943e-09
2.961888980607119e-09
3.008157308317938e-09
3.0743192280108245e-09
3.165905254967627e-09
3.2787149731317022e-09
3.4329210481243155e-09
3.6245680935798053e-09
3.99918900079177e-09
5.1606267002790585e-09
5.449803802681785e-09
7.3697757965729416e-09
5.1232980531612515e-09
0.0015814690850675106
0.0013549539726227522
0.000997484428808093
0.0009517364669591188
0.001390082179568708
0.0022826911881566048
0.0022801582235842943
0.001364409807138145
0.0009825672022998333
0.0015928485663607717
0.0014674282865598798
3.18555078149263e-09
5.99575424031773e-09
5.575099843585507e-09
4.899577705358427e-09
4.4807391304246824e-09
3.839175505282455e-09
3.5149830095171364e-09
3.356441860558057e-09
3.2314660929760874e-09
3.133407595889981e-09
3.0547639071065724e-09
2.9962146045475757e-09
2.9552194025228573e-09
2.929676900381706e-09
2.9174577250573597e-09
2.9174577250573597e-09
2.929676900381706e-09
2.9552194025228573e-09
2.9962146045475757e-09
3.0547639071065724e-09
3.133407595889981e-09
3.2314660929760874e-09
3.356441860558057e-09
3.5149830095171364e-09
3.839175505282455e-09
4.4807391304246824e-09
4.899577705358427e-09
5.575099843585507e-09
5.99575424031773e-09
3.18555078149263e-09
0.0014674282865598798
0.0015928485663607717
0.0009825672022998333
0.001364409807138145
0.0022801582235842943
0.002225645584985614
0.001233583432622254
0.0008215587004087865
4.218192635463414e-09
3.3510063213865182e-09
4.798716545656445e-09
4.548028620376954e-09
3.5302906431500247e-09
4.002082953230568e-09
3.71725263417777e-09
3.5373327531007526e-09
3.3370617467248787e-09
3.232179931686452e-09
3.150796247172738e-09
3.080412010539324e-09
3.023018901177066e-09
2.978198417047384e-09
2.9461760722021557e-09
2.9257158761647473e-09
2.9158049672656228e-09
2.9158049672656228e-09
2.9257158761647473e-09
2.9461760722021557e-09
2.978198417047384e-09
3.023018901177066e-09
3.080412010539324e-09
3.150796247172738e-09
3.232179931686452e-09
3.3370617467248787e-09
3.5373327531007526e-09
3.71725263417777e-09
4.002082953230568e-09
3.5302906431500247e-09
4.548028620376954e-09
4.798716545656445e-09
3.3510063213865182e-09
4.218192635463414e-09
0.0008215587004087865
0.001233583432622254
0.002225645584985614
0.0020539595279842615
0.000903369567822665
0.00020357749599497765
6.164983020612302e-09
3.433212264827845e-09
3.0352335228522875e-09
2.90807937626536e-09
3.110100935468929e-09
3.160442610741776e-09
3.234049096231817e-09
3.1970845242035306e-09
3.141234017692285e-09
3.098388299399568e-09
3.0626501768687975e-09
3.0266340649010015e-09
2.993245842158876e-09
2.9645413728018877e-09
2.942426467408832e-09
2.9275293127184465e-09
2.920077374346519e-09
2.920077374346519e-09
2.9275293127184465e-09
2.942426467408832e-09
2.9645413728018877e-09
2.993245842158876e-09
3.0266340649010015e-09
3.0626501768687975e-09
3.098388299399568e-09
3.141234017692285e-09
3.1970845242035306e-09
3.234049096231817e-09
3.160442610741776e-09
3.110100935468929e-09
2.90807937626536e-09
3.0352335228522875e-09
3.433212264827845e-09
6.164983020612302e-09
0.00020357749599497765
0.000903369567822665
0.0020539595279842615
0.0017605347093194723
0.0006418321863748133
1.6927173638464632e-09
5.029086522223558e-09
3.605247394025679e-09
3.0056679801299113e-09
2.7908634604723037e-09
2.754071927110746e-09
2.820754914367729e-09
2.888606888407086e-09
2.937224248544812e-09
2.970432927407174e-09
2.991453005446454e-09
2.9999789544904454e-09
2.996159310236779e-09
2.98328375891721e-09
2.9670660459807374e-09
2.9518505695325103e-09
2.9405095979678775e-09
2.9345282714227094e-09
2.9345282714227094e-09
2.9405095979678775e-09
2.9518505695325103e-09
2.9670660459807374e-09
2.98328375891721e-09
2.996159310236779e-09
2.9999789544904454e-09
2.991453005446454e-09
2.970432927407174e-09
2.937224248544812e-09
2.888606888407086e-09
2.820754914367729e-09
2.754071927110746e-09
2.7908634604723037e-09
3.0056679801299113e-09
3.605247394025679e-09
5.029086522223558e-09
1.6927173638464632e-09
0.0006418321863748133
0.0017605347093194723
0.0022753288503736258
0.0007193383644334972
1.0113197172062494e-09
5.198269766026886e-09
3.2023468078679063e-09
2.43056616500148e-09
2.4445016323648705e-09
2.5743714885534397e-09
2.7416938077479136e-09
2.883139907372545e-09
2.9828559327399473e-09
3.041405668979813e-09
3.072446377178073e-09
3.083925259259046e-09
3.081169217336588e-09
3.069227597768398e-09
3.0533156298445663e-09
3.0379720006995514e-09
3.0262790971097298e-09
3.020037995724034e-09
3.020037995724034e-09
3.0262790971097298e-09
3.0379720006995514e-09
3.0533156298445663e-09
3.069227597768398e-09
3.081169217336588e-09
3.083925259259046e-09
3.072446377178073e-09
3.041405668979813e-09
2.9828559327399473e-09
2.883139907372545e-09
2.7416938077479136e-09
2.5743714885534397e-09
2.4445016323648705e-09
2.43056616500148e-09
3.2023468078679063e-09
5.198269766026886e-09
1.0113197172062494e-09
0.0007193383644334972
0.0022753288503736258
0.0026981241535395384
0.0011388431303203106
0.0002192845131503418
4.8674952957128426e-09
2.970353130127279e-09
2.6420616996286617e-09
2.8472270114515696e-09
2.9422111448573762e-09
3.1184031051845196e-09
3.1906608431719885e-09
3.1953226956732417e-09
3.167785261534717e-09
3.1363056682970347e-09
3.108736792295508e-09
3.0822425774873485e-09
3.056259455583299e-09
3.0328443749449985e-09
3.013800146944856e-09
3.0005238745023366e-09
2.993730046849108e-09
2.993730046849108e-09
3.0005238745023366e-09
3.013800146944856e-09
3.0328443749449985e-09
3.056259455583299e-09
3.0822425774873485e-09
3.108736792295508e-09
3.1363056682970347e-09
3.167785261534717e-09
3.1953226956732417e-09
3.1906608431719885e-09
3.1184031051845196e-09
2.9422111448573762e-09
2.8472270114515696e-09
2.6420616996286617e-09
2.970353130127279e-09
4.8674952957128426e-09
0.0002192845131503418
0.0011388431303203106
0.0026981241535395384
0.002853919519111514
0.001532998401671648
0.0008224500343203545
3.559925141130571e-09
4.357960173284603e-09
4.236026893839062e-09
3.2858052216588884e-09
3.771555116827141e-09
3.6476420842146418e-09
3.6585942608802213e-09
3.479409468876149e-09
3.3450596893108697e-09
3.23920469440242e-09
3.1692790752879674e-09
3.114511903587469e-09
3.0698865758488347e-09
3.034561534345781e-09
3.008302157728182e-09
2.9910509832808962e-09
2.9825178785025663e-09
2.9825178785025663e-09
2.9910509832808962e-09
3.008302157728182e-09
3.034561534345781e-09
3.0698865758488347e-09
3.114511903587469e-09
3.1692790752879674e-09
3.23920469440242e-09
3.3450596893108697e-09
3.479409468876149e-09
3.6585942608802213e-09
3.6476420842146418e-09
3.771555116827141e-09
3.2858052216588884e-09
4.236026893839062e-09
4.357960173284603e-09
3.559925141130571e-09
0.0008224500343203545
0.001532998401671648
0.002853919519111514
0.0028724658768624067
0.00180132407695055
0.0012758671073243022
0.0016988336574286222
3.455563526294503e-09
5.415396863578392e-09
5.404388308399843e-09
4.581128879022067e-09
4.4765497732301984e-09
4.114781432251746e-09
3.786016639084622e-09
3.504130362610991e-09
3.3364207664005052e-09
3.2307442311696466e-09
3.1515126879683164e-09
3.0909205316759225e-09
3.044624882070357e-09
3.011537417010879e-09
2.990294427004936e-09
2.979968919195053e-09
2.979968919195053e-09
2.990294427004936e-09
3.011537417010879e-09
3.044624882070357e-09
3.0909205316759225e-09
3.1515126879683164e-09
3.2307442311696466e-09
3.3364207664005052e-09
3.504130362610991e-09
3.786016639084622e-09
4.114781432251746e-09
4.4765497732301984e-09
4.581128879022067e-09
5.404388308399843e-09
5.415396863578392e-09
3.455563526294503e-09
0.0016988336574286222
0.0012758671073243022
0.00180132407695055
0.0028724658768624067
0.002901933854445815
0.0019388117361813784
0.0013803046895191073
0.0010663914727047086
0.0013441682094708085
4.722296772369239e-09
7.352288916573357e-09
5.079146738612428e-09
5.22116811590978e-09
4.384587744959978e-09
4.007485749496498e-09
3.5961841143850037e-09
3.3960232629498543e-09
3.2687140754522614e-09
3.174841899794556e-09
3.1051396263276354e-09
3.052257665364655e-09
3.0151328482552753e-09
2.9914532222868884e-09
2.980033971325402e-09
2.980033971325402e-09
2.9914532222868884e-09
3.0151328482552753e-09
3.052257665364655e-09
3.1051396263276354e-09
3.174841899794556e-09
3.2687140754522614e-09
3.3960232629498543e-09
3.5961841143850037e-09
4.007485749496498e-09
4.384587744959978e-09
5.22116811590978e-09
5.079146738612428e-09
7.352288916573357e-09
4.722296772369239e-09
0.0013441682094708085
0.0010663914727047086
0.0013803046895191073
0.0019388117361813784
0.002901933854445815
0.002901933854445815
0.0019388117361813784
0.0013803046895191073
0.0010663914727047086
0.0013441682094708085
4.722296772369239e-09
7.352288916573357e-09
5.079146738612428e-09
5.22116811590978e-09
4.384587744959978e-09
4.007485749496498e-09
3.5961841143850037e-09
3.3960232629498543e-09
3.2687140754522614e-09
3.174841899794556e-09
3.1051396263276354e-09
3.052257665364655e-09
3.0151328482552753e-09
2.9914532222868884e-09
2.980033971325402e-09
2.980033971325402e-09
2.9914532222868884e-09
3.0151328482552753e-09
3.052257665364655e-09
3.1051396263276354e-09
3.174841899794556e-09
3.2687140754522614e-09
3.3960232629498543e-09
3.5961841143850037e-09
4.007485749496498e-09
4.384587744959978e-09
5.22116811590978e-09
5.079146738612428e-09
7.352288916573357e-09
4.722296772369239e-09
0.0013441682094708085
0.0010663914727047086
0.0013803046895191073
0.0019388117361813784
0.002901933854445815
0.0028724658768624067
0.00180132407695055
0.0012758671073243022
0.0016988336574286222
3.455563526294503e-09
5.415396863578392e-09
5.404388308399843e-09
4.581128879022067e-09
4.4765497732301984e-09
4.114781432251746e-09
3.786016639084622e-09
3.504130362610991e-09
3.3364207664005052e-09
3.2307442311696466e-09
3.1515126879683164e-09
3.0909205316759225e-09
3.044624882070357e-09
3.011537417010879e-09
2.990294427004936e-09
2.979968919195053e-09
2.979968919195053e-09
2.990294427004936e-09
3.011537417010879e-09
3.044624882070357e-09
3.0909205316759225e-09
3.1515126879683164e-09
3.2307442311696466e-09
3.3364207664005052e-09
3.504130362610991e-09
3.786016639084622e-09
4.114781432251746e-09
4.4765497732301984e-09
4.581128879022067e-09
5.404388308399843e-09
5.415396863578392e-09
3.455563526294503e-09
0.0016988336574286222
0.0012758671073243022
0.00180132407695055
0.0028724658768624067
0.002853919519111514
0.001532998401671648
0.0008224500343203545
3.559925141130571e-09
4.357960173284603e-09
4.236026893839062e-09
3.2858052216588884e-09
3.771555116827141e-09
3.6476420842146418e-09
3.6585942608802213e-09
3.479409468876149e-09
3.3450596893108697e-09
3.23920469440242e-09
3.1692790752879674e-09
3.114511903587469e-09
3.0698865758488347e-09
3.034561534345781e-09
3.008302157728182e-09
2.9910509832808962e-09
2.9825178785025663e-09
2.9825178785025663e-09
2.9910509832808962e-09
3.008302157728182e-09
3.034561534345781e-09
3.0698865758488347e-09
3.114511903587469e-09
3.1692790752879674e-09
3.23920469440242e-09
3.3450596893108697e-09
3.479409468876149e-09
3.6585942608802213e-09
3.6476420842146418e-09
3.771555116827141e-09
3.2858052216588884e-09
4.236026893839062e-09
4.357960173284603e-09
3.559925141130571e-09
0.0008224500343203545
0.001532998401671648
0.002853919519111514
0.0026981241535395384
0.0011388431303203106
0.0002192845131503418
4.8674952957128426e-09
2.970353130127279e-09
2.6420616996286617e-09
2.8472270114515696e-09
2.9422111448573762e-09
3.1184031051845196e-09
3.1906608431719885e-09
3.1953226956732417e-09
3.167785261534717e-09
3.1363056682970347e-09
3.108736792295508e-09
3.0822425774873485e-09
3.056259455583299e-09
3.0328443749449985e-09
3.013800146944856e-09
3.0005238745023366e-09
2.993730046849108e-09
2.993730046849108e-09
3.0005238745023366e-09
3.013800146944856e-09
3.0328443749449985e-09
3.056259455583299e-09
3.0822425774873485e-09
3.108736792295508e-09
3.1363056682970347e-09
3.167785261534717e-09
3.1953226956732417e-09
3.1906608431719885e-09
3.1184031051845196e-09
2.9422111448573762e-09
2.8472270114515696e-09
2.6420616996286617e-09
2.970353130127279e-09
4.8674952957128426e-09
0.0002192845131503418
0.0011388431303203106
0.0026981241535395384
0.0022753288503736258
0.0007193383644334972
1.0113197172062494e-09
5.198269766026886e-09
3.2023468078679063e-09
2.43056616500148e-09
2.4445016323648705e-09
2.5743714885534397e-09
2.7416938077479136e-09
2.883139907372545e-09
2.9828559327399473e-09
3.041405668979813e-09
3.072446377178073e-09
3.083925259259046e-09
3.081169217336588e-09
3.069227597768398e-09
3.0533156298445663e-09
3.0379720006995514e-09
3.0262790971097298e-09
3.020037995724034e-09
3.020037995724034e-09
3.0262790971097298e-09
3.0379720006995514e-09
3.0533156298445663e-09
3.069227597768398e-09
3.081169217336588e-09
3.083925259259046e-09
3.072446377178073e-09
3.041405668979813e-09
2.9828559327399473e-09
2.883139907372545e-09
2.7416938077479136e-09
2.5743714885534397e-09
2.4445016323648705e-09
2.43056616500148e-09
3.2023468078679063e-09
5.198269766026886e-09
1.0113197172062494e-09
0.0007193383644334972
0.0022753288503736258
0.0033207605592906475
0.0009731954196467996
8.79581639310345e-05
2.920869058772868e-09
1.855110466283949e-09
1.86503807189653e-09
2.093156377391825e-09
2.3914667988955696e-09
2.6664718610208693e-09
2.884535709249403e-09
3.0310571760838734e-09
3.117054574522382e-09
3.158151257870445e-09
3.1707804784564253e-09
3.1658117967403587e-09
3.1512986664594678e-09
3.133295055704477e-09
3.1163429042163626e-09
3.103536741835833e-09
3.096713640723947e-09
3.096713640723947e-09
3.103536741835833e-09
3.1163429042163626e-09
3.133295055704477e-09
3.1512986664594678e-09
3.1658117967403587e-09
3.1707804784564253e-09
3.158151257870445e-09
3.117054574522382e-09
3.0310571760838734e-09
2.884535709249403e-09
2.6664718610208693e-09
2.3914667988955696e-09
2.093156377391825e-09
1.86503807189653e-09
1.855110466283949e-09
2.920869058772868e-09
8.79581639310345e-05
0.0009731954196467996
0.0033207605592906475
0.003844933118671179
0.0015218621119856834
0.0001807374064810574
3.1188023084244287e-09
1.909384542836401e-09
2.1997297646597636e-09
2.4475469394269478e-09
2.790866279397952e-09
3.006640509478631e-09
3.1337673341708117e-09
3.1862661380860358e-09
3.1940060405549753e-09
3.183632827849503e-09
3.1652100645346293e-09
3.143580881714847e-09
3.1207807605487803e-09
3.0992229182319475e-09
3.0812004423591555e-09
3.0683487434873813e-09
3.0616917421483203e-09
3.0616917421483203e-09
3.0683487434873813e-09
3.0812004423591555e-09
3.0992229182319475e-09
3.1207807605487803e-09
3.143580881714847e-09
3.1652100645346293e-09
3.183632827849503e-09
3.1940060405549753e-09
3.1862661380860358e-09
3.1337673341708117e-09
3.006640509478631e-09
2.790866279397952e-09
2.4475469394269478e-09
2.1997297646597636e-09
1.909384542836401e-09
3.1188023084244287e-09
0.0001807374064810574
0.0015218621119856834
0.003844933118671179
0.0038083491381257772
0.0019331540679559112
0.0005773609736934304
1.8456213120299214e-09
3.2758155996820415e-09
2.4631321288159924e-09
3.1728285363602504e-09
3.299437112413983e-09
3.4784128702392003e-09
3.4557619352920677e-09
3.4131148428373503e-09
3.3294916303161504e-09
3.2606495628528798e-09
3.20435670185526e-09
3.159963610221972e-09
3.123018770673225e-09
3.092946471855429e-09
3.0700181979925745e-09
3.054566148630311e-09
3.046803694756184e-09
3.046803694756184e-09
3.054566148630311e-09
3.0700181979925745e-09
3.092946471855429e-09
3.123018770673225e-09
3.159963610221972e-09
3.20435670185526e-09
3.2606495628528798e-09
3.3294916303161504e-09
3.4131148428373503e-09
3.4557619352920677e-09
3.4784128702392003e-09
3.299437112413983e-09
3.1728285363602504e-09
2.4631321288159924e-09
3.2758155996820415e-09
1.8456213120299214e-09
0.0005773609736934304
0.0019331540679559112
0.0038083491381257772
0.0039764768444001675
0.002397641772404313
0.0012268434511497617
0.00047640115371905267
3.994065928686341e-09
4.3937414470618386e-09
4.015459405953825e-09
4.1259782049274385e-09
3.958036155771172e-09
3.828026871183221e-09
3.6374677141876033e-09
3.474297889313749e-09
3.343872921612867e-09
3.2534558814384384e-09
3.1873592307163356e-09
3.1362781295618536e-09
3.097227118872836e-09
3.068705446002129e-09
3.0500994525201053e-09
3.0409138748743736e-09
3.0409138748743736e-09
3.0500994525201053e-09
3.068705446002129e-09
3.097227118872836e-09
3.1362781295618536e-09
3.1873592307163356e-09
3.2534558814384384e-09
3.343872921612867e-09
3.474297889313749e-09
3.6374677141876033e-09
3.828026871183221e-09
3.958036155771172e-09
4.1259782049274385e-09
4.015459405953825e-09
4.3937414470618386e-09
3.994065928686341e-09
0.00047640115371905267
0.0012268434511497617
0.002397641772404313
0.0039764768444001675
0.0040460978634655476
0.0027161112520843744
0.0015899486606940627
0.0007907059043645859
3.23575519677044e-09
6.346668416506995e-09
4.633102495404939e-09
4.867520882884113e-09
4.238508849452316e-09
4.098766031440659e-09
3.769474316017707e-09
3.5676138692569692e-09
3.3942007190979062e-09
3.284762002328523e-09
3.2057607436686286e-09
3.146273606230432e-09
3.1018341107441616e-09
3.069856218188005e-09
3.0492817472416167e-09
3.0391904271009906e-09
3.0391904271009906e-09
3.0492817472416167e-09
3.069856218188005e-09
3.1018341107441616e-09
3.146273606230432e-09
3.2057607436686286e-09
3.284762002328523e-09
3.3942007190979062e-09
3.5676138692569692e-09
3.769474316017707e-09
4.098766031440659e-09
4.238508849452316e-09
4.867520882884113e-09
4.633102495404939e-09
6.346668416506995e-09
3.23575519677044e-09
0.0007907059043645859
0.0015899486606940627
0.0027161112520843744
0.0040460978634655476
0.0040460978634655476
0.0027161112520843744
0.0015899486606940627
0.0007907059043645859
3.23575519677044e-09
6.346668416506995e-09
4.633102495404939e-09
4.867520882884113e-09
4.238508849452316e-09
4.098766031440659e-09
3.769474316017707e-09
3.5676138692569692e-09
3.3942007190979062e-09
3.284762002328523e-09
3.2057607436686286e-09
3.146273606230432e-09
3.1018341107441616e-09
3.069856218188005e-09
3.0492817472416167e-09
3.0391904271009906e-09
3.0391904271009906e-09
3.0492817472416167e-09
3.069856218188005e-09
3.1018341107441616e-09
3.146273606230432e-09
3.2057607436686286e-09
3.284762002328523e-09
3.3942007190979062e-09
3.5676138692569692e-09
3.769474316017707e-09
4.098766031440659e-09
4.238508849452316e-09
4.867520882884113e-09
4.633102495404939e-09
6.346668416506995e-09
3.23575519677044e-09
0.0007907059043645859
0.0015899486606940627
0.0027161112520843744
0.0040460978634655476
0.0039764768444001675
0.002397641772404313
0.0012268434511497617
0.00047640115371905267
3.994065928686341e-09
4.3937414470618386e-09
4.015459405953825e-09
4.1259782049274385e-09
3.958036155771172e-09
3.828026871183221e-09
3.6374677141876033e-09
3.474297889313749e-09
3.343872921612867e-09
3.2534558814384384e-09
3.1873592307163356e-09
3.1362781295618536e-09
3.097227118872836e-09
3.068705446002129e-09
3.0500994525201053e-09
3.0409138748743736e-09
3.0409138748743736e-09
3.0500994525201053e-09
3.068705446002129e-09
3.097227118872836e-09
3.1362781295618536e-09
3.1873592307163356e-09
3.2534558814384384e-09
3.343872921612867e-09
3.474297889313749e-09
3.6374677141876033e-09
3.828026871183221e-09
3.958036155771172e-09
4.1259782049274385e-09
4.015459405953825e-09
4.3937414470618386e-09
3.994065928686341e-09
0.00047640115371905267
0.0012268434511497617
0.002397641772404313
0.0039764768444001675
0.0038083491381257772
0.0019331540679559112
0.0005773609736934304
1.8456213120299214e-09
3.2758155996820415e-09
2.4631321288159924e-09
3.1728285363602504e-09
3.299437112413983e-09
3.4784128702392003e-09
3.4557619352920677e-09
3.4131148428373503e-09
3.3294916303161504e-09
3.2606495628528798e-09
3.20435670185526e-09
3.159963610221972e-09
3.123018770673225e-09
3.092946471855429e-09
3.0700181979925745e-09
3.054566148630311e-09
3.046803694756184e-09
3.046803694756184e-09
3.054566148630311e-09
3.0700181979925745e-09
3.092946471855429e-09
3.123018770673225e-09
3.159963610221972e-09
3.20435670185526e-09
3.2606495628528798e-09
3.3294916303161504e-09
3.4131148428373503e-09
3.4557619352920677e-09
3.4784128702392003e-09
3.299437112413983e-09
3.1728285363602504e-09
2.4631321288159924e-09
3.2758155996820415e-09
1.8456213120299214e-09
0.0005773609736934304
0.0019331540679559112
0.0038083491381257772
0.003844933118671179
0.0015218621119856834
0.0001807374064810574
3.1188023084244287e-09
1.909384542836401e-09
2.1997297646597636e-09
2.4475469394269478e-09
2.790866279397952e-09
3.006640509478631e-09
3.1337673341708117e-09
3.1862661380860358e-09
3.1940060405549753e-09
3.183632827849503e-09
3.1652100645346293e-09
3.143580881714847e-09
3.1207807605487803e-09
3.0992229182319475e-09
3.0812004423591555e-09
3.0683487434873813e-09
3.0616917421483203e-09
3.0616917421483203e-09
3.0683487434873813e-09
3.0812004423591555e-09
3.0992229182319475e-09
3.1207807605487803e-09
3.143580881714847e-09
3.1652100645346293e-09
3.183632827849503e-09
3.1940060405549753e-09
3.1862661380860358e-09
3.1337673341708117e-09
3.006640509478631e-09
2.790866279397952e-09
2.4475469394269478e-09
2.1997297646597636e-09
1.909384542836401e-09
3.1188023084244287e-09
0.0001807374064810574
0.0015218621119856834
0.003844933118671179
0.0033207605592906475
0.0009731954196467996
8.79581639310345e-05
2.920869058772868e-09
1.855110466283949e-09
1.86503807189653e-09
2.093156377391825e-09
2.3914667988955696e-09
2.6664718610208693e-09
2.884535709249403e-09
3.0310571760838734e-09
3.117054574522382e-09
3.158151257870445e-09
3.1707804784564253e-09
3.1658117967403587e-09
3.1512986664594678e-09
3.133295055704477e-09
3.1163429042163626e-09
3.103536741835833e-09
3.096713640723947e-09
3.096713640723947e-09
3.103536741835833e-09
3.1163429042163626e-09
3.133295055704477e-09
3.1512986664594678e-09
3.1658117967403587e-09
3.1707804784564253e-09
3.158151257870445e-09
3.117054574522382e-09
3.0310571760838734e-09
2.884535709249403e-09
2.6664718610208693e-09
2.3914667988955696e-09
2.093156377391825e-09
1.86503807189653e-09
1.855110466283949e-09
2.920869058772868e-09
8.79581639310345e-05
0.0009731954196467996
0.0033207605592906475
0.005110784433782101
0.0012059195432811975
0.0001249900524271652
8.957976504672671e-10
9.958609457905165e-10
1.423173428063973e-09
1.846061281271516e-09
2.2780516622383784e-09
2.6563723009437323e-09
2.9382351586504374e-09
3.122041253994512e-09
3.2222891889477356e-09
3.2649080921459683e-09
3.2713038007614603e-09
3.258061138586288e-09
3.235851040242488e-09
3.2117316618729408e-09
3.190317801604614e-09
3.1745934006566223e-09
3.166323540165772e-09
3.166323540165772e-09
3.1745934006566223e-09
3.190317801604614e-09
3.2117316618729408e-09
3.235851040242488e-09
3.258061138586288e-09
3.2713038007614603e-09
3.2649080921459683e-09
3.2222891889477356e-09
3.122041253994512e-09
2.9382351586504374e-09
2.6563723009437323e-09
2.2780516622383784e-09
1.846061281271516e-09
1.423173428063973e-09
9.958609457905165e-10
8.957976504672671e-10
0.0001249900524271652
0.0012059195432811975
0.005110784433782101
0.004629210103303194
0.0010900029446929693
0.00022458280727732927
1.2156341471641907e-09
1.1728492526133505e-09
1.7570576070491395e-09
2.2143569530092e-09
2.6210637393137004e-09
2.9116119237837523e-09
3.0946697027883774e-09
3.191956247927674e-09
3.2342082571107378e-09
3.240988423816593e-09
3.229958835115898e-09
3.2098527395080234e-09
3.1867154314663138e-09
3.16423319837722e-09
3.1451781283553526e-09
3.1314796675868672e-09
3.124342364685395e-09
3.124342364685395e-09
3.1314796675868672e-09
3.1451781283553526e-09
3.16423319837722e-09
3.1867154314663138e-09
3.2098527395080234e-09
3.229958835115898e-09
3.240988423816593e-09
3.2342082571107378e-09
3.191956247927674e-09
3.0946697027883774e-09
2.9116119237837523e-09
2.6210637393137004e-09
2.2143569530092e-09
1.7570576070491395e-09
1.1728492526133505e-09
1.2156341471641907e-09
0.00022458280727732927
0.0010900029446929693
0.004629210103303194
0.005226536188274622
0.0014533094363287091
0.0003826562315225601
1.6612332169596566e-09
2.954143657127317e-09
2.1890553605907748e-09
2.750159041470246e-09
3.139128930754187e-09
3.3069183242445677e-09
3.3965048655548724e-09
3.3932127940783374e-09
3.3607400716506586e-09
3.311079058501698e-09
3.2632609722055284e-09
3.2201416012844764e-09
3.1833691498811545e-09
3.1530153921793813e-09
3.129636523893642e-09
3.11373322958719e-09
3.105686064222568e-09
3.105686064222568e-09
3.11373322958719e-09
3.129636523893642e-09
3.1530153921793813e-09
3.1833691498811545e-09
3.2201416012844764e-09
3.2632609722055284e-09
3.311079058501698e-09
3.3607400716506586e-09
3.3932127940783374e-09
3.3965048655548724e-09
3.3069183242445677e-09
3.139128930754187e-09
2.750159041470246e-09
2.1890553605907748e-09
2.954143657127317e-09
1.6612332169596566e-09
0.0003826562315225601
0.0014533094363287091
0.005226536188274622
0.005766761023551226
0.0018398505635559559
0.0006969161913730204
1.9339735975870687e-09
4.640928700366809e-09
2.902874121635257e-09
3.586519102538599e-09
3.676040808558989e-09
3.750662974644214e-09
3.687938843199845e-09
3.6040740704346153e-09
3.492657552062184e-09
3.3936258751060544e-09
3.309734647807816e-09
3.2443932523190666e-09
3.193380455901451e-09
3.1542273133677856e-09
3.1255883298220155e-09
3.106753352841163e-09
3.0974118669230277e-09
3.0974118669230277e-09
3.106753352841163e-09
3.1255883298220155e-09
3.1542273133677856e-09
3.193380455901451e-09
3.2443932523190666e-09
3.309734647807816e-09
3.3936258751060544e-09
3.492657552062184e-09
3.6040740704346153e-09
3.687938843199845e-09
3.750662974644214e-09
3.676040808558989e-09
3.586519102538599e-09
2.902874121635257e-09
4.640928700366809e-09
1.9339735975870687e-09
0.0006969161913730204
0.0018398505635559559
0.005766761023551226
0.006117019336670637
0.002052644733339548
0.001025028177537024
0.0009926657658070326
3.536305146281671e-09
3.7341223863007755e-09
4.308970281280411e-09
4.011716740054405e-09
4.072486271822218e-09
3.860386402904092e-09
3.741685780656034e-09
3.5731927399557106e-09
3.447232516801124e-09
3.3405854037854565e-09
3.2621472797339512e-09
3.2023368332079194e-09
3.1576642342545647e-09
3.125637769441081e-09
3.1048648894971276e-09
3.0946545239579626e-09
3.0946545239579626e-09
3.1048648894971276e-09
3.125637769441081e-09
3.1576642342545647e-09
3.2023368332079194e-09
3.2621472797339512e-09
3.3405854037854565e-09
3.447232516801124e-09
3.5731927399557106e-09
3.741685780656034e-09
3.860386402904092e-09
4.072486271822218e-09
4.011716740054405e-09
4.308970281280411e-09
3.7341223863007755e-09
3.536305146281671e-09
0.0009926657658070326
0.001025028177537024
0.002052644733339548
0.006117019336670637
0.006117019336670637
0.002052644733339548
0.001025028177537024
0.0009926657658070326
3.536305146281671e-09
3.7341223863007755e-09
4.308970281280411e-09
4.011716740054405e-09
4.072486271822218e-09
3.860386402904092e-09
3.741685780656034e-09
3.5731927399557106e-09
3.447232516801124e-09
3.3405854037854565e-09
3.2621472797339512e-09
3.2023368332079194e-09
3.1576642342545647e-09
3.125637769441081e-09
3.1048648894971276e-09
3.0946545239579626e-09
3.0946545239579626e-09
3.1048648894971276e-09
3.125637769441081e-09
3.1576642342545647e-09
3.2023368332079194e-09
3.2621472797339512e-09
3.3405854037854565e-09
3.447232516801124e-09
3.5731927399557106e-09
3.741685780656034e-09
3.860386402904092e-09
4.072486271822218e-09
4.011716740054405e-09
4.308970281280411e-09
3.7341223863007755e-09
3.536305146281671e-09
0.0009926657658070326
0.001025028177537024
0.002052644733339548
0.006117019336670637
0.005766761023551226
0.0018398505635559559
0.0006969161913730204
1.9339735975870687e-09
4.640928700366809e-09
2.902874121635257e-09
3.586519102538599e-09
3.676040808558989e-09
3.750662974644214e-09
3.687938843199845e-09
3.6040740704346153e-09
3.492657552062184e-09
3.3936258751060544e-09
3.309734647807816e-09
3.2443932523190666e-09
3.193380455901451e-09
3.1542273133677856e-09
3.1255883298220155e-09
3.106753352841163e-09
3.0974118669230277e-09
3.0974118669230277e-09
3.106753352841163e-09
3.1255883298220155e-09
3.1542273133677856e-09
3.193380455901451e-09
3.2443932523190666e-09
3.309734647807816e-09
3.3936258751060544e-09
3.492657552062184e-09
3.6040740704346153e-09
3.687938843199845e-09
3.750662974644214e-09
3.676040808558989e-09
3.586519102538599e-09
2.902874121635257e-09
4.640928700366809e-09
1.9339735975870687e-09
0.0006969161913730204
0.0018398505635559559
0.005766761023551226
0.005226536188274622
0.0014533094363287091
0.0003826562315225601
1.6612332169596566e-09
2.954143657127317e-09
2.1890553605907748e-09
2.750159041470246e-09
3.139128930754187e-09
3.3069183242445677e-09
3.3965048655548724e-09
3.3932127940783374e-09
3.3607400716506586e-09
3.311079058501698e-09
3.2632609722055284e-09
3.2201416012844764e-09
3.1833691498811545e-09
3.1530153921793813e-09
3.129636523893642e-09
3.11373322958719e-09
3.105686064222568e-09
3.105686064222568e-09
3.11373322958719e-09
3.129636523893642e-09
3.1530153921793813e-09
3.1833691498811545e-09
3.2201416012844764e-09
3.2632609722055284e-09
3.311079058501698e-09
3.3607400716506586e-09
3.3932127940783374e-09
3.3965048655548724e-09
3.3069183242445677e-09
3.139128930754187e-09
2.750159041470246e-09
2.1890553605907748e-09
2.954143657127317e-09
1.6612332169596566e-09
0.0003826562315225601
0.0014533094363287091
0.005226536188274622
0.004629210103303194
0.0010900029446929693
0.00022458280727732927
1.2156341471641907e-09
1.1728492526133505e-09
1.7570576070491395e-09
2.2143569530092e-09
2.6210637393137004e-09
2.9116119237837523e-09
3.0946697027883774e-09
3.191956247927674e-09
3.2342082571107378e-09
3.240988423816593e-09
3.229958835115898e-09
3.2098527395080234e-09
3.1867154314663138e-09
3.16423319837722e-09
3.1451781283553526e-09
3.1314796675868672e-09
3.124342364685395e-09
3.124342364685395e-09
3.1314796675868672e-09
3.1451781283553526e-09
3.16423319837722e-09
3.1867154314663138e-09
3.2098527395080234e-09
3.229958835115898e-09
3.240988423816593e-09
3.2342082571107378e-09
3.191956247927674e-09
3.0946697027883774e-09
2.9116119237837523e-09
2.6210637393137004e-09
2.2143569530092e-09
1.7570576070491395e-09
1.1728492526133505e-09
1.2156341471641907e-09
0.00022458280727732927
0.0010900029446929693
0.004629210103303194
0.005110784433782101
0.0012059195432811975
0.0001249900524271652
8.957976504672671e-10
9.958609457905165e-10
1.423173428063973e-09
1.846061281271516e-09
2.2780516622383784e-09
2.6563723009437323e-09
2.9382351586504374e-09
3.122041253994512e-09
3.2222891889477356e-09
3.2649080921459683e-09
3.2713038007614603e-09
3.258061138586288e-09
3.235851040242488e-09
3.2117316618729408e-09
3.190317801604614e-09
3.1745934006566223e-09
3.166323540165772e-09
3.166323540165772e-09
3.1745934006566223e-09
3.190317801604614e-09
3.2117316618729408e-09
3.235851040242488e-09
3.258061138586288e-09
3.2713038007614603e-09
3.2649080921459683e-09
3.2222891889477356e-09
3.122041253994512e-09
2.9382351586504374e-09
2.6563723009437323e-09
2.2780516622383784e-09
1.846061281271516e-09
1.423173428063973e-09
9.958609457905165e-10
8.957976504672671e-10
0.0001249900524271652
0.0012059195432811975
0.005110784433782101
